# https://github.com/mikedh/trimesh
v 1.98000000 0.00000000 -1.40000000
v 1.95588457 0.00000000 -1.31000000
v 1.89000000 0.00000000 -1.24411543
v 1.80000000 0.00000000 -1.22000000
v 1.71000000 0.00000000 -1.24411543
v 1.64411543 0.00000000 -1.31000000
v 1.62000000 0.00000000 -1.40000000
v 1.64411543 0.00000000 -1.49000000
v 1.71000000 0.00000000 -1.55588457
v 1.80000000 0.00000000 -1.58000000
v 1.89000000 0.00000000 -1.55588457
v 1.95588457 0.00000000 -1.49000000
v 1.94991935 0.34382339 -1.40000000
v 1.92617029 0.33963579 -1.31000000
v 1.86128665 0.32819506 -1.24411543
v 1.77265396 0.31256672 -1.22000000
v 1.68402126 0.29693838 -1.24411543
v 1.61913762 0.28549765 -1.31000000
v 1.59538856 0.28131005 -1.40000000
v 1.61913762 0.28549765 -1.49000000
v 1.68402126 0.29693838 -1.55588457
v 1.77265396 0.31256672 -1.58000000
v 1.86128665 0.32819506 -1.55588457
v 1.92617029 0.33963579 -1.49000000
v 1.86059139 0.67719988 -1.40000000
v 1.83793030 0.66895192 -1.31000000
v 1.77601905 0.64641807 -1.24411543
v 1.69144672 0.61563626 -1.22000000
v 1.60687438 0.58485445 -1.24411543
v 1.54496313 0.56232059 -1.31000000
v 1.52230205 0.55407263 -1.40000000
v 1.54496313 0.56232059 -1.49000000
v 1.60687438 0.58485445 -1.55588457
v 1.69144672 0.61563626 -1.58000000
v 1.77601905 0.64641807 -1.55588457
v 1.83793030 0.66895192 -1.49000000
v 1.71473030 0.99000000 -1.40000000
v 1.69384573 0.97794229 -1.31000000
v 1.63678801 0.94500000 -1.24411543
v 1.55884573 0.90000000 -1.22000000
v 1.48090344 0.85500000 -1.24411543
v 1.42384573 0.82205771 -1.31000000
v 1.40296115 0.81000000 -1.40000000
v 1.42384573 0.82205771 -1.49000000
v 1.48090344 0.85500000 -1.55588457
v 1.55884573 0.90000000 -1.58000000
v 1.63678801 0.94500000 -1.55588457
v 1.69384573 0.97794229 -1.49000000
v 1.51676800 1.27271947 -1.40000000
v 1.49829451 1.25721837 -1.31000000
v 1.44782400 1.21486858 -1.24411543
v 1.37888000 1.15701770 -1.22000000
v 1.30993600 1.09916681 -1.24411543
v 1.25946549 1.05681703 -1.31000000
v 1.24099200 1.04131593 -1.40000000
v 1.25946549 1.05681703 -1.49000000
v 1.30993600 1.09916681 -1.55588457
v 1.37888000 1.15701770 -1.58000000
v 1.44782400 1.21486858 -1.55588457
v 1.49829451 1.25721837 -1.49000000
v 1.27271947 1.51676800 -1.40000000
v 1.25721837 1.49829451 -1.31000000
v 1.21486858 1.44782400 -1.24411543
v 1.15701770 1.37888000 -1.22000000
v 1.09916681 1.30993600 -1.24411543
v 1.05681703 1.25946549 -1.31000000
v 1.04131593 1.24099200 -1.40000000
v 1.05681703 1.25946549 -1.49000000
v 1.09916681 1.30993600 -1.55588457
v 1.15701770 1.37888000 -1.58000000
v 1.21486858 1.44782400 -1.55588457
v 1.25721837 1.49829451 -1.49000000
v 0.99000000 1.71473030 -1.40000000
v 0.97794229 1.69384573 -1.31000000
v 0.94500000 1.63678801 -1.24411543
v 0.90000000 1.55884573 -1.22000000
v 0.85500000 1.48090344 -1.24411543
v 0.82205771 1.42384573 -1.31000000
v 0.81000000 1.40296115 -1.40000000
v 0.82205771 1.42384573 -1.49000000
v 0.85500000 1.48090344 -1.55588457
v 0.90000000 1.55884573 -1.58000000
v 0.94500000 1.63678801 -1.55588457
v 0.97794229 1.69384573 -1.49000000
v 0.67719988 1.86059139 -1.40000000
v 0.66895192 1.83793030 -1.31000000
v 0.64641807 1.77601905 -1.24411543
v 0.61563626 1.69144672 -1.22000000
v 0.58485445 1.60687438 -1.24411543
v 0.56232059 1.54496313 -1.31000000
v 0.55407263 1.52230205 -1.40000000
v 0.56232059 1.54496313 -1.49000000
v 0.58485445 1.60687438 -1.55588457
v 0.61563626 1.69144672 -1.58000000
v 0.64641807 1.77601905 -1.55588457
v 0.66895192 1.83793030 -1.49000000
v 0.34382339 1.94991935 -1.40000000
v 0.33963579 1.92617029 -1.31000000
v 0.32819506 1.86128665 -1.24411543
v 0.31256672 1.77265396 -1.22000000
v 0.29693838 1.68402126 -1.24411543
v 0.28549765 1.61913762 -1.31000000
v 0.28131005 1.59538856 -1.40000000
v 0.28549765 1.61913762 -1.49000000
v 0.29693838 1.68402126 -1.55588457
v 0.31256672 1.77265396 -1.58000000
v 0.32819506 1.86128665 -1.55588457
v 0.33963579 1.92617029 -1.49000000
v 0.00000000 1.98000000 -1.40000000
v 0.00000000 1.95588457 -1.31000000
v 0.00000000 1.89000000 -1.24411543
v 0.00000000 1.80000000 -1.22000000
v 0.00000000 1.71000000 -1.24411543
v 0.00000000 1.64411543 -1.31000000
v 0.00000000 1.62000000 -1.40000000
v 0.00000000 1.64411543 -1.49000000
v 0.00000000 1.71000000 -1.55588457
v 0.00000000 1.80000000 -1.58000000
v 0.00000000 1.89000000 -1.55588457
v 0.00000000 1.95588457 -1.49000000
v -0.34382339 1.94991935 -1.40000000
v -0.33963579 1.92617029 -1.31000000
v -0.32819506 1.86128665 -1.24411543
v -0.31256672 1.77265396 -1.22000000
v -0.29693838 1.68402126 -1.24411543
v -0.28549765 1.61913762 -1.31000000
v -0.28131005 1.59538856 -1.40000000
v -0.28549765 1.61913762 -1.49000000
v -0.29693838 1.68402126 -1.55588457
v -0.31256672 1.77265396 -1.58000000
v -0.32819506 1.86128665 -1.55588457
v -0.33963579 1.92617029 -1.49000000
v -0.67719988 1.86059139 -1.40000000
v -0.66895192 1.83793030 -1.31000000
v -0.64641807 1.77601905 -1.24411543
v -0.61563626 1.69144672 -1.22000000
v -0.58485445 1.60687438 -1.24411543
v -0.56232059 1.54496313 -1.31000000
v -0.55407263 1.52230205 -1.40000000
v -0.56232059 1.54496313 -1.49000000
v -0.58485445 1.60687438 -1.55588457
v -0.61563626 1.69144672 -1.58000000
v -0.64641807 1.77601905 -1.55588457
v -0.66895192 1.83793030 -1.49000000
v -0.99000000 1.71473030 -1.40000000
v -0.97794229 1.69384573 -1.31000000
v -0.94500000 1.63678801 -1.24411543
v -0.90000000 1.55884573 -1.22000000
v -0.85500000 1.48090344 -1.24411543
v -0.82205771 1.42384573 -1.31000000
v -0.81000000 1.40296115 -1.40000000
v -0.82205771 1.42384573 -1.49000000
v -0.85500000 1.48090344 -1.55588457
v -0.90000000 1.55884573 -1.58000000
v -0.94500000 1.63678801 -1.55588457
v -0.97794229 1.69384573 -1.49000000
v -1.27271947 1.51676800 -1.40000000
v -1.25721837 1.49829451 -1.31000000
v -1.21486858 1.44782400 -1.24411543
v -1.15701770 1.37888000 -1.22000000
v -1.09916681 1.30993600 -1.24411543
v -1.05681703 1.25946549 -1.31000000
v -1.04131593 1.24099200 -1.40000000
v -1.05681703 1.25946549 -1.49000000
v -1.09916681 1.30993600 -1.55588457
v -1.15701770 1.37888000 -1.58000000
v -1.21486858 1.44782400 -1.55588457
v -1.25721837 1.49829451 -1.49000000
v -1.51676800 1.27271947 -1.40000000
v -1.49829451 1.25721837 -1.31000000
v -1.44782400 1.21486858 -1.24411543
v -1.37888000 1.15701770 -1.22000000
v -1.30993600 1.09916681 -1.24411543
v -1.25946549 1.05681703 -1.31000000
v -1.24099200 1.04131593 -1.40000000
v -1.25946549 1.05681703 -1.49000000
v -1.30993600 1.09916681 -1.55588457
v -1.37888000 1.15701770 -1.58000000
v -1.44782400 1.21486858 -1.55588457
v -1.49829451 1.25721837 -1.49000000
v -1.71473030 0.99000000 -1.40000000
v -1.69384573 0.97794229 -1.31000000
v -1.63678801 0.94500000 -1.24411543
v -1.55884573 0.90000000 -1.22000000
v -1.48090344 0.85500000 -1.24411543
v -1.42384573 0.82205771 -1.31000000
v -1.40296115 0.81000000 -1.40000000
v -1.42384573 0.82205771 -1.49000000
v -1.48090344 0.85500000 -1.55588457
v -1.55884573 0.90000000 -1.58000000
v -1.63678801 0.94500000 -1.55588457
v -1.69384573 0.97794229 -1.49000000
v -1.86059139 0.67719988 -1.40000000
v -1.83793030 0.66895192 -1.31000000
v -1.77601905 0.64641807 -1.24411543
v -1.69144672 0.61563626 -1.22000000
v -1.60687438 0.58485445 -1.24411543
v -1.54496313 0.56232059 -1.31000000
v -1.52230205 0.55407263 -1.40000000
v -1.54496313 0.56232059 -1.49000000
v -1.60687438 0.58485445 -1.55588457
v -1.69144672 0.61563626 -1.58000000
v -1.77601905 0.64641807 -1.55588457
v -1.83793030 0.66895192 -1.49000000
v -1.94991935 0.34382339 -1.40000000
v -1.92617029 0.33963579 -1.31000000
v -1.86128665 0.32819506 -1.24411543
v -1.77265396 0.31256672 -1.22000000
v -1.68402126 0.29693838 -1.24411543
v -1.61913762 0.28549765 -1.31000000
v -1.59538856 0.28131005 -1.40000000
v -1.61913762 0.28549765 -1.49000000
v -1.68402126 0.29693838 -1.55588457
v -1.77265396 0.31256672 -1.58000000
v -1.86128665 0.32819506 -1.55588457
v -1.92617029 0.33963579 -1.49000000
v -1.98000000 0.00000000 -1.40000000
v -1.95588457 0.00000000 -1.31000000
v -1.89000000 0.00000000 -1.24411543
v -1.80000000 0.00000000 -1.22000000
v -1.71000000 0.00000000 -1.24411543
v -1.64411543 0.00000000 -1.31000000
v -1.62000000 0.00000000 -1.40000000
v -1.64411543 0.00000000 -1.49000000
v -1.71000000 0.00000000 -1.55588457
v -1.80000000 0.00000000 -1.58000000
v -1.89000000 0.00000000 -1.55588457
v -1.95588457 0.00000000 -1.49000000
v -1.94991935 -0.34382339 -1.40000000
v -1.92617029 -0.33963579 -1.31000000
v -1.86128665 -0.32819506 -1.24411543
v -1.77265396 -0.31256672 -1.22000000
v -1.68402126 -0.29693838 -1.24411543
v -1.61913762 -0.28549765 -1.31000000
v -1.59538856 -0.28131005 -1.40000000
v -1.61913762 -0.28549765 -1.49000000
v -1.68402126 -0.29693838 -1.55588457
v -1.77265396 -0.31256672 -1.58000000
v -1.86128665 -0.32819506 -1.55588457
v -1.92617029 -0.33963579 -1.49000000
v -1.86059139 -0.67719988 -1.40000000
v -1.83793030 -0.66895192 -1.31000000
v -1.77601905 -0.64641807 -1.24411543
v -1.69144672 -0.61563626 -1.22000000
v -1.60687438 -0.58485445 -1.24411543
v -1.54496313 -0.56232059 -1.31000000
v -1.52230205 -0.55407263 -1.40000000
v -1.54496313 -0.56232059 -1.49000000
v -1.60687438 -0.58485445 -1.55588457
v -1.69144672 -0.61563626 -1.58000000
v -1.77601905 -0.64641807 -1.55588457
v -1.83793030 -0.66895192 -1.49000000
v -1.71473030 -0.99000000 -1.40000000
v -1.69384573 -0.97794229 -1.31000000
v -1.63678801 -0.94500000 -1.24411543
v -1.55884573 -0.90000000 -1.22000000
v -1.48090344 -0.85500000 -1.24411543
v -1.42384573 -0.82205771 -1.31000000
v -1.40296115 -0.81000000 -1.40000000
v -1.42384573 -0.82205771 -1.49000000
v -1.48090344 -0.85500000 -1.55588457
v -1.55884573 -0.90000000 -1.58000000
v -1.63678801 -0.94500000 -1.55588457
v -1.69384573 -0.97794229 -1.49000000
v -1.51676800 -1.27271947 -1.40000000
v -1.49829451 -1.25721837 -1.31000000
v -1.44782400 -1.21486858 -1.24411543
v -1.37888000 -1.15701770 -1.22000000
v -1.30993600 -1.09916681 -1.24411543
v -1.25946549 -1.05681703 -1.31000000
v -1.24099200 -1.04131593 -1.40000000
v -1.25946549 -1.05681703 -1.49000000
v -1.30993600 -1.09916681 -1.55588457
v -1.37888000 -1.15701770 -1.58000000
v -1.44782400 -1.21486858 -1.55588457
v -1.49829451 -1.25721837 -1.49000000
v -1.27271947 -1.51676800 -1.40000000
v -1.25721837 -1.49829451 -1.31000000
v -1.21486858 -1.44782400 -1.24411543
v -1.15701770 -1.37888000 -1.22000000
v -1.09916681 -1.30993600 -1.24411543
v -1.05681703 -1.25946549 -1.31000000
v -1.04131593 -1.24099200 -1.40000000
v -1.05681703 -1.25946549 -1.49000000
v -1.09916681 -1.30993600 -1.55588457
v -1.15701770 -1.37888000 -1.58000000
v -1.21486858 -1.44782400 -1.55588457
v -1.25721837 -1.49829451 -1.49000000
v -0.99000000 -1.71473030 -1.40000000
v -0.97794229 -1.69384573 -1.31000000
v -0.94500000 -1.63678801 -1.24411543
v -0.90000000 -1.55884573 -1.22000000
v -0.85500000 -1.48090344 -1.24411543
v -0.82205771 -1.42384573 -1.31000000
v -0.81000000 -1.40296115 -1.40000000
v -0.82205771 -1.42384573 -1.49000000
v -0.85500000 -1.48090344 -1.55588457
v -0.90000000 -1.55884573 -1.58000000
v -0.94500000 -1.63678801 -1.55588457
v -0.97794229 -1.69384573 -1.49000000
v -0.67719988 -1.86059139 -1.40000000
v -0.66895192 -1.83793030 -1.31000000
v -0.64641807 -1.77601905 -1.24411543
v -0.61563626 -1.69144672 -1.22000000
v -0.58485445 -1.60687438 -1.24411543
v -0.56232059 -1.54496313 -1.31000000
v -0.55407263 -1.52230205 -1.40000000
v -0.56232059 -1.54496313 -1.49000000
v -0.58485445 -1.60687438 -1.55588457
v -0.61563626 -1.69144672 -1.58000000
v -0.64641807 -1.77601905 -1.55588457
v -0.66895192 -1.83793030 -1.49000000
v -0.34382339 -1.94991935 -1.40000000
v -0.33963579 -1.92617029 -1.31000000
v -0.32819506 -1.86128665 -1.24411543
v -0.31256672 -1.77265396 -1.22000000
v -0.29693838 -1.68402126 -1.24411543
v -0.28549765 -1.61913762 -1.31000000
v -0.28131005 -1.59538856 -1.40000000
v -0.28549765 -1.61913762 -1.49000000
v -0.29693838 -1.68402126 -1.55588457
v -0.31256672 -1.77265396 -1.58000000
v -0.32819506 -1.86128665 -1.55588457
v -0.33963579 -1.92617029 -1.49000000
v -0.00000000 -1.98000000 -1.40000000
v -0.00000000 -1.95588457 -1.31000000
v -0.00000000 -1.89000000 -1.24411543
v -0.00000000 -1.80000000 -1.22000000
v -0.00000000 -1.71000000 -1.24411543
v -0.00000000 -1.64411543 -1.31000000
v -0.00000000 -1.62000000 -1.40000000
v -0.00000000 -1.64411543 -1.49000000
v -0.00000000 -1.71000000 -1.55588457
v -0.00000000 -1.80000000 -1.58000000
v -0.00000000 -1.89000000 -1.55588457
v -0.00000000 -1.95588457 -1.49000000
v 0.34382339 -1.94991935 -1.40000000
v 0.33963579 -1.92617029 -1.31000000
v 0.32819506 -1.86128665 -1.24411543
v 0.31256672 -1.77265396 -1.22000000
v 0.29693838 -1.68402126 -1.24411543
v 0.28549765 -1.61913762 -1.31000000
v 0.28131005 -1.59538856 -1.40000000
v 0.28549765 -1.61913762 -1.49000000
v 0.29693838 -1.68402126 -1.55588457
v 0.31256672 -1.77265396 -1.58000000
v 0.32819506 -1.86128665 -1.55588457
v 0.33963579 -1.92617029 -1.49000000
v 0.67719988 -1.86059139 -1.40000000
v 0.66895192 -1.83793030 -1.31000000
v 0.64641807 -1.77601905 -1.24411543
v 0.61563626 -1.69144672 -1.22000000
v 0.58485445 -1.60687438 -1.24411543
v 0.56232059 -1.54496313 -1.31000000
v 0.55407263 -1.52230205 -1.40000000
v 0.56232059 -1.54496313 -1.49000000
v 0.58485445 -1.60687438 -1.55588457
v 0.61563626 -1.69144672 -1.58000000
v 0.64641807 -1.77601905 -1.55588457
v 0.66895192 -1.83793030 -1.49000000
v 0.99000000 -1.71473030 -1.40000000
v 0.97794229 -1.69384573 -1.31000000
v 0.94500000 -1.63678801 -1.24411543
v 0.90000000 -1.55884573 -1.22000000
v 0.85500000 -1.48090344 -1.24411543
v 0.82205771 -1.42384573 -1.31000000
v 0.81000000 -1.40296115 -1.40000000
v 0.82205771 -1.42384573 -1.49000000
v 0.85500000 -1.48090344 -1.55588457
v 0.90000000 -1.55884573 -1.58000000
v 0.94500000 -1.63678801 -1.55588457
v 0.97794229 -1.69384573 -1.49000000
v 1.27271947 -1.51676800 -1.40000000
v 1.25721837 -1.49829451 -1.31000000
v 1.21486858 -1.44782400 -1.24411543
v 1.15701770 -1.37888000 -1.22000000
v 1.09916681 -1.30993600 -1.24411543
v 1.05681703 -1.25946549 -1.31000000
v 1.04131593 -1.24099200 -1.40000000
v 1.05681703 -1.25946549 -1.49000000
v 1.09916681 -1.30993600 -1.55588457
v 1.15701770 -1.37888000 -1.58000000
v 1.21486858 -1.44782400 -1.55588457
v 1.25721837 -1.49829451 -1.49000000
v 1.51676800 -1.27271947 -1.40000000
v 1.49829451 -1.25721837 -1.31000000
v 1.44782400 -1.21486858 -1.24411543
v 1.37888000 -1.15701770 -1.22000000
v 1.30993600 -1.09916681 -1.24411543
v 1.25946549 -1.05681703 -1.31000000
v 1.24099200 -1.04131593 -1.40000000
v 1.25946549 -1.05681703 -1.49000000
v 1.30993600 -1.09916681 -1.55588457
v 1.37888000 -1.15701770 -1.58000000
v 1.44782400 -1.21486858 -1.55588457
v 1.49829451 -1.25721837 -1.49000000
v 1.71473030 -0.99000000 -1.40000000
v 1.69384573 -0.97794229 -1.31000000
v 1.63678801 -0.94500000 -1.24411543
v 1.55884573 -0.90000000 -1.22000000
v 1.48090344 -0.85500000 -1.24411543
v 1.42384573 -0.82205771 -1.31000000
v 1.40296115 -0.81000000 -1.40000000
v 1.42384573 -0.82205771 -1.49000000
v 1.48090344 -0.85500000 -1.55588457
v 1.55884573 -0.90000000 -1.58000000
v 1.63678801 -0.94500000 -1.55588457
v 1.69384573 -0.97794229 -1.49000000
v 1.86059139 -0.67719988 -1.40000000
v 1.83793030 -0.66895192 -1.31000000
v 1.77601905 -0.64641807 -1.24411543
v 1.69144672 -0.61563626 -1.22000000
v 1.60687438 -0.58485445 -1.24411543
v 1.54496313 -0.56232059 -1.31000000
v 1.52230205 -0.55407263 -1.40000000
v 1.54496313 -0.56232059 -1.49000000
v 1.60687438 -0.58485445 -1.55588457
v 1.69144672 -0.61563626 -1.58000000
v 1.77601905 -0.64641807 -1.55588457
v 1.83793030 -0.66895192 -1.49000000
v 1.94991935 -0.34382339 -1.40000000
v 1.92617029 -0.33963579 -1.31000000
v 1.86128665 -0.32819506 -1.24411543
v 1.77265396 -0.31256672 -1.22000000
v 1.68402126 -0.29693838 -1.24411543
v 1.61913762 -0.28549765 -1.31000000
v 1.59538856 -0.28131005 -1.40000000
v 1.61913762 -0.28549765 -1.49000000
v 1.68402126 -0.29693838 -1.55588457
v 1.77265396 -0.31256672 -1.58000000
v 1.86128665 -0.32819506 -1.55588457
v 1.92617029 -0.33963579 -1.49000000
v 1.98000000 0.00000000 -0.70000000
v 1.95588457 0.00000000 -0.61000000
v 1.89000000 0.00000000 -0.54411543
v 1.80000000 0.00000000 -0.52000000
v 1.71000000 0.00000000 -0.54411543
v 1.64411543 0.00000000 -0.61000000
v 1.62000000 0.00000000 -0.70000000
v 1.64411543 0.00000000 -0.79000000
v 1.71000000 0.00000000 -0.85588457
v 1.80000000 0.00000000 -0.88000000
v 1.89000000 0.00000000 -0.85588457
v 1.95588457 0.00000000 -0.79000000
v 1.94991935 0.34382339 -0.70000000
v 1.92617029 0.33963579 -0.61000000
v 1.86128665 0.32819506 -0.54411543
v 1.77265396 0.31256672 -0.52000000
v 1.68402126 0.29693838 -0.54411543
v 1.61913762 0.28549765 -0.61000000
v 1.59538856 0.28131005 -0.70000000
v 1.61913762 0.28549765 -0.79000000
v 1.68402126 0.29693838 -0.85588457
v 1.77265396 0.31256672 -0.88000000
v 1.86128665 0.32819506 -0.85588457
v 1.92617029 0.33963579 -0.79000000
v 1.86059139 0.67719988 -0.70000000
v 1.83793030 0.66895192 -0.61000000
v 1.77601905 0.64641807 -0.54411543
v 1.69144672 0.61563626 -0.52000000
v 1.60687438 0.58485445 -0.54411543
v 1.54496313 0.56232059 -0.61000000
v 1.52230205 0.55407263 -0.70000000
v 1.54496313 0.56232059 -0.79000000
v 1.60687438 0.58485445 -0.85588457
v 1.69144672 0.61563626 -0.88000000
v 1.77601905 0.64641807 -0.85588457
v 1.83793030 0.66895192 -0.79000000
v 1.71473030 0.99000000 -0.70000000
v 1.69384573 0.97794229 -0.61000000
v 1.63678801 0.94500000 -0.54411543
v 1.55884573 0.90000000 -0.52000000
v 1.48090344 0.85500000 -0.54411543
v 1.42384573 0.82205771 -0.61000000
v 1.40296115 0.81000000 -0.70000000
v 1.42384573 0.82205771 -0.79000000
v 1.48090344 0.85500000 -0.85588457
v 1.55884573 0.90000000 -0.88000000
v 1.63678801 0.94500000 -0.85588457
v 1.69384573 0.97794229 -0.79000000
v 1.51676800 1.27271947 -0.70000000
v 1.49829451 1.25721837 -0.61000000
v 1.44782400 1.21486858 -0.54411543
v 1.37888000 1.15701770 -0.52000000
v 1.30993600 1.09916681 -0.54411543
v 1.25946549 1.05681703 -0.61000000
v 1.24099200 1.04131593 -0.70000000
v 1.25946549 1.05681703 -0.79000000
v 1.30993600 1.09916681 -0.85588457
v 1.37888000 1.15701770 -0.88000000
v 1.44782400 1.21486858 -0.85588457
v 1.49829451 1.25721837 -0.79000000
v 1.27271947 1.51676800 -0.70000000
v 1.25721837 1.49829451 -0.61000000
v 1.21486858 1.44782400 -0.54411543
v 1.15701770 1.37888000 -0.52000000
v 1.09916681 1.30993600 -0.54411543
v 1.05681703 1.25946549 -0.61000000
v 1.04131593 1.24099200 -0.70000000
v 1.05681703 1.25946549 -0.79000000
v 1.09916681 1.30993600 -0.85588457
v 1.15701770 1.37888000 -0.88000000
v 1.21486858 1.44782400 -0.85588457
v 1.25721837 1.49829451 -0.79000000
v 0.99000000 1.71473030 -0.70000000
v 0.97794229 1.69384573 -0.61000000
v 0.94500000 1.63678801 -0.54411543
v 0.90000000 1.55884573 -0.52000000
v 0.85500000 1.48090344 -0.54411543
v 0.82205771 1.42384573 -0.61000000
v 0.81000000 1.40296115 -0.70000000
v 0.82205771 1.42384573 -0.79000000
v 0.85500000 1.48090344 -0.85588457
v 0.90000000 1.55884573 -0.88000000
v 0.94500000 1.63678801 -0.85588457
v 0.97794229 1.69384573 -0.79000000
v 0.67719988 1.86059139 -0.70000000
v 0.66895192 1.83793030 -0.61000000
v 0.64641807 1.77601905 -0.54411543
v 0.61563626 1.69144672 -0.52000000
v 0.58485445 1.60687438 -0.54411543
v 0.56232059 1.54496313 -0.61000000
v 0.55407263 1.52230205 -0.70000000
v 0.56232059 1.54496313 -0.79000000
v 0.58485445 1.60687438 -0.85588457
v 0.61563626 1.69144672 -0.88000000
v 0.64641807 1.77601905 -0.85588457
v 0.66895192 1.83793030 -0.79000000
v 0.34382339 1.94991935 -0.70000000
v 0.33963579 1.92617029 -0.61000000
v 0.32819506 1.86128665 -0.54411543
v 0.31256672 1.77265396 -0.52000000
v 0.29693838 1.68402126 -0.54411543
v 0.28549765 1.61913762 -0.61000000
v 0.28131005 1.59538856 -0.70000000
v 0.28549765 1.61913762 -0.79000000
v 0.29693838 1.68402126 -0.85588457
v 0.31256672 1.77265396 -0.88000000
v 0.32819506 1.86128665 -0.85588457
v 0.33963579 1.92617029 -0.79000000
v 0.00000000 1.98000000 -0.70000000
v 0.00000000 1.95588457 -0.61000000
v 0.00000000 1.89000000 -0.54411543
v 0.00000000 1.80000000 -0.52000000
v 0.00000000 1.71000000 -0.54411543
v 0.00000000 1.64411543 -0.61000000
v 0.00000000 1.62000000 -0.70000000
v 0.00000000 1.64411543 -0.79000000
v 0.00000000 1.71000000 -0.85588457
v 0.00000000 1.80000000 -0.88000000
v 0.00000000 1.89000000 -0.85588457
v 0.00000000 1.95588457 -0.79000000
v -0.34382339 1.94991935 -0.70000000
v -0.33963579 1.92617029 -0.61000000
v -0.32819506 1.86128665 -0.54411543
v -0.31256672 1.77265396 -0.52000000
v -0.29693838 1.68402126 -0.54411543
v -0.28549765 1.61913762 -0.61000000
v -0.28131005 1.59538856 -0.70000000
v -0.28549765 1.61913762 -0.79000000
v -0.29693838 1.68402126 -0.85588457
v -0.31256672 1.77265396 -0.88000000
v -0.32819506 1.86128665 -0.85588457
v -0.33963579 1.92617029 -0.79000000
v -0.67719988 1.86059139 -0.70000000
v -0.66895192 1.83793030 -0.61000000
v -0.64641807 1.77601905 -0.54411543
v -0.61563626 1.69144672 -0.52000000
v -0.58485445 1.60687438 -0.54411543
v -0.56232059 1.54496313 -0.61000000
v -0.55407263 1.52230205 -0.70000000
v -0.56232059 1.54496313 -0.79000000
v -0.58485445 1.60687438 -0.85588457
v -0.61563626 1.69144672 -0.88000000
v -0.64641807 1.77601905 -0.85588457
v -0.66895192 1.83793030 -0.79000000
v -0.99000000 1.71473030 -0.70000000
v -0.97794229 1.69384573 -0.61000000
v -0.94500000 1.63678801 -0.54411543
v -0.90000000 1.55884573 -0.52000000
v -0.85500000 1.48090344 -0.54411543
v -0.82205771 1.42384573 -0.61000000
v -0.81000000 1.40296115 -0.70000000
v -0.82205771 1.42384573 -0.79000000
v -0.85500000 1.48090344 -0.85588457
v -0.90000000 1.55884573 -0.88000000
v -0.94500000 1.63678801 -0.85588457
v -0.97794229 1.69384573 -0.79000000
v -1.27271947 1.51676800 -0.70000000
v -1.25721837 1.49829451 -0.61000000
v -1.21486858 1.44782400 -0.54411543
v -1.15701770 1.37888000 -0.52000000
v -1.09916681 1.30993600 -0.54411543
v -1.05681703 1.25946549 -0.61000000
v -1.04131593 1.24099200 -0.70000000
v -1.05681703 1.25946549 -0.79000000
v -1.09916681 1.30993600 -0.85588457
v -1.15701770 1.37888000 -0.88000000
v -1.21486858 1.44782400 -0.85588457
v -1.25721837 1.49829451 -0.79000000
v -1.51676800 1.27271947 -0.70000000
v -1.49829451 1.25721837 -0.61000000
v -1.44782400 1.21486858 -0.54411543
v -1.37888000 1.15701770 -0.52000000
v -1.30993600 1.09916681 -0.54411543
v -1.25946549 1.05681703 -0.61000000
v -1.24099200 1.04131593 -0.70000000
v -1.25946549 1.05681703 -0.79000000
v -1.30993600 1.09916681 -0.85588457
v -1.37888000 1.15701770 -0.88000000
v -1.44782400 1.21486858 -0.85588457
v -1.49829451 1.25721837 -0.79000000
v -1.71473030 0.99000000 -0.70000000
v -1.69384573 0.97794229 -0.61000000
v -1.63678801 0.94500000 -0.54411543
v -1.55884573 0.90000000 -0.52000000
v -1.48090344 0.85500000 -0.54411543
v -1.42384573 0.82205771 -0.61000000
v -1.40296115 0.81000000 -0.70000000
v -1.42384573 0.82205771 -0.79000000
v -1.48090344 0.85500000 -0.85588457
v -1.55884573 0.90000000 -0.88000000
v -1.63678801 0.94500000 -0.85588457
v -1.69384573 0.97794229 -0.79000000
v -1.86059139 0.67719988 -0.70000000
v -1.83793030 0.66895192 -0.61000000
v -1.77601905 0.64641807 -0.54411543
v -1.69144672 0.61563626 -0.52000000
v -1.60687438 0.58485445 -0.54411543
v -1.54496313 0.56232059 -0.61000000
v -1.52230205 0.55407263 -0.70000000
v -1.54496313 0.56232059 -0.79000000
v -1.60687438 0.58485445 -0.85588457
v -1.69144672 0.61563626 -0.88000000
v -1.77601905 0.64641807 -0.85588457
v -1.83793030 0.66895192 -0.79000000
v -1.94991935 0.34382339 -0.70000000
v -1.92617029 0.33963579 -0.61000000
v -1.86128665 0.32819506 -0.54411543
v -1.77265396 0.31256672 -0.52000000
v -1.68402126 0.29693838 -0.54411543
v -1.61913762 0.28549765 -0.61000000
v -1.59538856 0.28131005 -0.70000000
v -1.61913762 0.28549765 -0.79000000
v -1.68402126 0.29693838 -0.85588457
v -1.77265396 0.31256672 -0.88000000
v -1.86128665 0.32819506 -0.85588457
v -1.92617029 0.33963579 -0.79000000
v -1.98000000 0.00000000 -0.70000000
v -1.95588457 0.00000000 -0.61000000
v -1.89000000 0.00000000 -0.54411543
v -1.80000000 0.00000000 -0.52000000
v -1.71000000 0.00000000 -0.54411543
v -1.64411543 0.00000000 -0.61000000
v -1.62000000 0.00000000 -0.70000000
v -1.64411543 0.00000000 -0.79000000
v -1.71000000 0.00000000 -0.85588457
v -1.80000000 0.00000000 -0.88000000
v -1.89000000 0.00000000 -0.85588457
v -1.95588457 0.00000000 -0.79000000
v -1.94991935 -0.34382339 -0.70000000
v -1.92617029 -0.33963579 -0.61000000
v -1.86128665 -0.32819506 -0.54411543
v -1.77265396 -0.31256672 -0.52000000
v -1.68402126 -0.29693838 -0.54411543
v -1.61913762 -0.28549765 -0.61000000
v -1.59538856 -0.28131005 -0.70000000
v -1.61913762 -0.28549765 -0.79000000
v -1.68402126 -0.29693838 -0.85588457
v -1.77265396 -0.31256672 -0.88000000
v -1.86128665 -0.32819506 -0.85588457
v -1.92617029 -0.33963579 -0.79000000
v -1.86059139 -0.67719988 -0.70000000
v -1.83793030 -0.66895192 -0.61000000
v -1.77601905 -0.64641807 -0.54411543
v -1.69144672 -0.61563626 -0.52000000
v -1.60687438 -0.58485445 -0.54411543
v -1.54496313 -0.56232059 -0.61000000
v -1.52230205 -0.55407263 -0.70000000
v -1.54496313 -0.56232059 -0.79000000
v -1.60687438 -0.58485445 -0.85588457
v -1.69144672 -0.61563626 -0.88000000
v -1.77601905 -0.64641807 -0.85588457
v -1.83793030 -0.66895192 -0.79000000
v -1.71473030 -0.99000000 -0.70000000
v -1.69384573 -0.97794229 -0.61000000
v -1.63678801 -0.94500000 -0.54411543
v -1.55884573 -0.90000000 -0.52000000
v -1.48090344 -0.85500000 -0.54411543
v -1.42384573 -0.82205771 -0.61000000
v -1.40296115 -0.81000000 -0.70000000
v -1.42384573 -0.82205771 -0.79000000
v -1.48090344 -0.85500000 -0.85588457
v -1.55884573 -0.90000000 -0.88000000
v -1.63678801 -0.94500000 -0.85588457
v -1.69384573 -0.97794229 -0.79000000
v -1.51676800 -1.27271947 -0.70000000
v -1.49829451 -1.25721837 -0.61000000
v -1.44782400 -1.21486858 -0.54411543
v -1.37888000 -1.15701770 -0.52000000
v -1.30993600 -1.09916681 -0.54411543
v -1.25946549 -1.05681703 -0.61000000
v -1.24099200 -1.04131593 -0.70000000
v -1.25946549 -1.05681703 -0.79000000
v -1.30993600 -1.09916681 -0.85588457
v -1.37888000 -1.15701770 -0.88000000
v -1.44782400 -1.21486858 -0.85588457
v -1.49829451 -1.25721837 -0.79000000
v -1.27271947 -1.51676800 -0.70000000
v -1.25721837 -1.49829451 -0.61000000
v -1.21486858 -1.44782400 -0.54411543
v -1.15701770 -1.37888000 -0.52000000
v -1.09916681 -1.30993600 -0.54411543
v -1.05681703 -1.25946549 -0.61000000
v -1.04131593 -1.24099200 -0.70000000
v -1.05681703 -1.25946549 -0.79000000
v -1.09916681 -1.30993600 -0.85588457
v -1.15701770 -1.37888000 -0.88000000
v -1.21486858 -1.44782400 -0.85588457
v -1.25721837 -1.49829451 -0.79000000
v -0.99000000 -1.71473030 -0.70000000
v -0.97794229 -1.69384573 -0.61000000
v -0.94500000 -1.63678801 -0.54411543
v -0.90000000 -1.55884573 -0.52000000
v -0.85500000 -1.48090344 -0.54411543
v -0.82205771 -1.42384573 -0.61000000
v -0.81000000 -1.40296115 -0.70000000
v -0.82205771 -1.42384573 -0.79000000
v -0.85500000 -1.48090344 -0.85588457
v -0.90000000 -1.55884573 -0.88000000
v -0.94500000 -1.63678801 -0.85588457
v -0.97794229 -1.69384573 -0.79000000
v -0.67719988 -1.86059139 -0.70000000
v -0.66895192 -1.83793030 -0.61000000
v -0.64641807 -1.77601905 -0.54411543
v -0.61563626 -1.69144672 -0.52000000
v -0.58485445 -1.60687438 -0.54411543
v -0.56232059 -1.54496313 -0.61000000
v -0.55407263 -1.52230205 -0.70000000
v -0.56232059 -1.54496313 -0.79000000
v -0.58485445 -1.60687438 -0.85588457
v -0.61563626 -1.69144672 -0.88000000
v -0.64641807 -1.77601905 -0.85588457
v -0.66895192 -1.83793030 -0.79000000
v -0.34382339 -1.94991935 -0.70000000
v -0.33963579 -1.92617029 -0.61000000
v -0.32819506 -1.86128665 -0.54411543
v -0.31256672 -1.77265396 -0.52000000
v -0.29693838 -1.68402126 -0.54411543
v -0.28549765 -1.61913762 -0.61000000
v -0.28131005 -1.59538856 -0.70000000
v -0.28549765 -1.61913762 -0.79000000
v -0.29693838 -1.68402126 -0.85588457
v -0.31256672 -1.77265396 -0.88000000
v -0.32819506 -1.86128665 -0.85588457
v -0.33963579 -1.92617029 -0.79000000
v -0.00000000 -1.98000000 -0.70000000
v -0.00000000 -1.95588457 -0.61000000
v -0.00000000 -1.89000000 -0.54411543
v -0.00000000 -1.80000000 -0.52000000
v -0.00000000 -1.71000000 -0.54411543
v -0.00000000 -1.64411543 -0.61000000
v -0.00000000 -1.62000000 -0.70000000
v -0.00000000 -1.64411543 -0.79000000
v -0.00000000 -1.71000000 -0.85588457
v -0.00000000 -1.80000000 -0.88000000
v -0.00000000 -1.89000000 -0.85588457
v -0.00000000 -1.95588457 -0.79000000
v 0.34382339 -1.94991935 -0.70000000
v 0.33963579 -1.92617029 -0.61000000
v 0.32819506 -1.86128665 -0.54411543
v 0.31256672 -1.77265396 -0.52000000
v 0.29693838 -1.68402126 -0.54411543
v 0.28549765 -1.61913762 -0.61000000
v 0.28131005 -1.59538856 -0.70000000
v 0.28549765 -1.61913762 -0.79000000
v 0.29693838 -1.68402126 -0.85588457
v 0.31256672 -1.77265396 -0.88000000
v 0.32819506 -1.86128665 -0.85588457
v 0.33963579 -1.92617029 -0.79000000
v 0.67719988 -1.86059139 -0.70000000
v 0.66895192 -1.83793030 -0.61000000
v 0.64641807 -1.77601905 -0.54411543
v 0.61563626 -1.69144672 -0.52000000
v 0.58485445 -1.60687438 -0.54411543
v 0.56232059 -1.54496313 -0.61000000
v 0.55407263 -1.52230205 -0.70000000
v 0.56232059 -1.54496313 -0.79000000
v 0.58485445 -1.60687438 -0.85588457
v 0.61563626 -1.69144672 -0.88000000
v 0.64641807 -1.77601905 -0.85588457
v 0.66895192 -1.83793030 -0.79000000
v 0.99000000 -1.71473030 -0.70000000
v 0.97794229 -1.69384573 -0.61000000
v 0.94500000 -1.63678801 -0.54411543
v 0.90000000 -1.55884573 -0.52000000
v 0.85500000 -1.48090344 -0.54411543
v 0.82205771 -1.42384573 -0.61000000
v 0.81000000 -1.40296115 -0.70000000
v 0.82205771 -1.42384573 -0.79000000
v 0.85500000 -1.48090344 -0.85588457
v 0.90000000 -1.55884573 -0.88000000
v 0.94500000 -1.63678801 -0.85588457
v 0.97794229 -1.69384573 -0.79000000
v 1.27271947 -1.51676800 -0.70000000
v 1.25721837 -1.49829451 -0.61000000
v 1.21486858 -1.44782400 -0.54411543
v 1.15701770 -1.37888000 -0.52000000
v 1.09916681 -1.30993600 -0.54411543
v 1.05681703 -1.25946549 -0.61000000
v 1.04131593 -1.24099200 -0.70000000
v 1.05681703 -1.25946549 -0.79000000
v 1.09916681 -1.30993600 -0.85588457
v 1.15701770 -1.37888000 -0.88000000
v 1.21486858 -1.44782400 -0.85588457
v 1.25721837 -1.49829451 -0.79000000
v 1.51676800 -1.27271947 -0.70000000
v 1.49829451 -1.25721837 -0.61000000
v 1.44782400 -1.21486858 -0.54411543
v 1.37888000 -1.15701770 -0.52000000
v 1.30993600 -1.09916681 -0.54411543
v 1.25946549 -1.05681703 -0.61000000
v 1.24099200 -1.04131593 -0.70000000
v 1.25946549 -1.05681703 -0.79000000
v 1.30993600 -1.09916681 -0.85588457
v 1.37888000 -1.15701770 -0.88000000
v 1.44782400 -1.21486858 -0.85588457
v 1.49829451 -1.25721837 -0.79000000
v 1.71473030 -0.99000000 -0.70000000
v 1.69384573 -0.97794229 -0.61000000
v 1.63678801 -0.94500000 -0.54411543
v 1.55884573 -0.90000000 -0.52000000
v 1.48090344 -0.85500000 -0.54411543
v 1.42384573 -0.82205771 -0.61000000
v 1.40296115 -0.81000000 -0.70000000
v 1.42384573 -0.82205771 -0.79000000
v 1.48090344 -0.85500000 -0.85588457
v 1.55884573 -0.90000000 -0.88000000
v 1.63678801 -0.94500000 -0.85588457
v 1.69384573 -0.97794229 -0.79000000
v 1.86059139 -0.67719988 -0.70000000
v 1.83793030 -0.66895192 -0.61000000
v 1.77601905 -0.64641807 -0.54411543
v 1.69144672 -0.61563626 -0.52000000
v 1.60687438 -0.58485445 -0.54411543
v 1.54496313 -0.56232059 -0.61000000
v 1.52230205 -0.55407263 -0.70000000
v 1.54496313 -0.56232059 -0.79000000
v 1.60687438 -0.58485445 -0.85588457
v 1.69144672 -0.61563626 -0.88000000
v 1.77601905 -0.64641807 -0.85588457
v 1.83793030 -0.66895192 -0.79000000
v 1.94991935 -0.34382339 -0.70000000
v 1.92617029 -0.33963579 -0.61000000
v 1.86128665 -0.32819506 -0.54411543
v 1.77265396 -0.31256672 -0.52000000
v 1.68402126 -0.29693838 -0.54411543
v 1.61913762 -0.28549765 -0.61000000
v 1.59538856 -0.28131005 -0.70000000
v 1.61913762 -0.28549765 -0.79000000
v 1.68402126 -0.29693838 -0.85588457
v 1.77265396 -0.31256672 -0.88000000
v 1.86128665 -0.32819506 -0.85588457
v 1.92617029 -0.33963579 -0.79000000
v 1.98000000 0.00000000 0.00000000
v 1.95588457 0.00000000 0.09000000
v 1.89000000 0.00000000 0.15588457
v 1.80000000 0.00000000 0.18000000
v 1.71000000 0.00000000 0.15588457
v 1.64411543 0.00000000 0.09000000
v 1.62000000 0.00000000 0.00000000
v 1.64411543 0.00000000 -0.09000000
v 1.71000000 0.00000000 -0.15588457
v 1.80000000 0.00000000 -0.18000000
v 1.89000000 0.00000000 -0.15588457
v 1.95588457 0.00000000 -0.09000000
v 1.94991935 0.34382339 0.00000000
v 1.92617029 0.33963579 0.09000000
v 1.86128665 0.32819506 0.15588457
v 1.77265396 0.31256672 0.18000000
v 1.68402126 0.29693838 0.15588457
v 1.61913762 0.28549765 0.09000000
v 1.59538856 0.28131005 0.00000000
v 1.61913762 0.28549765 -0.09000000
v 1.68402126 0.29693838 -0.15588457
v 1.77265396 0.31256672 -0.18000000
v 1.86128665 0.32819506 -0.15588457
v 1.92617029 0.33963579 -0.09000000
v 1.86059139 0.67719988 0.00000000
v 1.83793030 0.66895192 0.09000000
v 1.77601905 0.64641807 0.15588457
v 1.69144672 0.61563626 0.18000000
v 1.60687438 0.58485445 0.15588457
v 1.54496313 0.56232059 0.09000000
v 1.52230205 0.55407263 0.00000000
v 1.54496313 0.56232059 -0.09000000
v 1.60687438 0.58485445 -0.15588457
v 1.69144672 0.61563626 -0.18000000
v 1.77601905 0.64641807 -0.15588457
v 1.83793030 0.66895192 -0.09000000
v 1.71473030 0.99000000 0.00000000
v 1.69384573 0.97794229 0.09000000
v 1.63678801 0.94500000 0.15588457
v 1.55884573 0.90000000 0.18000000
v 1.48090344 0.85500000 0.15588457
v 1.42384573 0.82205771 0.09000000
v 1.40296115 0.81000000 0.00000000
v 1.42384573 0.82205771 -0.09000000
v 1.48090344 0.85500000 -0.15588457
v 1.55884573 0.90000000 -0.18000000
v 1.63678801 0.94500000 -0.15588457
v 1.69384573 0.97794229 -0.09000000
v 1.51676800 1.27271947 0.00000000
v 1.49829451 1.25721837 0.09000000
v 1.44782400 1.21486858 0.15588457
v 1.37888000 1.15701770 0.18000000
v 1.30993600 1.09916681 0.15588457
v 1.25946549 1.05681703 0.09000000
v 1.24099200 1.04131593 0.00000000
v 1.25946549 1.05681703 -0.09000000
v 1.30993600 1.09916681 -0.15588457
v 1.37888000 1.15701770 -0.18000000
v 1.44782400 1.21486858 -0.15588457
v 1.49829451 1.25721837 -0.09000000
v 1.27271947 1.51676800 0.00000000
v 1.25721837 1.49829451 0.09000000
v 1.21486858 1.44782400 0.15588457
v 1.15701770 1.37888000 0.18000000
v 1.09916681 1.30993600 0.15588457
v 1.05681703 1.25946549 0.09000000
v 1.04131593 1.24099200 0.00000000
v 1.05681703 1.25946549 -0.09000000
v 1.09916681 1.30993600 -0.15588457
v 1.15701770 1.37888000 -0.18000000
v 1.21486858 1.44782400 -0.15588457
v 1.25721837 1.49829451 -0.09000000
v 0.99000000 1.71473030 0.00000000
v 0.97794229 1.69384573 0.09000000
v 0.94500000 1.63678801 0.15588457
v 0.90000000 1.55884573 0.18000000
v 0.85500000 1.48090344 0.15588457
v 0.82205771 1.42384573 0.09000000
v 0.81000000 1.40296115 0.00000000
v 0.82205771 1.42384573 -0.09000000
v 0.85500000 1.48090344 -0.15588457
v 0.90000000 1.55884573 -0.18000000
v 0.94500000 1.63678801 -0.15588457
v 0.97794229 1.69384573 -0.09000000
v 0.67719988 1.86059139 0.00000000
v 0.66895192 1.83793030 0.09000000
v 0.64641807 1.77601905 0.15588457
v 0.61563626 1.69144672 0.18000000
v 0.58485445 1.60687438 0.15588457
v 0.56232059 1.54496313 0.09000000
v 0.55407263 1.52230205 0.00000000
v 0.56232059 1.54496313 -0.09000000
v 0.58485445 1.60687438 -0.15588457
v 0.61563626 1.69144672 -0.18000000
v 0.64641807 1.77601905 -0.15588457
v 0.66895192 1.83793030 -0.09000000
v 0.34382339 1.94991935 0.00000000
v 0.33963579 1.92617029 0.09000000
v 0.32819506 1.86128665 0.15588457
v 0.31256672 1.77265396 0.18000000
v 0.29693838 1.68402126 0.15588457
v 0.28549765 1.61913762 0.09000000
v 0.28131005 1.59538856 0.00000000
v 0.28549765 1.61913762 -0.09000000
v 0.29693838 1.68402126 -0.15588457
v 0.31256672 1.77265396 -0.18000000
v 0.32819506 1.86128665 -0.15588457
v 0.33963579 1.92617029 -0.09000000
v 0.00000000 1.98000000 0.00000000
v 0.00000000 1.95588457 0.09000000
v 0.00000000 1.89000000 0.15588457
v 0.00000000 1.80000000 0.18000000
v 0.00000000 1.71000000 0.15588457
v 0.00000000 1.64411543 0.09000000
v 0.00000000 1.62000000 0.00000000
v 0.00000000 1.64411543 -0.09000000
v 0.00000000 1.71000000 -0.15588457
v 0.00000000 1.80000000 -0.18000000
v 0.00000000 1.89000000 -0.15588457
v 0.00000000 1.95588457 -0.09000000
v -0.34382339 1.94991935 0.00000000
v -0.33963579 1.92617029 0.09000000
v -0.32819506 1.86128665 0.15588457
v -0.31256672 1.77265396 0.18000000
v -0.29693838 1.68402126 0.15588457
v -0.28549765 1.61913762 0.09000000
v -0.28131005 1.59538856 0.00000000
v -0.28549765 1.61913762 -0.09000000
v -0.29693838 1.68402126 -0.15588457
v -0.31256672 1.77265396 -0.18000000
v -0.32819506 1.86128665 -0.15588457
v -0.33963579 1.92617029 -0.09000000
v -0.67719988 1.86059139 0.00000000
v -0.66895192 1.83793030 0.09000000
v -0.64641807 1.77601905 0.15588457
v -0.61563626 1.69144672 0.18000000
v -0.58485445 1.60687438 0.15588457
v -0.56232059 1.54496313 0.09000000
v -0.55407263 1.52230205 0.00000000
v -0.56232059 1.54496313 -0.09000000
v -0.58485445 1.60687438 -0.15588457
v -0.61563626 1.69144672 -0.18000000
v -0.64641807 1.77601905 -0.15588457
v -0.66895192 1.83793030 -0.09000000
v -0.99000000 1.71473030 0.00000000
v -0.97794229 1.69384573 0.09000000
v -0.94500000 1.63678801 0.15588457
v -0.90000000 1.55884573 0.18000000
v -0.85500000 1.48090344 0.15588457
v -0.82205771 1.42384573 0.09000000
v -0.81000000 1.40296115 0.00000000
v -0.82205771 1.42384573 -0.09000000
v -0.85500000 1.48090344 -0.15588457
v -0.90000000 1.55884573 -0.18000000
v -0.94500000 1.63678801 -0.15588457
v -0.97794229 1.69384573 -0.09000000
v -1.27271947 1.51676800 0.00000000
v -1.25721837 1.49829451 0.09000000
v -1.21486858 1.44782400 0.15588457
v -1.15701770 1.37888000 0.18000000
v -1.09916681 1.30993600 0.15588457
v -1.05681703 1.25946549 0.09000000
v -1.04131593 1.24099200 0.00000000
v -1.05681703 1.25946549 -0.09000000
v -1.09916681 1.30993600 -0.15588457
v -1.15701770 1.37888000 -0.18000000
v -1.21486858 1.44782400 -0.15588457
v -1.25721837 1.49829451 -0.09000000
v -1.51676800 1.27271947 0.00000000
v -1.49829451 1.25721837 0.09000000
v -1.44782400 1.21486858 0.15588457
v -1.37888000 1.15701770 0.18000000
v -1.30993600 1.09916681 0.15588457
v -1.25946549 1.05681703 0.09000000
v -1.24099200 1.04131593 0.00000000
v -1.25946549 1.05681703 -0.09000000
v -1.30993600 1.09916681 -0.15588457
v -1.37888000 1.15701770 -0.18000000
v -1.44782400 1.21486858 -0.15588457
v -1.49829451 1.25721837 -0.09000000
v -1.71473030 0.99000000 0.00000000
v -1.69384573 0.97794229 0.09000000
v -1.63678801 0.94500000 0.15588457
v -1.55884573 0.90000000 0.18000000
v -1.48090344 0.85500000 0.15588457
v -1.42384573 0.82205771 0.09000000
v -1.40296115 0.81000000 0.00000000
v -1.42384573 0.82205771 -0.09000000
v -1.48090344 0.85500000 -0.15588457
v -1.55884573 0.90000000 -0.18000000
v -1.63678801 0.94500000 -0.15588457
v -1.69384573 0.97794229 -0.09000000
v -1.86059139 0.67719988 0.00000000
v -1.83793030 0.66895192 0.09000000
v -1.77601905 0.64641807 0.15588457
v -1.69144672 0.61563626 0.18000000
v -1.60687438 0.58485445 0.15588457
v -1.54496313 0.56232059 0.09000000
v -1.52230205 0.55407263 0.00000000
v -1.54496313 0.56232059 -0.09000000
v -1.60687438 0.58485445 -0.15588457
v -1.69144672 0.61563626 -0.18000000
v -1.77601905 0.64641807 -0.15588457
v -1.83793030 0.66895192 -0.09000000
v -1.94991935 0.34382339 0.00000000
v -1.92617029 0.33963579 0.09000000
v -1.86128665 0.32819506 0.15588457
v -1.77265396 0.31256672 0.18000000
v -1.68402126 0.29693838 0.15588457
v -1.61913762 0.28549765 0.09000000
v -1.59538856 0.28131005 0.00000000
v -1.61913762 0.28549765 -0.09000000
v -1.68402126 0.29693838 -0.15588457
v -1.77265396 0.31256672 -0.18000000
v -1.86128665 0.32819506 -0.15588457
v -1.92617029 0.33963579 -0.09000000
v -1.98000000 0.00000000 0.00000000
v -1.95588457 0.00000000 0.09000000
v -1.89000000 0.00000000 0.15588457
v -1.80000000 0.00000000 0.18000000
v -1.71000000 0.00000000 0.15588457
v -1.64411543 0.00000000 0.09000000
v -1.62000000 0.00000000 0.00000000
v -1.64411543 0.00000000 -0.09000000
v -1.71000000 0.00000000 -0.15588457
v -1.80000000 0.00000000 -0.18000000
v -1.89000000 0.00000000 -0.15588457
v -1.95588457 0.00000000 -0.09000000
v -1.94991935 -0.34382339 0.00000000
v -1.92617029 -0.33963579 0.09000000
v -1.86128665 -0.32819506 0.15588457
v -1.77265396 -0.31256672 0.18000000
v -1.68402126 -0.29693838 0.15588457
v -1.61913762 -0.28549765 0.09000000
v -1.59538856 -0.28131005 0.00000000
v -1.61913762 -0.28549765 -0.09000000
v -1.68402126 -0.29693838 -0.15588457
v -1.77265396 -0.31256672 -0.18000000
v -1.86128665 -0.32819506 -0.15588457
v -1.92617029 -0.33963579 -0.09000000
v -1.86059139 -0.67719988 0.00000000
v -1.83793030 -0.66895192 0.09000000
v -1.77601905 -0.64641807 0.15588457
v -1.69144672 -0.61563626 0.18000000
v -1.60687438 -0.58485445 0.15588457
v -1.54496313 -0.56232059 0.09000000
v -1.52230205 -0.55407263 0.00000000
v -1.54496313 -0.56232059 -0.09000000
v -1.60687438 -0.58485445 -0.15588457
v -1.69144672 -0.61563626 -0.18000000
v -1.77601905 -0.64641807 -0.15588457
v -1.83793030 -0.66895192 -0.09000000
v -1.71473030 -0.99000000 0.00000000
v -1.69384573 -0.97794229 0.09000000
v -1.63678801 -0.94500000 0.15588457
v -1.55884573 -0.90000000 0.18000000
v -1.48090344 -0.85500000 0.15588457
v -1.42384573 -0.82205771 0.09000000
v -1.40296115 -0.81000000 0.00000000
v -1.42384573 -0.82205771 -0.09000000
v -1.48090344 -0.85500000 -0.15588457
v -1.55884573 -0.90000000 -0.18000000
v -1.63678801 -0.94500000 -0.15588457
v -1.69384573 -0.97794229 -0.09000000
v -1.51676800 -1.27271947 0.00000000
v -1.49829451 -1.25721837 0.09000000
v -1.44782400 -1.21486858 0.15588457
v -1.37888000 -1.15701770 0.18000000
v -1.30993600 -1.09916681 0.15588457
v -1.25946549 -1.05681703 0.09000000
v -1.24099200 -1.04131593 0.00000000
v -1.25946549 -1.05681703 -0.09000000
v -1.30993600 -1.09916681 -0.15588457
v -1.37888000 -1.15701770 -0.18000000
v -1.44782400 -1.21486858 -0.15588457
v -1.49829451 -1.25721837 -0.09000000
v -1.27271947 -1.51676800 0.00000000
v -1.25721837 -1.49829451 0.09000000
v -1.21486858 -1.44782400 0.15588457
v -1.15701770 -1.37888000 0.18000000
v -1.09916681 -1.30993600 0.15588457
v -1.05681703 -1.25946549 0.09000000
v -1.04131593 -1.24099200 0.00000000
v -1.05681703 -1.25946549 -0.09000000
v -1.09916681 -1.30993600 -0.15588457
v -1.15701770 -1.37888000 -0.18000000
v -1.21486858 -1.44782400 -0.15588457
v -1.25721837 -1.49829451 -0.09000000
v -0.99000000 -1.71473030 0.00000000
v -0.97794229 -1.69384573 0.09000000
v -0.94500000 -1.63678801 0.15588457
v -0.90000000 -1.55884573 0.18000000
v -0.85500000 -1.48090344 0.15588457
v -0.82205771 -1.42384573 0.09000000
v -0.81000000 -1.40296115 0.00000000
v -0.82205771 -1.42384573 -0.09000000
v -0.85500000 -1.48090344 -0.15588457
v -0.90000000 -1.55884573 -0.18000000
v -0.94500000 -1.63678801 -0.15588457
v -0.97794229 -1.69384573 -0.09000000
v -0.67719988 -1.86059139 0.00000000
v -0.66895192 -1.83793030 0.09000000
v -0.64641807 -1.77601905 0.15588457
v -0.61563626 -1.69144672 0.18000000
v -0.58485445 -1.60687438 0.15588457
v -0.56232059 -1.54496313 0.09000000
v -0.55407263 -1.52230205 0.00000000
v -0.56232059 -1.54496313 -0.09000000
v -0.58485445 -1.60687438 -0.15588457
v -0.61563626 -1.69144672 -0.18000000
v -0.64641807 -1.77601905 -0.15588457
v -0.66895192 -1.83793030 -0.09000000
v -0.34382339 -1.94991935 0.00000000
v -0.33963579 -1.92617029 0.09000000
v -0.32819506 -1.86128665 0.15588457
v -0.31256672 -1.77265396 0.18000000
v -0.29693838 -1.68402126 0.15588457
v -0.28549765 -1.61913762 0.09000000
v -0.28131005 -1.59538856 0.00000000
v -0.28549765 -1.61913762 -0.09000000
v -0.29693838 -1.68402126 -0.15588457
v -0.31256672 -1.77265396 -0.18000000
v -0.32819506 -1.86128665 -0.15588457
v -0.33963579 -1.92617029 -0.09000000
v -0.00000000 -1.98000000 0.00000000
v -0.00000000 -1.95588457 0.09000000
v -0.00000000 -1.89000000 0.15588457
v -0.00000000 -1.80000000 0.18000000
v -0.00000000 -1.71000000 0.15588457
v -0.00000000 -1.64411543 0.09000000
v -0.00000000 -1.62000000 0.00000000
v -0.00000000 -1.64411543 -0.09000000
v -0.00000000 -1.71000000 -0.15588457
v -0.00000000 -1.80000000 -0.18000000
v -0.00000000 -1.89000000 -0.15588457
v -0.00000000 -1.95588457 -0.09000000
v 0.34382339 -1.94991935 0.00000000
v 0.33963579 -1.92617029 0.09000000
v 0.32819506 -1.86128665 0.15588457
v 0.31256672 -1.77265396 0.18000000
v 0.29693838 -1.68402126 0.15588457
v 0.28549765 -1.61913762 0.09000000
v 0.28131005 -1.59538856 0.00000000
v 0.28549765 -1.61913762 -0.09000000
v 0.29693838 -1.68402126 -0.15588457
v 0.31256672 -1.77265396 -0.18000000
v 0.32819506 -1.86128665 -0.15588457
v 0.33963579 -1.92617029 -0.09000000
v 0.67719988 -1.86059139 0.00000000
v 0.66895192 -1.83793030 0.09000000
v 0.64641807 -1.77601905 0.15588457
v 0.61563626 -1.69144672 0.18000000
v 0.58485445 -1.60687438 0.15588457
v 0.56232059 -1.54496313 0.09000000
v 0.55407263 -1.52230205 0.00000000
v 0.56232059 -1.54496313 -0.09000000
v 0.58485445 -1.60687438 -0.15588457
v 0.61563626 -1.69144672 -0.18000000
v 0.64641807 -1.77601905 -0.15588457
v 0.66895192 -1.83793030 -0.09000000
v 0.99000000 -1.71473030 0.00000000
v 0.97794229 -1.69384573 0.09000000
v 0.94500000 -1.63678801 0.15588457
v 0.90000000 -1.55884573 0.18000000
v 0.85500000 -1.48090344 0.15588457
v 0.82205771 -1.42384573 0.09000000
v 0.81000000 -1.40296115 0.00000000
v 0.82205771 -1.42384573 -0.09000000
v 0.85500000 -1.48090344 -0.15588457
v 0.90000000 -1.55884573 -0.18000000
v 0.94500000 -1.63678801 -0.15588457
v 0.97794229 -1.69384573 -0.09000000
v 1.27271947 -1.51676800 0.00000000
v 1.25721837 -1.49829451 0.09000000
v 1.21486858 -1.44782400 0.15588457
v 1.15701770 -1.37888000 0.18000000
v 1.09916681 -1.30993600 0.15588457
v 1.05681703 -1.25946549 0.09000000
v 1.04131593 -1.24099200 0.00000000
v 1.05681703 -1.25946549 -0.09000000
v 1.09916681 -1.30993600 -0.15588457
v 1.15701770 -1.37888000 -0.18000000
v 1.21486858 -1.44782400 -0.15588457
v 1.25721837 -1.49829451 -0.09000000
v 1.51676800 -1.27271947 0.00000000
v 1.49829451 -1.25721837 0.09000000
v 1.44782400 -1.21486858 0.15588457
v 1.37888000 -1.15701770 0.18000000
v 1.30993600 -1.09916681 0.15588457
v 1.25946549 -1.05681703 0.09000000
v 1.24099200 -1.04131593 0.00000000
v 1.25946549 -1.05681703 -0.09000000
v 1.30993600 -1.09916681 -0.15588457
v 1.37888000 -1.15701770 -0.18000000
v 1.44782400 -1.21486858 -0.15588457
v 1.49829451 -1.25721837 -0.09000000
v 1.71473030 -0.99000000 0.00000000
v 1.69384573 -0.97794229 0.09000000
v 1.63678801 -0.94500000 0.15588457
v 1.55884573 -0.90000000 0.18000000
v 1.48090344 -0.85500000 0.15588457
v 1.42384573 -0.82205771 0.09000000
v 1.40296115 -0.81000000 0.00000000
v 1.42384573 -0.82205771 -0.09000000
v 1.48090344 -0.85500000 -0.15588457
v 1.55884573 -0.90000000 -0.18000000
v 1.63678801 -0.94500000 -0.15588457
v 1.69384573 -0.97794229 -0.09000000
v 1.86059139 -0.67719988 0.00000000
v 1.83793030 -0.66895192 0.09000000
v 1.77601905 -0.64641807 0.15588457
v 1.69144672 -0.61563626 0.18000000
v 1.60687438 -0.58485445 0.15588457
v 1.54496313 -0.56232059 0.09000000
v 1.52230205 -0.55407263 0.00000000
v 1.54496313 -0.56232059 -0.09000000
v 1.60687438 -0.58485445 -0.15588457
v 1.69144672 -0.61563626 -0.18000000
v 1.77601905 -0.64641807 -0.15588457
v 1.83793030 -0.66895192 -0.09000000
v 1.94991935 -0.34382339 0.00000000
v 1.92617029 -0.33963579 0.09000000
v 1.86128665 -0.32819506 0.15588457
v 1.77265396 -0.31256672 0.18000000
v 1.68402126 -0.29693838 0.15588457
v 1.61913762 -0.28549765 0.09000000
v 1.59538856 -0.28131005 0.00000000
v 1.61913762 -0.28549765 -0.09000000
v 1.68402126 -0.29693838 -0.15588457
v 1.77265396 -0.31256672 -0.18000000
v 1.86128665 -0.32819506 -0.15588457
v 1.92617029 -0.33963579 -0.09000000
v 1.98000000 0.00000000 0.70000000
v 1.95588457 0.00000000 0.79000000
v 1.89000000 0.00000000 0.85588457
v 1.80000000 0.00000000 0.88000000
v 1.71000000 0.00000000 0.85588457
v 1.64411543 0.00000000 0.79000000
v 1.62000000 0.00000000 0.70000000
v 1.64411543 0.00000000 0.61000000
v 1.71000000 0.00000000 0.54411543
v 1.80000000 0.00000000 0.52000000
v 1.89000000 0.00000000 0.54411543
v 1.95588457 0.00000000 0.61000000
v 1.94991935 0.34382339 0.70000000
v 1.92617029 0.33963579 0.79000000
v 1.86128665 0.32819506 0.85588457
v 1.77265396 0.31256672 0.88000000
v 1.68402126 0.29693838 0.85588457
v 1.61913762 0.28549765 0.79000000
v 1.59538856 0.28131005 0.70000000
v 1.61913762 0.28549765 0.61000000
v 1.68402126 0.29693838 0.54411543
v 1.77265396 0.31256672 0.52000000
v 1.86128665 0.32819506 0.54411543
v 1.92617029 0.33963579 0.61000000
v 1.86059139 0.67719988 0.70000000
v 1.83793030 0.66895192 0.79000000
v 1.77601905 0.64641807 0.85588457
v 1.69144672 0.61563626 0.88000000
v 1.60687438 0.58485445 0.85588457
v 1.54496313 0.56232059 0.79000000
v 1.52230205 0.55407263 0.70000000
v 1.54496313 0.56232059 0.61000000
v 1.60687438 0.58485445 0.54411543
v 1.69144672 0.61563626 0.52000000
v 1.77601905 0.64641807 0.54411543
v 1.83793030 0.66895192 0.61000000
v 1.71473030 0.99000000 0.70000000
v 1.69384573 0.97794229 0.79000000
v 1.63678801 0.94500000 0.85588457
v 1.55884573 0.90000000 0.88000000
v 1.48090344 0.85500000 0.85588457
v 1.42384573 0.82205771 0.79000000
v 1.40296115 0.81000000 0.70000000
v 1.42384573 0.82205771 0.61000000
v 1.48090344 0.85500000 0.54411543
v 1.55884573 0.90000000 0.52000000
v 1.63678801 0.94500000 0.54411543
v 1.69384573 0.97794229 0.61000000
v 1.51676800 1.27271947 0.70000000
v 1.49829451 1.25721837 0.79000000
v 1.44782400 1.21486858 0.85588457
v 1.37888000 1.15701770 0.88000000
v 1.30993600 1.09916681 0.85588457
v 1.25946549 1.05681703 0.79000000
v 1.24099200 1.04131593 0.70000000
v 1.25946549 1.05681703 0.61000000
v 1.30993600 1.09916681 0.54411543
v 1.37888000 1.15701770 0.52000000
v 1.44782400 1.21486858 0.54411543
v 1.49829451 1.25721837 0.61000000
v 1.27271947 1.51676800 0.70000000
v 1.25721837 1.49829451 0.79000000
v 1.21486858 1.44782400 0.85588457
v 1.15701770 1.37888000 0.88000000
v 1.09916681 1.30993600 0.85588457
v 1.05681703 1.25946549 0.79000000
v 1.04131593 1.24099200 0.70000000
v 1.05681703 1.25946549 0.61000000
v 1.09916681 1.30993600 0.54411543
v 1.15701770 1.37888000 0.52000000
v 1.21486858 1.44782400 0.54411543
v 1.25721837 1.49829451 0.61000000
v 0.99000000 1.71473030 0.70000000
v 0.97794229 1.69384573 0.79000000
v 0.94500000 1.63678801 0.85588457
v 0.90000000 1.55884573 0.88000000
v 0.85500000 1.48090344 0.85588457
v 0.82205771 1.42384573 0.79000000
v 0.81000000 1.40296115 0.70000000
v 0.82205771 1.42384573 0.61000000
v 0.85500000 1.48090344 0.54411543
v 0.90000000 1.55884573 0.52000000
v 0.94500000 1.63678801 0.54411543
v 0.97794229 1.69384573 0.61000000
v 0.67719988 1.86059139 0.70000000
v 0.66895192 1.83793030 0.79000000
v 0.64641807 1.77601905 0.85588457
v 0.61563626 1.69144672 0.88000000
v 0.58485445 1.60687438 0.85588457
v 0.56232059 1.54496313 0.79000000
v 0.55407263 1.52230205 0.70000000
v 0.56232059 1.54496313 0.61000000
v 0.58485445 1.60687438 0.54411543
v 0.61563626 1.69144672 0.52000000
v 0.64641807 1.77601905 0.54411543
v 0.66895192 1.83793030 0.61000000
v 0.34382339 1.94991935 0.70000000
v 0.33963579 1.92617029 0.79000000
v 0.32819506 1.86128665 0.85588457
v 0.31256672 1.77265396 0.88000000
v 0.29693838 1.68402126 0.85588457
v 0.28549765 1.61913762 0.79000000
v 0.28131005 1.59538856 0.70000000
v 0.28549765 1.61913762 0.61000000
v 0.29693838 1.68402126 0.54411543
v 0.31256672 1.77265396 0.52000000
v 0.32819506 1.86128665 0.54411543
v 0.33963579 1.92617029 0.61000000
v 0.00000000 1.98000000 0.70000000
v 0.00000000 1.95588457 0.79000000
v 0.00000000 1.89000000 0.85588457
v 0.00000000 1.80000000 0.88000000
v 0.00000000 1.71000000 0.85588457
v 0.00000000 1.64411543 0.79000000
v 0.00000000 1.62000000 0.70000000
v 0.00000000 1.64411543 0.61000000
v 0.00000000 1.71000000 0.54411543
v 0.00000000 1.80000000 0.52000000
v 0.00000000 1.89000000 0.54411543
v 0.00000000 1.95588457 0.61000000
v -0.34382339 1.94991935 0.70000000
v -0.33963579 1.92617029 0.79000000
v -0.32819506 1.86128665 0.85588457
v -0.31256672 1.77265396 0.88000000
v -0.29693838 1.68402126 0.85588457
v -0.28549765 1.61913762 0.79000000
v -0.28131005 1.59538856 0.70000000
v -0.28549765 1.61913762 0.61000000
v -0.29693838 1.68402126 0.54411543
v -0.31256672 1.77265396 0.52000000
v -0.32819506 1.86128665 0.54411543
v -0.33963579 1.92617029 0.61000000
v -0.67719988 1.86059139 0.70000000
v -0.66895192 1.83793030 0.79000000
v -0.64641807 1.77601905 0.85588457
v -0.61563626 1.69144672 0.88000000
v -0.58485445 1.60687438 0.85588457
v -0.56232059 1.54496313 0.79000000
v -0.55407263 1.52230205 0.70000000
v -0.56232059 1.54496313 0.61000000
v -0.58485445 1.60687438 0.54411543
v -0.61563626 1.69144672 0.52000000
v -0.64641807 1.77601905 0.54411543
v -0.66895192 1.83793030 0.61000000
v -0.99000000 1.71473030 0.70000000
v -0.97794229 1.69384573 0.79000000
v -0.94500000 1.63678801 0.85588457
v -0.90000000 1.55884573 0.88000000
v -0.85500000 1.48090344 0.85588457
v -0.82205771 1.42384573 0.79000000
v -0.81000000 1.40296115 0.70000000
v -0.82205771 1.42384573 0.61000000
v -0.85500000 1.48090344 0.54411543
v -0.90000000 1.55884573 0.52000000
v -0.94500000 1.63678801 0.54411543
v -0.97794229 1.69384573 0.61000000
v -1.27271947 1.51676800 0.70000000
v -1.25721837 1.49829451 0.79000000
v -1.21486858 1.44782400 0.85588457
v -1.15701770 1.37888000 0.88000000
v -1.09916681 1.30993600 0.85588457
v -1.05681703 1.25946549 0.79000000
v -1.04131593 1.24099200 0.70000000
v -1.05681703 1.25946549 0.61000000
v -1.09916681 1.30993600 0.54411543
v -1.15701770 1.37888000 0.52000000
v -1.21486858 1.44782400 0.54411543
v -1.25721837 1.49829451 0.61000000
v -1.51676800 1.27271947 0.70000000
v -1.49829451 1.25721837 0.79000000
v -1.44782400 1.21486858 0.85588457
v -1.37888000 1.15701770 0.88000000
v -1.30993600 1.09916681 0.85588457
v -1.25946549 1.05681703 0.79000000
v -1.24099200 1.04131593 0.70000000
v -1.25946549 1.05681703 0.61000000
v -1.30993600 1.09916681 0.54411543
v -1.37888000 1.15701770 0.52000000
v -1.44782400 1.21486858 0.54411543
v -1.49829451 1.25721837 0.61000000
v -1.71473030 0.99000000 0.70000000
v -1.69384573 0.97794229 0.79000000
v -1.63678801 0.94500000 0.85588457
v -1.55884573 0.90000000 0.88000000
v -1.48090344 0.85500000 0.85588457
v -1.42384573 0.82205771 0.79000000
v -1.40296115 0.81000000 0.70000000
v -1.42384573 0.82205771 0.61000000
v -1.48090344 0.85500000 0.54411543
v -1.55884573 0.90000000 0.52000000
v -1.63678801 0.94500000 0.54411543
v -1.69384573 0.97794229 0.61000000
v -1.86059139 0.67719988 0.70000000
v -1.83793030 0.66895192 0.79000000
v -1.77601905 0.64641807 0.85588457
v -1.69144672 0.61563626 0.88000000
v -1.60687438 0.58485445 0.85588457
v -1.54496313 0.56232059 0.79000000
v -1.52230205 0.55407263 0.70000000
v -1.54496313 0.56232059 0.61000000
v -1.60687438 0.58485445 0.54411543
v -1.69144672 0.61563626 0.52000000
v -1.77601905 0.64641807 0.54411543
v -1.83793030 0.66895192 0.61000000
v -1.94991935 0.34382339 0.70000000
v -1.92617029 0.33963579 0.79000000
v -1.86128665 0.32819506 0.85588457
v -1.77265396 0.31256672 0.88000000
v -1.68402126 0.29693838 0.85588457
v -1.61913762 0.28549765 0.79000000
v -1.59538856 0.28131005 0.70000000
v -1.61913762 0.28549765 0.61000000
v -1.68402126 0.29693838 0.54411543
v -1.77265396 0.31256672 0.52000000
v -1.86128665 0.32819506 0.54411543
v -1.92617029 0.33963579 0.61000000
v -1.98000000 0.00000000 0.70000000
v -1.95588457 0.00000000 0.79000000
v -1.89000000 0.00000000 0.85588457
v -1.80000000 0.00000000 0.88000000
v -1.71000000 0.00000000 0.85588457
v -1.64411543 0.00000000 0.79000000
v -1.62000000 0.00000000 0.70000000
v -1.64411543 0.00000000 0.61000000
v -1.71000000 0.00000000 0.54411543
v -1.80000000 0.00000000 0.52000000
v -1.89000000 0.00000000 0.54411543
v -1.95588457 0.00000000 0.61000000
v -1.94991935 -0.34382339 0.70000000
v -1.92617029 -0.33963579 0.79000000
v -1.86128665 -0.32819506 0.85588457
v -1.77265396 -0.31256672 0.88000000
v -1.68402126 -0.29693838 0.85588457
v -1.61913762 -0.28549765 0.79000000
v -1.59538856 -0.28131005 0.70000000
v -1.61913762 -0.28549765 0.61000000
v -1.68402126 -0.29693838 0.54411543
v -1.77265396 -0.31256672 0.52000000
v -1.86128665 -0.32819506 0.54411543
v -1.92617029 -0.33963579 0.61000000
v -1.86059139 -0.67719988 0.70000000
v -1.83793030 -0.66895192 0.79000000
v -1.77601905 -0.64641807 0.85588457
v -1.69144672 -0.61563626 0.88000000
v -1.60687438 -0.58485445 0.85588457
v -1.54496313 -0.56232059 0.79000000
v -1.52230205 -0.55407263 0.70000000
v -1.54496313 -0.56232059 0.61000000
v -1.60687438 -0.58485445 0.54411543
v -1.69144672 -0.61563626 0.52000000
v -1.77601905 -0.64641807 0.54411543
v -1.83793030 -0.66895192 0.61000000
v -1.71473030 -0.99000000 0.70000000
v -1.69384573 -0.97794229 0.79000000
v -1.63678801 -0.94500000 0.85588457
v -1.55884573 -0.90000000 0.88000000
v -1.48090344 -0.85500000 0.85588457
v -1.42384573 -0.82205771 0.79000000
v -1.40296115 -0.81000000 0.70000000
v -1.42384573 -0.82205771 0.61000000
v -1.48090344 -0.85500000 0.54411543
v -1.55884573 -0.90000000 0.52000000
v -1.63678801 -0.94500000 0.54411543
v -1.69384573 -0.97794229 0.61000000
v -1.51676800 -1.27271947 0.70000000
v -1.49829451 -1.25721837 0.79000000
v -1.44782400 -1.21486858 0.85588457
v -1.37888000 -1.15701770 0.88000000
v -1.30993600 -1.09916681 0.85588457
v -1.25946549 -1.05681703 0.79000000
v -1.24099200 -1.04131593 0.70000000
v -1.25946549 -1.05681703 0.61000000
v -1.30993600 -1.09916681 0.54411543
v -1.37888000 -1.15701770 0.52000000
v -1.44782400 -1.21486858 0.54411543
v -1.49829451 -1.25721837 0.61000000
v -1.27271947 -1.51676800 0.70000000
v -1.25721837 -1.49829451 0.79000000
v -1.21486858 -1.44782400 0.85588457
v -1.15701770 -1.37888000 0.88000000
v -1.09916681 -1.30993600 0.85588457
v -1.05681703 -1.25946549 0.79000000
v -1.04131593 -1.24099200 0.70000000
v -1.05681703 -1.25946549 0.61000000
v -1.09916681 -1.30993600 0.54411543
v -1.15701770 -1.37888000 0.52000000
v -1.21486858 -1.44782400 0.54411543
v -1.25721837 -1.49829451 0.61000000
v -0.99000000 -1.71473030 0.70000000
v -0.97794229 -1.69384573 0.79000000
v -0.94500000 -1.63678801 0.85588457
v -0.90000000 -1.55884573 0.88000000
v -0.85500000 -1.48090344 0.85588457
v -0.82205771 -1.42384573 0.79000000
v -0.81000000 -1.40296115 0.70000000
v -0.82205771 -1.42384573 0.61000000
v -0.85500000 -1.48090344 0.54411543
v -0.90000000 -1.55884573 0.52000000
v -0.94500000 -1.63678801 0.54411543
v -0.97794229 -1.69384573 0.61000000
v -0.67719988 -1.86059139 0.70000000
v -0.66895192 -1.83793030 0.79000000
v -0.64641807 -1.77601905 0.85588457
v -0.61563626 -1.69144672 0.88000000
v -0.58485445 -1.60687438 0.85588457
v -0.56232059 -1.54496313 0.79000000
v -0.55407263 -1.52230205 0.70000000
v -0.56232059 -1.54496313 0.61000000
v -0.58485445 -1.60687438 0.54411543
v -0.61563626 -1.69144672 0.52000000
v -0.64641807 -1.77601905 0.54411543
v -0.66895192 -1.83793030 0.61000000
v -0.34382339 -1.94991935 0.70000000
v -0.33963579 -1.92617029 0.79000000
v -0.32819506 -1.86128665 0.85588457
v -0.31256672 -1.77265396 0.88000000
v -0.29693838 -1.68402126 0.85588457
v -0.28549765 -1.61913762 0.79000000
v -0.28131005 -1.59538856 0.70000000
v -0.28549765 -1.61913762 0.61000000
v -0.29693838 -1.68402126 0.54411543
v -0.31256672 -1.77265396 0.52000000
v -0.32819506 -1.86128665 0.54411543
v -0.33963579 -1.92617029 0.61000000
v -0.00000000 -1.98000000 0.70000000
v -0.00000000 -1.95588457 0.79000000
v -0.00000000 -1.89000000 0.85588457
v -0.00000000 -1.80000000 0.88000000
v -0.00000000 -1.71000000 0.85588457
v -0.00000000 -1.64411543 0.79000000
v -0.00000000 -1.62000000 0.70000000
v -0.00000000 -1.64411543 0.61000000
v -0.00000000 -1.71000000 0.54411543
v -0.00000000 -1.80000000 0.52000000
v -0.00000000 -1.89000000 0.54411543
v -0.00000000 -1.95588457 0.61000000
v 0.34382339 -1.94991935 0.70000000
v 0.33963579 -1.92617029 0.79000000
v 0.32819506 -1.86128665 0.85588457
v 0.31256672 -1.77265396 0.88000000
v 0.29693838 -1.68402126 0.85588457
v 0.28549765 -1.61913762 0.79000000
v 0.28131005 -1.59538856 0.70000000
v 0.28549765 -1.61913762 0.61000000
v 0.29693838 -1.68402126 0.54411543
v 0.31256672 -1.77265396 0.52000000
v 0.32819506 -1.86128665 0.54411543
v 0.33963579 -1.92617029 0.61000000
v 0.67719988 -1.86059139 0.70000000
v 0.66895192 -1.83793030 0.79000000
v 0.64641807 -1.77601905 0.85588457
v 0.61563626 -1.69144672 0.88000000
v 0.58485445 -1.60687438 0.85588457
v 0.56232059 -1.54496313 0.79000000
v 0.55407263 -1.52230205 0.70000000
v 0.56232059 -1.54496313 0.61000000
v 0.58485445 -1.60687438 0.54411543
v 0.61563626 -1.69144672 0.52000000
v 0.64641807 -1.77601905 0.54411543
v 0.66895192 -1.83793030 0.61000000
v 0.99000000 -1.71473030 0.70000000
v 0.97794229 -1.69384573 0.79000000
v 0.94500000 -1.63678801 0.85588457
v 0.90000000 -1.55884573 0.88000000
v 0.85500000 -1.48090344 0.85588457
v 0.82205771 -1.42384573 0.79000000
v 0.81000000 -1.40296115 0.70000000
v 0.82205771 -1.42384573 0.61000000
v 0.85500000 -1.48090344 0.54411543
v 0.90000000 -1.55884573 0.52000000
v 0.94500000 -1.63678801 0.54411543
v 0.97794229 -1.69384573 0.61000000
v 1.27271947 -1.51676800 0.70000000
v 1.25721837 -1.49829451 0.79000000
v 1.21486858 -1.44782400 0.85588457
v 1.15701770 -1.37888000 0.88000000
v 1.09916681 -1.30993600 0.85588457
v 1.05681703 -1.25946549 0.79000000
v 1.04131593 -1.24099200 0.70000000
v 1.05681703 -1.25946549 0.61000000
v 1.09916681 -1.30993600 0.54411543
v 1.15701770 -1.37888000 0.52000000
v 1.21486858 -1.44782400 0.54411543
v 1.25721837 -1.49829451 0.61000000
v 1.51676800 -1.27271947 0.70000000
v 1.49829451 -1.25721837 0.79000000
v 1.44782400 -1.21486858 0.85588457
v 1.37888000 -1.15701770 0.88000000
v 1.30993600 -1.09916681 0.85588457
v 1.25946549 -1.05681703 0.79000000
v 1.24099200 -1.04131593 0.70000000
v 1.25946549 -1.05681703 0.61000000
v 1.30993600 -1.09916681 0.54411543
v 1.37888000 -1.15701770 0.52000000
v 1.44782400 -1.21486858 0.54411543
v 1.49829451 -1.25721837 0.61000000
v 1.71473030 -0.99000000 0.70000000
v 1.69384573 -0.97794229 0.79000000
v 1.63678801 -0.94500000 0.85588457
v 1.55884573 -0.90000000 0.88000000
v 1.48090344 -0.85500000 0.85588457
v 1.42384573 -0.82205771 0.79000000
v 1.40296115 -0.81000000 0.70000000
v 1.42384573 -0.82205771 0.61000000
v 1.48090344 -0.85500000 0.54411543
v 1.55884573 -0.90000000 0.52000000
v 1.63678801 -0.94500000 0.54411543
v 1.69384573 -0.97794229 0.61000000
v 1.86059139 -0.67719988 0.70000000
v 1.83793030 -0.66895192 0.79000000
v 1.77601905 -0.64641807 0.85588457
v 1.69144672 -0.61563626 0.88000000
v 1.60687438 -0.58485445 0.85588457
v 1.54496313 -0.56232059 0.79000000
v 1.52230205 -0.55407263 0.70000000
v 1.54496313 -0.56232059 0.61000000
v 1.60687438 -0.58485445 0.54411543
v 1.69144672 -0.61563626 0.52000000
v 1.77601905 -0.64641807 0.54411543
v 1.83793030 -0.66895192 0.61000000
v 1.94991935 -0.34382339 0.70000000
v 1.92617029 -0.33963579 0.79000000
v 1.86128665 -0.32819506 0.85588457
v 1.77265396 -0.31256672 0.88000000
v 1.68402126 -0.29693838 0.85588457
v 1.61913762 -0.28549765 0.79000000
v 1.59538856 -0.28131005 0.70000000
v 1.61913762 -0.28549765 0.61000000
v 1.68402126 -0.29693838 0.54411543
v 1.77265396 -0.31256672 0.52000000
v 1.86128665 -0.32819506 0.54411543
v 1.92617029 -0.33963579 0.61000000
v 1.98000000 0.00000000 1.40000000
v 1.95588457 0.00000000 1.49000000
v 1.89000000 0.00000000 1.55588457
v 1.80000000 0.00000000 1.58000000
v 1.71000000 0.00000000 1.55588457
v 1.64411543 0.00000000 1.49000000
v 1.62000000 0.00000000 1.40000000
v 1.64411543 0.00000000 1.31000000
v 1.71000000 0.00000000 1.24411543
v 1.80000000 0.00000000 1.22000000
v 1.89000000 0.00000000 1.24411543
v 1.95588457 0.00000000 1.31000000
v 1.94991935 0.34382339 1.40000000
v 1.92617029 0.33963579 1.49000000
v 1.86128665 0.32819506 1.55588457
v 1.77265396 0.31256672 1.58000000
v 1.68402126 0.29693838 1.55588457
v 1.61913762 0.28549765 1.49000000
v 1.59538856 0.28131005 1.40000000
v 1.61913762 0.28549765 1.31000000
v 1.68402126 0.29693838 1.24411543
v 1.77265396 0.31256672 1.22000000
v 1.86128665 0.32819506 1.24411543
v 1.92617029 0.33963579 1.31000000
v 1.86059139 0.67719988 1.40000000
v 1.83793030 0.66895192 1.49000000
v 1.77601905 0.64641807 1.55588457
v 1.69144672 0.61563626 1.58000000
v 1.60687438 0.58485445 1.55588457
v 1.54496313 0.56232059 1.49000000
v 1.52230205 0.55407263 1.40000000
v 1.54496313 0.56232059 1.31000000
v 1.60687438 0.58485445 1.24411543
v 1.69144672 0.61563626 1.22000000
v 1.77601905 0.64641807 1.24411543
v 1.83793030 0.66895192 1.31000000
v 1.71473030 0.99000000 1.40000000
v 1.69384573 0.97794229 1.49000000
v 1.63678801 0.94500000 1.55588457
v 1.55884573 0.90000000 1.58000000
v 1.48090344 0.85500000 1.55588457
v 1.42384573 0.82205771 1.49000000
v 1.40296115 0.81000000 1.40000000
v 1.42384573 0.82205771 1.31000000
v 1.48090344 0.85500000 1.24411543
v 1.55884573 0.90000000 1.22000000
v 1.63678801 0.94500000 1.24411543
v 1.69384573 0.97794229 1.31000000
v 1.51676800 1.27271947 1.40000000
v 1.49829451 1.25721837 1.49000000
v 1.44782400 1.21486858 1.55588457
v 1.37888000 1.15701770 1.58000000
v 1.30993600 1.09916681 1.55588457
v 1.25946549 1.05681703 1.49000000
v 1.24099200 1.04131593 1.40000000
v 1.25946549 1.05681703 1.31000000
v 1.30993600 1.09916681 1.24411543
v 1.37888000 1.15701770 1.22000000
v 1.44782400 1.21486858 1.24411543
v 1.49829451 1.25721837 1.31000000
v 1.27271947 1.51676800 1.40000000
v 1.25721837 1.49829451 1.49000000
v 1.21486858 1.44782400 1.55588457
v 1.15701770 1.37888000 1.58000000
v 1.09916681 1.30993600 1.55588457
v 1.05681703 1.25946549 1.49000000
v 1.04131593 1.24099200 1.40000000
v 1.05681703 1.25946549 1.31000000
v 1.09916681 1.30993600 1.24411543
v 1.15701770 1.37888000 1.22000000
v 1.21486858 1.44782400 1.24411543
v 1.25721837 1.49829451 1.31000000
v 0.99000000 1.71473030 1.40000000
v 0.97794229 1.69384573 1.49000000
v 0.94500000 1.63678801 1.55588457
v 0.90000000 1.55884573 1.58000000
v 0.85500000 1.48090344 1.55588457
v 0.82205771 1.42384573 1.49000000
v 0.81000000 1.40296115 1.40000000
v 0.82205771 1.42384573 1.31000000
v 0.85500000 1.48090344 1.24411543
v 0.90000000 1.55884573 1.22000000
v 0.94500000 1.63678801 1.24411543
v 0.97794229 1.69384573 1.31000000
v 0.67719988 1.86059139 1.40000000
v 0.66895192 1.83793030 1.49000000
v 0.64641807 1.77601905 1.55588457
v 0.61563626 1.69144672 1.58000000
v 0.58485445 1.60687438 1.55588457
v 0.56232059 1.54496313 1.49000000
v 0.55407263 1.52230205 1.40000000
v 0.56232059 1.54496313 1.31000000
v 0.58485445 1.60687438 1.24411543
v 0.61563626 1.69144672 1.22000000
v 0.64641807 1.77601905 1.24411543
v 0.66895192 1.83793030 1.31000000
v 0.34382339 1.94991935 1.40000000
v 0.33963579 1.92617029 1.49000000
v 0.32819506 1.86128665 1.55588457
v 0.31256672 1.77265396 1.58000000
v 0.29693838 1.68402126 1.55588457
v 0.28549765 1.61913762 1.49000000
v 0.28131005 1.59538856 1.40000000
v 0.28549765 1.61913762 1.31000000
v 0.29693838 1.68402126 1.24411543
v 0.31256672 1.77265396 1.22000000
v 0.32819506 1.86128665 1.24411543
v 0.33963579 1.92617029 1.31000000
v 0.00000000 1.98000000 1.40000000
v 0.00000000 1.95588457 1.49000000
v 0.00000000 1.89000000 1.55588457
v 0.00000000 1.80000000 1.58000000
v 0.00000000 1.71000000 1.55588457
v 0.00000000 1.64411543 1.49000000
v 0.00000000 1.62000000 1.40000000
v 0.00000000 1.64411543 1.31000000
v 0.00000000 1.71000000 1.24411543
v 0.00000000 1.80000000 1.22000000
v 0.00000000 1.89000000 1.24411543
v 0.00000000 1.95588457 1.31000000
v -0.34382339 1.94991935 1.40000000
v -0.33963579 1.92617029 1.49000000
v -0.32819506 1.86128665 1.55588457
v -0.31256672 1.77265396 1.58000000
v -0.29693838 1.68402126 1.55588457
v -0.28549765 1.61913762 1.49000000
v -0.28131005 1.59538856 1.40000000
v -0.28549765 1.61913762 1.31000000
v -0.29693838 1.68402126 1.24411543
v -0.31256672 1.77265396 1.22000000
v -0.32819506 1.86128665 1.24411543
v -0.33963579 1.92617029 1.31000000
v -0.67719988 1.86059139 1.40000000
v -0.66895192 1.83793030 1.49000000
v -0.64641807 1.77601905 1.55588457
v -0.61563626 1.69144672 1.58000000
v -0.58485445 1.60687438 1.55588457
v -0.56232059 1.54496313 1.49000000
v -0.55407263 1.52230205 1.40000000
v -0.56232059 1.54496313 1.31000000
v -0.58485445 1.60687438 1.24411543
v -0.61563626 1.69144672 1.22000000
v -0.64641807 1.77601905 1.24411543
v -0.66895192 1.83793030 1.31000000
v -0.99000000 1.71473030 1.40000000
v -0.97794229 1.69384573 1.49000000
v -0.94500000 1.63678801 1.55588457
v -0.90000000 1.55884573 1.58000000
v -0.85500000 1.48090344 1.55588457
v -0.82205771 1.42384573 1.49000000
v -0.81000000 1.40296115 1.40000000
v -0.82205771 1.42384573 1.31000000
v -0.85500000 1.48090344 1.24411543
v -0.90000000 1.55884573 1.22000000
v -0.94500000 1.63678801 1.24411543
v -0.97794229 1.69384573 1.31000000
v -1.27271947 1.51676800 1.40000000
v -1.25721837 1.49829451 1.49000000
v -1.21486858 1.44782400 1.55588457
v -1.15701770 1.37888000 1.58000000
v -1.09916681 1.30993600 1.55588457
v -1.05681703 1.25946549 1.49000000
v -1.04131593 1.24099200 1.40000000
v -1.05681703 1.25946549 1.31000000
v -1.09916681 1.30993600 1.24411543
v -1.15701770 1.37888000 1.22000000
v -1.21486858 1.44782400 1.24411543
v -1.25721837 1.49829451 1.31000000
v -1.51676800 1.27271947 1.40000000
v -1.49829451 1.25721837 1.49000000
v -1.44782400 1.21486858 1.55588457
v -1.37888000 1.15701770 1.58000000
v -1.30993600 1.09916681 1.55588457
v -1.25946549 1.05681703 1.49000000
v -1.24099200 1.04131593 1.40000000
v -1.25946549 1.05681703 1.31000000
v -1.30993600 1.09916681 1.24411543
v -1.37888000 1.15701770 1.22000000
v -1.44782400 1.21486858 1.24411543
v -1.49829451 1.25721837 1.31000000
v -1.71473030 0.99000000 1.40000000
v -1.69384573 0.97794229 1.49000000
v -1.63678801 0.94500000 1.55588457
v -1.55884573 0.90000000 1.58000000
v -1.48090344 0.85500000 1.55588457
v -1.42384573 0.82205771 1.49000000
v -1.40296115 0.81000000 1.40000000
v -1.42384573 0.82205771 1.31000000
v -1.48090344 0.85500000 1.24411543
v -1.55884573 0.90000000 1.22000000
v -1.63678801 0.94500000 1.24411543
v -1.69384573 0.97794229 1.31000000
v -1.86059139 0.67719988 1.40000000
v -1.83793030 0.66895192 1.49000000
v -1.77601905 0.64641807 1.55588457
v -1.69144672 0.61563626 1.58000000
v -1.60687438 0.58485445 1.55588457
v -1.54496313 0.56232059 1.49000000
v -1.52230205 0.55407263 1.40000000
v -1.54496313 0.56232059 1.31000000
v -1.60687438 0.58485445 1.24411543
v -1.69144672 0.61563626 1.22000000
v -1.77601905 0.64641807 1.24411543
v -1.83793030 0.66895192 1.31000000
v -1.94991935 0.34382339 1.40000000
v -1.92617029 0.33963579 1.49000000
v -1.86128665 0.32819506 1.55588457
v -1.77265396 0.31256672 1.58000000
v -1.68402126 0.29693838 1.55588457
v -1.61913762 0.28549765 1.49000000
v -1.59538856 0.28131005 1.40000000
v -1.61913762 0.28549765 1.31000000
v -1.68402126 0.29693838 1.24411543
v -1.77265396 0.31256672 1.22000000
v -1.86128665 0.32819506 1.24411543
v -1.92617029 0.33963579 1.31000000
v -1.98000000 0.00000000 1.40000000
v -1.95588457 0.00000000 1.49000000
v -1.89000000 0.00000000 1.55588457
v -1.80000000 0.00000000 1.58000000
v -1.71000000 0.00000000 1.55588457
v -1.64411543 0.00000000 1.49000000
v -1.62000000 0.00000000 1.40000000
v -1.64411543 0.00000000 1.31000000
v -1.71000000 0.00000000 1.24411543
v -1.80000000 0.00000000 1.22000000
v -1.89000000 0.00000000 1.24411543
v -1.95588457 0.00000000 1.31000000
v -1.94991935 -0.34382339 1.40000000
v -1.92617029 -0.33963579 1.49000000
v -1.86128665 -0.32819506 1.55588457
v -1.77265396 -0.31256672 1.58000000
v -1.68402126 -0.29693838 1.55588457
v -1.61913762 -0.28549765 1.49000000
v -1.59538856 -0.28131005 1.40000000
v -1.61913762 -0.28549765 1.31000000
v -1.68402126 -0.29693838 1.24411543
v -1.77265396 -0.31256672 1.22000000
v -1.86128665 -0.32819506 1.24411543
v -1.92617029 -0.33963579 1.31000000
v -1.86059139 -0.67719988 1.40000000
v -1.83793030 -0.66895192 1.49000000
v -1.77601905 -0.64641807 1.55588457
v -1.69144672 -0.61563626 1.58000000
v -1.60687438 -0.58485445 1.55588457
v -1.54496313 -0.56232059 1.49000000
v -1.52230205 -0.55407263 1.40000000
v -1.54496313 -0.56232059 1.31000000
v -1.60687438 -0.58485445 1.24411543
v -1.69144672 -0.61563626 1.22000000
v -1.77601905 -0.64641807 1.24411543
v -1.83793030 -0.66895192 1.31000000
v -1.71473030 -0.99000000 1.40000000
v -1.69384573 -0.97794229 1.49000000
v -1.63678801 -0.94500000 1.55588457
v -1.55884573 -0.90000000 1.58000000
v -1.48090344 -0.85500000 1.55588457
v -1.42384573 -0.82205771 1.49000000
v -1.40296115 -0.81000000 1.40000000
v -1.42384573 -0.82205771 1.31000000
v -1.48090344 -0.85500000 1.24411543
v -1.55884573 -0.90000000 1.22000000
v -1.63678801 -0.94500000 1.24411543
v -1.69384573 -0.97794229 1.31000000
v -1.51676800 -1.27271947 1.40000000
v -1.49829451 -1.25721837 1.49000000
v -1.44782400 -1.21486858 1.55588457
v -1.37888000 -1.15701770 1.58000000
v -1.30993600 -1.09916681 1.55588457
v -1.25946549 -1.05681703 1.49000000
v -1.24099200 -1.04131593 1.40000000
v -1.25946549 -1.05681703 1.31000000
v -1.30993600 -1.09916681 1.24411543
v -1.37888000 -1.15701770 1.22000000
v -1.44782400 -1.21486858 1.24411543
v -1.49829451 -1.25721837 1.31000000
v -1.27271947 -1.51676800 1.40000000
v -1.25721837 -1.49829451 1.49000000
v -1.21486858 -1.44782400 1.55588457
v -1.15701770 -1.37888000 1.58000000
v -1.09916681 -1.30993600 1.55588457
v -1.05681703 -1.25946549 1.49000000
v -1.04131593 -1.24099200 1.40000000
v -1.05681703 -1.25946549 1.31000000
v -1.09916681 -1.30993600 1.24411543
v -1.15701770 -1.37888000 1.22000000
v -1.21486858 -1.44782400 1.24411543
v -1.25721837 -1.49829451 1.31000000
v -0.99000000 -1.71473030 1.40000000
v -0.97794229 -1.69384573 1.49000000
v -0.94500000 -1.63678801 1.55588457
v -0.90000000 -1.55884573 1.58000000
v -0.85500000 -1.48090344 1.55588457
v -0.82205771 -1.42384573 1.49000000
v -0.81000000 -1.40296115 1.40000000
v -0.82205771 -1.42384573 1.31000000
v -0.85500000 -1.48090344 1.24411543
v -0.90000000 -1.55884573 1.22000000
v -0.94500000 -1.63678801 1.24411543
v -0.97794229 -1.69384573 1.31000000
v -0.67719988 -1.86059139 1.40000000
v -0.66895192 -1.83793030 1.49000000
v -0.64641807 -1.77601905 1.55588457
v -0.61563626 -1.69144672 1.58000000
v -0.58485445 -1.60687438 1.55588457
v -0.56232059 -1.54496313 1.49000000
v -0.55407263 -1.52230205 1.40000000
v -0.56232059 -1.54496313 1.31000000
v -0.58485445 -1.60687438 1.24411543
v -0.61563626 -1.69144672 1.22000000
v -0.64641807 -1.77601905 1.24411543
v -0.66895192 -1.83793030 1.31000000
v -0.34382339 -1.94991935 1.40000000
v -0.33963579 -1.92617029 1.49000000
v -0.32819506 -1.86128665 1.55588457
v -0.31256672 -1.77265396 1.58000000
v -0.29693838 -1.68402126 1.55588457
v -0.28549765 -1.61913762 1.49000000
v -0.28131005 -1.59538856 1.40000000
v -0.28549765 -1.61913762 1.31000000
v -0.29693838 -1.68402126 1.24411543
v -0.31256672 -1.77265396 1.22000000
v -0.32819506 -1.86128665 1.24411543
v -0.33963579 -1.92617029 1.31000000
v -0.00000000 -1.98000000 1.40000000
v -0.00000000 -1.95588457 1.49000000
v -0.00000000 -1.89000000 1.55588457
v -0.00000000 -1.80000000 1.58000000
v -0.00000000 -1.71000000 1.55588457
v -0.00000000 -1.64411543 1.49000000
v -0.00000000 -1.62000000 1.40000000
v -0.00000000 -1.64411543 1.31000000
v -0.00000000 -1.71000000 1.24411543
v -0.00000000 -1.80000000 1.22000000
v -0.00000000 -1.89000000 1.24411543
v -0.00000000 -1.95588457 1.31000000
v 0.34382339 -1.94991935 1.40000000
v 0.33963579 -1.92617029 1.49000000
v 0.32819506 -1.86128665 1.55588457
v 0.31256672 -1.77265396 1.58000000
v 0.29693838 -1.68402126 1.55588457
v 0.28549765 -1.61913762 1.49000000
v 0.28131005 -1.59538856 1.40000000
v 0.28549765 -1.61913762 1.31000000
v 0.29693838 -1.68402126 1.24411543
v 0.31256672 -1.77265396 1.22000000
v 0.32819506 -1.86128665 1.24411543
v 0.33963579 -1.92617029 1.31000000
v 0.67719988 -1.86059139 1.40000000
v 0.66895192 -1.83793030 1.49000000
v 0.64641807 -1.77601905 1.55588457
v 0.61563626 -1.69144672 1.58000000
v 0.58485445 -1.60687438 1.55588457
v 0.56232059 -1.54496313 1.49000000
v 0.55407263 -1.52230205 1.40000000
v 0.56232059 -1.54496313 1.31000000
v 0.58485445 -1.60687438 1.24411543
v 0.61563626 -1.69144672 1.22000000
v 0.64641807 -1.77601905 1.24411543
v 0.66895192 -1.83793030 1.31000000
v 0.99000000 -1.71473030 1.40000000
v 0.97794229 -1.69384573 1.49000000
v 0.94500000 -1.63678801 1.55588457
v 0.90000000 -1.55884573 1.58000000
v 0.85500000 -1.48090344 1.55588457
v 0.82205771 -1.42384573 1.49000000
v 0.81000000 -1.40296115 1.40000000
v 0.82205771 -1.42384573 1.31000000
v 0.85500000 -1.48090344 1.24411543
v 0.90000000 -1.55884573 1.22000000
v 0.94500000 -1.63678801 1.24411543
v 0.97794229 -1.69384573 1.31000000
v 1.27271947 -1.51676800 1.40000000
v 1.25721837 -1.49829451 1.49000000
v 1.21486858 -1.44782400 1.55588457
v 1.15701770 -1.37888000 1.58000000
v 1.09916681 -1.30993600 1.55588457
v 1.05681703 -1.25946549 1.49000000
v 1.04131593 -1.24099200 1.40000000
v 1.05681703 -1.25946549 1.31000000
v 1.09916681 -1.30993600 1.24411543
v 1.15701770 -1.37888000 1.22000000
v 1.21486858 -1.44782400 1.24411543
v 1.25721837 -1.49829451 1.31000000
v 1.51676800 -1.27271947 1.40000000
v 1.49829451 -1.25721837 1.49000000
v 1.44782400 -1.21486858 1.55588457
v 1.37888000 -1.15701770 1.58000000
v 1.30993600 -1.09916681 1.55588457
v 1.25946549 -1.05681703 1.49000000
v 1.24099200 -1.04131593 1.40000000
v 1.25946549 -1.05681703 1.31000000
v 1.30993600 -1.09916681 1.24411543
v 1.37888000 -1.15701770 1.22000000
v 1.44782400 -1.21486858 1.24411543
v 1.49829451 -1.25721837 1.31000000
v 1.71473030 -0.99000000 1.40000000
v 1.69384573 -0.97794229 1.49000000
v 1.63678801 -0.94500000 1.55588457
v 1.55884573 -0.90000000 1.58000000
v 1.48090344 -0.85500000 1.55588457
v 1.42384573 -0.82205771 1.49000000
v 1.40296115 -0.81000000 1.40000000
v 1.42384573 -0.82205771 1.31000000
v 1.48090344 -0.85500000 1.24411543
v 1.55884573 -0.90000000 1.22000000
v 1.63678801 -0.94500000 1.24411543
v 1.69384573 -0.97794229 1.31000000
v 1.86059139 -0.67719988 1.40000000
v 1.83793030 -0.66895192 1.49000000
v 1.77601905 -0.64641807 1.55588457
v 1.69144672 -0.61563626 1.58000000
v 1.60687438 -0.58485445 1.55588457
v 1.54496313 -0.56232059 1.49000000
v 1.52230205 -0.55407263 1.40000000
v 1.54496313 -0.56232059 1.31000000
v 1.60687438 -0.58485445 1.24411543
v 1.69144672 -0.61563626 1.22000000
v 1.77601905 -0.64641807 1.24411543
v 1.83793030 -0.66895192 1.31000000
v 1.94991935 -0.34382339 1.40000000
v 1.92617029 -0.33963579 1.49000000
v 1.86128665 -0.32819506 1.55588457
v 1.77265396 -0.31256672 1.58000000
v 1.68402126 -0.29693838 1.55588457
v 1.61913762 -0.28549765 1.49000000
v 1.59538856 -0.28131005 1.40000000
v 1.61913762 -0.28549765 1.31000000
v 1.68402126 -0.29693838 1.24411543
v 1.77265396 -0.31256672 1.22000000
v 1.86128665 -0.32819506 1.24411543
v 1.92617029 -0.33963579 1.31000000
v 0.00000000 0.00000000 -2.00000000
v 0.35000000 0.00000000 -2.00000000
v 0.35000000 0.00000000 2.00000000
v 0.00000000 0.00000000 2.00000000
v 0.33807404 0.09058667 -2.00000000
v 0.33807404 0.09058667 2.00000000
v 0.30310889 0.17500000 -2.00000000
v 0.30310889 0.17500000 2.00000000
v 0.24748737 0.24748737 -2.00000000
v 0.24748737 0.24748737 2.00000000
v 0.17500000 0.30310889 -2.00000000
v 0.17500000 0.30310889 2.00000000
v 0.09058667 0.33807404 -2.00000000
v 0.09058667 0.33807404 2.00000000
v 0.00000000 0.35000000 -2.00000000
v 0.00000000 0.35000000 2.00000000
v -0.09058667 0.33807404 -2.00000000
v -0.09058667 0.33807404 2.00000000
v -0.17500000 0.30310889 -2.00000000
v -0.17500000 0.30310889 2.00000000
v -0.24748737 0.24748737 -2.00000000
v -0.24748737 0.24748737 2.00000000
v -0.30310889 0.17500000 -2.00000000
v -0.30310889 0.17500000 2.00000000
v -0.33807404 0.09058667 -2.00000000
v -0.33807404 0.09058667 2.00000000
v -0.35000000 0.00000000 -2.00000000
v -0.35000000 0.00000000 2.00000000
v -0.33807404 -0.09058667 -2.00000000
v -0.33807404 -0.09058667 2.00000000
v -0.30310889 -0.17500000 -2.00000000
v -0.30310889 -0.17500000 2.00000000
v -0.24748737 -0.24748737 -2.00000000
v -0.24748737 -0.24748737 2.00000000
v -0.17500000 -0.30310889 -2.00000000
v -0.17500000 -0.30310889 2.00000000
v -0.09058667 -0.33807404 -2.00000000
v -0.09058667 -0.33807404 2.00000000
v -0.00000000 -0.35000000 -2.00000000
v -0.00000000 -0.35000000 2.00000000
v 0.09058667 -0.33807404 -2.00000000
v 0.09058667 -0.33807404 2.00000000
v 0.17500000 -0.30310889 -2.00000000
v 0.17500000 -0.30310889 2.00000000
v 0.24748737 -0.24748737 -2.00000000
v 0.24748737 -0.24748737 2.00000000
v 0.30310889 -0.17500000 -2.00000000
v 0.30310889 -0.17500000 2.00000000
v 0.33807404 -0.09058667 -2.00000000
v 0.33807404 -0.09058667 2.00000000
f 1 13 2
f 2 13 14
f 2 14 3
f 3 14 15
f 3 15 4
f 4 15 16
f 4 16 5
f 5 16 17
f 5 17 6
f 6 17 18
f 6 18 7
f 7 18 19
f 7 19 8
f 8 19 20
f 8 20 9
f 9 20 21
f 9 21 10
f 10 21 22
f 10 22 11
f 11 22 23
f 11 23 12
f 12 23 24
f 12 24 1
f 1 24 13
f 13 25 14
f 14 25 26
f 14 26 15
f 15 26 27
f 15 27 16
f 16 27 28
f 16 28 17
f 17 28 29
f 17 29 18
f 18 29 30
f 18 30 19
f 19 30 31
f 19 31 20
f 20 31 32
f 20 32 21
f 21 32 33
f 21 33 22
f 22 33 34
f 22 34 23
f 23 34 35
f 23 35 24
f 24 35 36
f 24 36 13
f 13 36 25
f 25 37 26
f 26 37 38
f 26 38 27
f 27 38 39
f 27 39 28
f 28 39 40
f 28 40 29
f 29 40 41
f 29 41 30
f 30 41 42
f 30 42 31
f 31 42 43
f 31 43 32
f 32 43 44
f 32 44 33
f 33 44 45
f 33 45 34
f 34 45 46
f 34 46 35
f 35 46 47
f 35 47 36
f 36 47 48
f 36 48 25
f 25 48 37
f 37 49 38
f 38 49 50
f 38 50 39
f 39 50 51
f 39 51 40
f 40 51 52
f 40 52 41
f 41 52 53
f 41 53 42
f 42 53 54
f 42 54 43
f 43 54 55
f 43 55 44
f 44 55 56
f 44 56 45
f 45 56 57
f 45 57 46
f 46 57 58
f 46 58 47
f 47 58 59
f 47 59 48
f 48 59 60
f 48 60 37
f 37 60 49
f 49 61 50
f 50 61 62
f 50 62 51
f 51 62 63
f 51 63 52
f 52 63 64
f 52 64 53
f 53 64 65
f 53 65 54
f 54 65 66
f 54 66 55
f 55 66 67
f 55 67 56
f 56 67 68
f 56 68 57
f 57 68 69
f 57 69 58
f 58 69 70
f 58 70 59
f 59 70 71
f 59 71 60
f 60 71 72
f 60 72 49
f 49 72 61
f 61 73 62
f 62 73 74
f 62 74 63
f 63 74 75
f 63 75 64
f 64 75 76
f 64 76 65
f 65 76 77
f 65 77 66
f 66 77 78
f 66 78 67
f 67 78 79
f 67 79 68
f 68 79 80
f 68 80 69
f 69 80 81
f 69 81 70
f 70 81 82
f 70 82 71
f 71 82 83
f 71 83 72
f 72 83 84
f 72 84 61
f 61 84 73
f 73 85 74
f 74 85 86
f 74 86 75
f 75 86 87
f 75 87 76
f 76 87 88
f 76 88 77
f 77 88 89
f 77 89 78
f 78 89 90
f 78 90 79
f 79 90 91
f 79 91 80
f 80 91 92
f 80 92 81
f 81 92 93
f 81 93 82
f 82 93 94
f 82 94 83
f 83 94 95
f 83 95 84
f 84 95 96
f 84 96 73
f 73 96 85
f 85 97 86
f 86 97 98
f 86 98 87
f 87 98 99
f 87 99 88
f 88 99 100
f 88 100 89
f 89 100 101
f 89 101 90
f 90 101 102
f 90 102 91
f 91 102 103
f 91 103 92
f 92 103 104
f 92 104 93
f 93 104 105
f 93 105 94
f 94 105 106
f 94 106 95
f 95 106 107
f 95 107 96
f 96 107 108
f 96 108 85
f 85 108 97
f 97 109 98
f 98 109 110
f 98 110 99
f 99 110 111
f 99 111 100
f 100 111 112
f 100 112 101
f 101 112 113
f 101 113 102
f 102 113 114
f 102 114 103
f 103 114 115
f 103 115 104
f 104 115 116
f 104 116 105
f 105 116 117
f 105 117 106
f 106 117 118
f 106 118 107
f 107 118 119
f 107 119 108
f 108 119 120
f 108 120 97
f 97 120 109
f 109 121 110
f 110 121 122
f 110 122 111
f 111 122 123
f 111 123 112
f 112 123 124
f 112 124 113
f 113 124 125
f 113 125 114
f 114 125 126
f 114 126 115
f 115 126 127
f 115 127 116
f 116 127 128
f 116 128 117
f 117 128 129
f 117 129 118
f 118 129 130
f 118 130 119
f 119 130 131
f 119 131 120
f 120 131 132
f 120 132 109
f 109 132 121
f 121 133 122
f 122 133 134
f 122 134 123
f 123 134 135
f 123 135 124
f 124 135 136
f 124 136 125
f 125 136 137
f 125 137 126
f 126 137 138
f 126 138 127
f 127 138 139
f 127 139 128
f 128 139 140
f 128 140 129
f 129 140 141
f 129 141 130
f 130 141 142
f 130 142 131
f 131 142 143
f 131 143 132
f 132 143 144
f 132 144 121
f 121 144 133
f 133 145 134
f 134 145 146
f 134 146 135
f 135 146 147
f 135 147 136
f 136 147 148
f 136 148 137
f 137 148 149
f 137 149 138
f 138 149 150
f 138 150 139
f 139 150 151
f 139 151 140
f 140 151 152
f 140 152 141
f 141 152 153
f 141 153 142
f 142 153 154
f 142 154 143
f 143 154 155
f 143 155 144
f 144 155 156
f 144 156 133
f 133 156 145
f 145 157 146
f 146 157 158
f 146 158 147
f 147 158 159
f 147 159 148
f 148 159 160
f 148 160 149
f 149 160 161
f 149 161 150
f 150 161 162
f 150 162 151
f 151 162 163
f 151 163 152
f 152 163 164
f 152 164 153
f 153 164 165
f 153 165 154
f 154 165 166
f 154 166 155
f 155 166 167
f 155 167 156
f 156 167 168
f 156 168 145
f 145 168 157
f 157 169 158
f 158 169 170
f 158 170 159
f 159 170 171
f 159 171 160
f 160 171 172
f 160 172 161
f 161 172 173
f 161 173 162
f 162 173 174
f 162 174 163
f 163 174 175
f 163 175 164
f 164 175 176
f 164 176 165
f 165 176 177
f 165 177 166
f 166 177 178
f 166 178 167
f 167 178 179
f 167 179 168
f 168 179 180
f 168 180 157
f 157 180 169
f 169 181 170
f 170 181 182
f 170 182 171
f 171 182 183
f 171 183 172
f 172 183 184
f 172 184 173
f 173 184 185
f 173 185 174
f 174 185 186
f 174 186 175
f 175 186 187
f 175 187 176
f 176 187 188
f 176 188 177
f 177 188 189
f 177 189 178
f 178 189 190
f 178 190 179
f 179 190 191
f 179 191 180
f 180 191 192
f 180 192 169
f 169 192 181
f 181 193 182
f 182 193 194
f 182 194 183
f 183 194 195
f 183 195 184
f 184 195 196
f 184 196 185
f 185 196 197
f 185 197 186
f 186 197 198
f 186 198 187
f 187 198 199
f 187 199 188
f 188 199 200
f 188 200 189
f 189 200 201
f 189 201 190
f 190 201 202
f 190 202 191
f 191 202 203
f 191 203 192
f 192 203 204
f 192 204 181
f 181 204 193
f 193 205 194
f 194 205 206
f 194 206 195
f 195 206 207
f 195 207 196
f 196 207 208
f 196 208 197
f 197 208 209
f 197 209 198
f 198 209 210
f 198 210 199
f 199 210 211
f 199 211 200
f 200 211 212
f 200 212 201
f 201 212 213
f 201 213 202
f 202 213 214
f 202 214 203
f 203 214 215
f 203 215 204
f 204 215 216
f 204 216 193
f 193 216 205
f 205 217 206
f 206 217 218
f 206 218 207
f 207 218 219
f 207 219 208
f 208 219 220
f 208 220 209
f 209 220 221
f 209 221 210
f 210 221 222
f 210 222 211
f 211 222 223
f 211 223 212
f 212 223 224
f 212 224 213
f 213 224 225
f 213 225 214
f 214 225 226
f 214 226 215
f 215 226 227
f 215 227 216
f 216 227 228
f 216 228 205
f 205 228 217
f 217 229 218
f 218 229 230
f 218 230 219
f 219 230 231
f 219 231 220
f 220 231 232
f 220 232 221
f 221 232 233
f 221 233 222
f 222 233 234
f 222 234 223
f 223 234 235
f 223 235 224
f 224 235 236
f 224 236 225
f 225 236 237
f 225 237 226
f 226 237 238
f 226 238 227
f 227 238 239
f 227 239 228
f 228 239 240
f 228 240 217
f 217 240 229
f 229 241 230
f 230 241 242
f 230 242 231
f 231 242 243
f 231 243 232
f 232 243 244
f 232 244 233
f 233 244 245
f 233 245 234
f 234 245 246
f 234 246 235
f 235 246 247
f 235 247 236
f 236 247 248
f 236 248 237
f 237 248 249
f 237 249 238
f 238 249 250
f 238 250 239
f 239 250 251
f 239 251 240
f 240 251 252
f 240 252 229
f 229 252 241
f 241 253 242
f 242 253 254
f 242 254 243
f 243 254 255
f 243 255 244
f 244 255 256
f 244 256 245
f 245 256 257
f 245 257 246
f 246 257 258
f 246 258 247
f 247 258 259
f 247 259 248
f 248 259 260
f 248 260 249
f 249 260 261
f 249 261 250
f 250 261 262
f 250 262 251
f 251 262 263
f 251 263 252
f 252 263 264
f 252 264 241
f 241 264 253
f 253 265 254
f 254 265 266
f 254 266 255
f 255 266 267
f 255 267 256
f 256 267 268
f 256 268 257
f 257 268 269
f 257 269 258
f 258 269 270
f 258 270 259
f 259 270 271
f 259 271 260
f 260 271 272
f 260 272 261
f 261 272 273
f 261 273 262
f 262 273 274
f 262 274 263
f 263 274 275
f 263 275 264
f 264 275 276
f 264 276 253
f 253 276 265
f 265 277 266
f 266 277 278
f 266 278 267
f 267 278 279
f 267 279 268
f 268 279 280
f 268 280 269
f 269 280 281
f 269 281 270
f 270 281 282
f 270 282 271
f 271 282 283
f 271 283 272
f 272 283 284
f 272 284 273
f 273 284 285
f 273 285 274
f 274 285 286
f 274 286 275
f 275 286 287
f 275 287 276
f 276 287 288
f 276 288 265
f 265 288 277
f 277 289 278
f 278 289 290
f 278 290 279
f 279 290 291
f 279 291 280
f 280 291 292
f 280 292 281
f 281 292 293
f 281 293 282
f 282 293 294
f 282 294 283
f 283 294 295
f 283 295 284
f 284 295 296
f 284 296 285
f 285 296 297
f 285 297 286
f 286 297 298
f 286 298 287
f 287 298 299
f 287 299 288
f 288 299 300
f 288 300 277
f 277 300 289
f 289 301 290
f 290 301 302
f 290 302 291
f 291 302 303
f 291 303 292
f 292 303 304
f 292 304 293
f 293 304 305
f 293 305 294
f 294 305 306
f 294 306 295
f 295 306 307
f 295 307 296
f 296 307 308
f 296 308 297
f 297 308 309
f 297 309 298
f 298 309 310
f 298 310 299
f 299 310 311
f 299 311 300
f 300 311 312
f 300 312 289
f 289 312 301
f 301 313 302
f 302 313 314
f 302 314 303
f 303 314 315
f 303 315 304
f 304 315 316
f 304 316 305
f 305 316 317
f 305 317 306
f 306 317 318
f 306 318 307
f 307 318 319
f 307 319 308
f 308 319 320
f 308 320 309
f 309 320 321
f 309 321 310
f 310 321 322
f 310 322 311
f 311 322 323
f 311 323 312
f 312 323 324
f 312 324 301
f 301 324 313
f 313 325 314
f 314 325 326
f 314 326 315
f 315 326 327
f 315 327 316
f 316 327 328
f 316 328 317
f 317 328 329
f 317 329 318
f 318 329 330
f 318 330 319
f 319 330 331
f 319 331 320
f 320 331 332
f 320 332 321
f 321 332 333
f 321 333 322
f 322 333 334
f 322 334 323
f 323 334 335
f 323 335 324
f 324 335 336
f 324 336 313
f 313 336 325
f 325 337 326
f 326 337 338
f 326 338 327
f 327 338 339
f 327 339 328
f 328 339 340
f 328 340 329
f 329 340 341
f 329 341 330
f 330 341 342
f 330 342 331
f 331 342 343
f 331 343 332
f 332 343 344
f 332 344 333
f 333 344 345
f 333 345 334
f 334 345 346
f 334 346 335
f 335 346 347
f 335 347 336
f 336 347 348
f 336 348 325
f 325 348 337
f 337 349 338
f 338 349 350
f 338 350 339
f 339 350 351
f 339 351 340
f 340 351 352
f 340 352 341
f 341 352 353
f 341 353 342
f 342 353 354
f 342 354 343
f 343 354 355
f 343 355 344
f 344 355 356
f 344 356 345
f 345 356 357
f 345 357 346
f 346 357 358
f 346 358 347
f 347 358 359
f 347 359 348
f 348 359 360
f 348 360 337
f 337 360 349
f 349 361 350
f 350 361 362
f 350 362 351
f 351 362 363
f 351 363 352
f 352 363 364
f 352 364 353
f 353 364 365
f 353 365 354
f 354 365 366
f 354 366 355
f 355 366 367
f 355 367 356
f 356 367 368
f 356 368 357
f 357 368 369
f 357 369 358
f 358 369 370
f 358 370 359
f 359 370 371
f 359 371 360
f 360 371 372
f 360 372 349
f 349 372 361
f 361 373 362
f 362 373 374
f 362 374 363
f 363 374 375
f 363 375 364
f 364 375 376
f 364 376 365
f 365 376 377
f 365 377 366
f 366 377 378
f 366 378 367
f 367 378 379
f 367 379 368
f 368 379 380
f 368 380 369
f 369 380 381
f 369 381 370
f 370 381 382
f 370 382 371
f 371 382 383
f 371 383 372
f 372 383 384
f 372 384 361
f 361 384 373
f 373 385 374
f 374 385 386
f 374 386 375
f 375 386 387
f 375 387 376
f 376 387 388
f 376 388 377
f 377 388 389
f 377 389 378
f 378 389 390
f 378 390 379
f 379 390 391
f 379 391 380
f 380 391 392
f 380 392 381
f 381 392 393
f 381 393 382
f 382 393 394
f 382 394 383
f 383 394 395
f 383 395 384
f 384 395 396
f 384 396 373
f 373 396 385
f 385 397 386
f 386 397 398
f 386 398 387
f 387 398 399
f 387 399 388
f 388 399 400
f 388 400 389
f 389 400 401
f 389 401 390
f 390 401 402
f 390 402 391
f 391 402 403
f 391 403 392
f 392 403 404
f 392 404 393
f 393 404 405
f 393 405 394
f 394 405 406
f 394 406 395
f 395 406 407
f 395 407 396
f 396 407 408
f 396 408 385
f 385 408 397
f 397 409 398
f 398 409 410
f 398 410 399
f 399 410 411
f 399 411 400
f 400 411 412
f 400 412 401
f 401 412 413
f 401 413 402
f 402 413 414
f 402 414 403
f 403 414 415
f 403 415 404
f 404 415 416
f 404 416 405
f 405 416 417
f 405 417 406
f 406 417 418
f 406 418 407
f 407 418 419
f 407 419 408
f 408 419 420
f 408 420 397
f 397 420 409
f 409 421 410
f 410 421 422
f 410 422 411
f 411 422 423
f 411 423 412
f 412 423 424
f 412 424 413
f 413 424 425
f 413 425 414
f 414 425 426
f 414 426 415
f 415 426 427
f 415 427 416
f 416 427 428
f 416 428 417
f 417 428 429
f 417 429 418
f 418 429 430
f 418 430 419
f 419 430 431
f 419 431 420
f 420 431 432
f 420 432 409
f 409 432 421
f 421 1 422
f 422 1 2
f 422 2 423
f 423 2 3
f 423 3 424
f 424 3 4
f 424 4 425
f 425 4 5
f 425 5 426
f 426 5 6
f 426 6 427
f 427 6 7
f 427 7 428
f 428 7 8
f 428 8 429
f 429 8 9
f 429 9 430
f 430 9 10
f 430 10 431
f 431 10 11
f 431 11 432
f 432 11 12
f 432 12 421
f 421 12 1
f 433 445 434
f 434 445 446
f 434 446 435
f 435 446 447
f 435 447 436
f 436 447 448
f 436 448 437
f 437 448 449
f 437 449 438
f 438 449 450
f 438 450 439
f 439 450 451
f 439 451 440
f 440 451 452
f 440 452 441
f 441 452 453
f 441 453 442
f 442 453 454
f 442 454 443
f 443 454 455
f 443 455 444
f 444 455 456
f 444 456 433
f 433 456 445
f 445 457 446
f 446 457 458
f 446 458 447
f 447 458 459
f 447 459 448
f 448 459 460
f 448 460 449
f 449 460 461
f 449 461 450
f 450 461 462
f 450 462 451
f 451 462 463
f 451 463 452
f 452 463 464
f 452 464 453
f 453 464 465
f 453 465 454
f 454 465 466
f 454 466 455
f 455 466 467
f 455 467 456
f 456 467 468
f 456 468 445
f 445 468 457
f 457 469 458
f 458 469 470
f 458 470 459
f 459 470 471
f 459 471 460
f 460 471 472
f 460 472 461
f 461 472 473
f 461 473 462
f 462 473 474
f 462 474 463
f 463 474 475
f 463 475 464
f 464 475 476
f 464 476 465
f 465 476 477
f 465 477 466
f 466 477 478
f 466 478 467
f 467 478 479
f 467 479 468
f 468 479 480
f 468 480 457
f 457 480 469
f 469 481 470
f 470 481 482
f 470 482 471
f 471 482 483
f 471 483 472
f 472 483 484
f 472 484 473
f 473 484 485
f 473 485 474
f 474 485 486
f 474 486 475
f 475 486 487
f 475 487 476
f 476 487 488
f 476 488 477
f 477 488 489
f 477 489 478
f 478 489 490
f 478 490 479
f 479 490 491
f 479 491 480
f 480 491 492
f 480 492 469
f 469 492 481
f 481 493 482
f 482 493 494
f 482 494 483
f 483 494 495
f 483 495 484
f 484 495 496
f 484 496 485
f 485 496 497
f 485 497 486
f 486 497 498
f 486 498 487
f 487 498 499
f 487 499 488
f 488 499 500
f 488 500 489
f 489 500 501
f 489 501 490
f 490 501 502
f 490 502 491
f 491 502 503
f 491 503 492
f 492 503 504
f 492 504 481
f 481 504 493
f 493 505 494
f 494 505 506
f 494 506 495
f 495 506 507
f 495 507 496
f 496 507 508
f 496 508 497
f 497 508 509
f 497 509 498
f 498 509 510
f 498 510 499
f 499 510 511
f 499 511 500
f 500 511 512
f 500 512 501
f 501 512 513
f 501 513 502
f 502 513 514
f 502 514 503
f 503 514 515
f 503 515 504
f 504 515 516
f 504 516 493
f 493 516 505
f 505 517 506
f 506 517 518
f 506 518 507
f 507 518 519
f 507 519 508
f 508 519 520
f 508 520 509
f 509 520 521
f 509 521 510
f 510 521 522
f 510 522 511
f 511 522 523
f 511 523 512
f 512 523 524
f 512 524 513
f 513 524 525
f 513 525 514
f 514 525 526
f 514 526 515
f 515 526 527
f 515 527 516
f 516 527 528
f 516 528 505
f 505 528 517
f 517 529 518
f 518 529 530
f 518 530 519
f 519 530 531
f 519 531 520
f 520 531 532
f 520 532 521
f 521 532 533
f 521 533 522
f 522 533 534
f 522 534 523
f 523 534 535
f 523 535 524
f 524 535 536
f 524 536 525
f 525 536 537
f 525 537 526
f 526 537 538
f 526 538 527
f 527 538 539
f 527 539 528
f 528 539 540
f 528 540 517
f 517 540 529
f 529 541 530
f 530 541 542
f 530 542 531
f 531 542 543
f 531 543 532
f 532 543 544
f 532 544 533
f 533 544 545
f 533 545 534
f 534 545 546
f 534 546 535
f 535 546 547
f 535 547 536
f 536 547 548
f 536 548 537
f 537 548 549
f 537 549 538
f 538 549 550
f 538 550 539
f 539 550 551
f 539 551 540
f 540 551 552
f 540 552 529
f 529 552 541
f 541 553 542
f 542 553 554
f 542 554 543
f 543 554 555
f 543 555 544
f 544 555 556
f 544 556 545
f 545 556 557
f 545 557 546
f 546 557 558
f 546 558 547
f 547 558 559
f 547 559 548
f 548 559 560
f 548 560 549
f 549 560 561
f 549 561 550
f 550 561 562
f 550 562 551
f 551 562 563
f 551 563 552
f 552 563 564
f 552 564 541
f 541 564 553
f 553 565 554
f 554 565 566
f 554 566 555
f 555 566 567
f 555 567 556
f 556 567 568
f 556 568 557
f 557 568 569
f 557 569 558
f 558 569 570
f 558 570 559
f 559 570 571
f 559 571 560
f 560 571 572
f 560 572 561
f 561 572 573
f 561 573 562
f 562 573 574
f 562 574 563
f 563 574 575
f 563 575 564
f 564 575 576
f 564 576 553
f 553 576 565
f 565 577 566
f 566 577 578
f 566 578 567
f 567 578 579
f 567 579 568
f 568 579 580
f 568 580 569
f 569 580 581
f 569 581 570
f 570 581 582
f 570 582 571
f 571 582 583
f 571 583 572
f 572 583 584
f 572 584 573
f 573 584 585
f 573 585 574
f 574 585 586
f 574 586 575
f 575 586 587
f 575 587 576
f 576 587 588
f 576 588 565
f 565 588 577
f 577 589 578
f 578 589 590
f 578 590 579
f 579 590 591
f 579 591 580
f 580 591 592
f 580 592 581
f 581 592 593
f 581 593 582
f 582 593 594
f 582 594 583
f 583 594 595
f 583 595 584
f 584 595 596
f 584 596 585
f 585 596 597
f 585 597 586
f 586 597 598
f 586 598 587
f 587 598 599
f 587 599 588
f 588 599 600
f 588 600 577
f 577 600 589
f 589 601 590
f 590 601 602
f 590 602 591
f 591 602 603
f 591 603 592
f 592 603 604
f 592 604 593
f 593 604 605
f 593 605 594
f 594 605 606
f 594 606 595
f 595 606 607
f 595 607 596
f 596 607 608
f 596 608 597
f 597 608 609
f 597 609 598
f 598 609 610
f 598 610 599
f 599 610 611
f 599 611 600
f 600 611 612
f 600 612 589
f 589 612 601
f 601 613 602
f 602 613 614
f 602 614 603
f 603 614 615
f 603 615 604
f 604 615 616
f 604 616 605
f 605 616 617
f 605 617 606
f 606 617 618
f 606 618 607
f 607 618 619
f 607 619 608
f 608 619 620
f 608 620 609
f 609 620 621
f 609 621 610
f 610 621 622
f 610 622 611
f 611 622 623
f 611 623 612
f 612 623 624
f 612 624 601
f 601 624 613
f 613 625 614
f 614 625 626
f 614 626 615
f 615 626 627
f 615 627 616
f 616 627 628
f 616 628 617
f 617 628 629
f 617 629 618
f 618 629 630
f 618 630 619
f 619 630 631
f 619 631 620
f 620 631 632
f 620 632 621
f 621 632 633
f 621 633 622
f 622 633 634
f 622 634 623
f 623 634 635
f 623 635 624
f 624 635 636
f 624 636 613
f 613 636 625
f 625 637 626
f 626 637 638
f 626 638 627
f 627 638 639
f 627 639 628
f 628 639 640
f 628 640 629
f 629 640 641
f 629 641 630
f 630 641 642
f 630 642 631
f 631 642 643
f 631 643 632
f 632 643 644
f 632 644 633
f 633 644 645
f 633 645 634
f 634 645 646
f 634 646 635
f 635 646 647
f 635 647 636
f 636 647 648
f 636 648 625
f 625 648 637
f 637 649 638
f 638 649 650
f 638 650 639
f 639 650 651
f 639 651 640
f 640 651 652
f 640 652 641
f 641 652 653
f 641 653 642
f 642 653 654
f 642 654 643
f 643 654 655
f 643 655 644
f 644 655 656
f 644 656 645
f 645 656 657
f 645 657 646
f 646 657 658
f 646 658 647
f 647 658 659
f 647 659 648
f 648 659 660
f 648 660 637
f 637 660 649
f 649 661 650
f 650 661 662
f 650 662 651
f 651 662 663
f 651 663 652
f 652 663 664
f 652 664 653
f 653 664 665
f 653 665 654
f 654 665 666
f 654 666 655
f 655 666 667
f 655 667 656
f 656 667 668
f 656 668 657
f 657 668 669
f 657 669 658
f 658 669 670
f 658 670 659
f 659 670 671
f 659 671 660
f 660 671 672
f 660 672 649
f 649 672 661
f 661 673 662
f 662 673 674
f 662 674 663
f 663 674 675
f 663 675 664
f 664 675 676
f 664 676 665
f 665 676 677
f 665 677 666
f 666 677 678
f 666 678 667
f 667 678 679
f 667 679 668
f 668 679 680
f 668 680 669
f 669 680 681
f 669 681 670
f 670 681 682
f 670 682 671
f 671 682 683
f 671 683 672
f 672 683 684
f 672 684 661
f 661 684 673
f 673 685 674
f 674 685 686
f 674 686 675
f 675 686 687
f 675 687 676
f 676 687 688
f 676 688 677
f 677 688 689
f 677 689 678
f 678 689 690
f 678 690 679
f 679 690 691
f 679 691 680
f 680 691 692
f 680 692 681
f 681 692 693
f 681 693 682
f 682 693 694
f 682 694 683
f 683 694 695
f 683 695 684
f 684 695 696
f 684 696 673
f 673 696 685
f 685 697 686
f 686 697 698
f 686 698 687
f 687 698 699
f 687 699 688
f 688 699 700
f 688 700 689
f 689 700 701
f 689 701 690
f 690 701 702
f 690 702 691
f 691 702 703
f 691 703 692
f 692 703 704
f 692 704 693
f 693 704 705
f 693 705 694
f 694 705 706
f 694 706 695
f 695 706 707
f 695 707 696
f 696 707 708
f 696 708 685
f 685 708 697
f 697 709 698
f 698 709 710
f 698 710 699
f 699 710 711
f 699 711 700
f 700 711 712
f 700 712 701
f 701 712 713
f 701 713 702
f 702 713 714
f 702 714 703
f 703 714 715
f 703 715 704
f 704 715 716
f 704 716 705
f 705 716 717
f 705 717 706
f 706 717 718
f 706 718 707
f 707 718 719
f 707 719 708
f 708 719 720
f 708 720 697
f 697 720 709
f 709 721 710
f 710 721 722
f 710 722 711
f 711 722 723
f 711 723 712
f 712 723 724
f 712 724 713
f 713 724 725
f 713 725 714
f 714 725 726
f 714 726 715
f 715 726 727
f 715 727 716
f 716 727 728
f 716 728 717
f 717 728 729
f 717 729 718
f 718 729 730
f 718 730 719
f 719 730 731
f 719 731 720
f 720 731 732
f 720 732 709
f 709 732 721
f 721 733 722
f 722 733 734
f 722 734 723
f 723 734 735
f 723 735 724
f 724 735 736
f 724 736 725
f 725 736 737
f 725 737 726
f 726 737 738
f 726 738 727
f 727 738 739
f 727 739 728
f 728 739 740
f 728 740 729
f 729 740 741
f 729 741 730
f 730 741 742
f 730 742 731
f 731 742 743
f 731 743 732
f 732 743 744
f 732 744 721
f 721 744 733
f 733 745 734
f 734 745 746
f 734 746 735
f 735 746 747
f 735 747 736
f 736 747 748
f 736 748 737
f 737 748 749
f 737 749 738
f 738 749 750
f 738 750 739
f 739 750 751
f 739 751 740
f 740 751 752
f 740 752 741
f 741 752 753
f 741 753 742
f 742 753 754
f 742 754 743
f 743 754 755
f 743 755 744
f 744 755 756
f 744 756 733
f 733 756 745
f 745 757 746
f 746 757 758
f 746 758 747
f 747 758 759
f 747 759 748
f 748 759 760
f 748 760 749
f 749 760 761
f 749 761 750
f 750 761 762
f 750 762 751
f 751 762 763
f 751 763 752
f 752 763 764
f 752 764 753
f 753 764 765
f 753 765 754
f 754 765 766
f 754 766 755
f 755 766 767
f 755 767 756
f 756 767 768
f 756 768 745
f 745 768 757
f 757 769 758
f 758 769 770
f 758 770 759
f 759 770 771
f 759 771 760
f 760 771 772
f 760 772 761
f 761 772 773
f 761 773 762
f 762 773 774
f 762 774 763
f 763 774 775
f 763 775 764
f 764 775 776
f 764 776 765
f 765 776 777
f 765 777 766
f 766 777 778
f 766 778 767
f 767 778 779
f 767 779 768
f 768 779 780
f 768 780 757
f 757 780 769
f 769 781 770
f 770 781 782
f 770 782 771
f 771 782 783
f 771 783 772
f 772 783 784
f 772 784 773
f 773 784 785
f 773 785 774
f 774 785 786
f 774 786 775
f 775 786 787
f 775 787 776
f 776 787 788
f 776 788 777
f 777 788 789
f 777 789 778
f 778 789 790
f 778 790 779
f 779 790 791
f 779 791 780
f 780 791 792
f 780 792 769
f 769 792 781
f 781 793 782
f 782 793 794
f 782 794 783
f 783 794 795
f 783 795 784
f 784 795 796
f 784 796 785
f 785 796 797
f 785 797 786
f 786 797 798
f 786 798 787
f 787 798 799
f 787 799 788
f 788 799 800
f 788 800 789
f 789 800 801
f 789 801 790
f 790 801 802
f 790 802 791
f 791 802 803
f 791 803 792
f 792 803 804
f 792 804 781
f 781 804 793
f 793 805 794
f 794 805 806
f 794 806 795
f 795 806 807
f 795 807 796
f 796 807 808
f 796 808 797
f 797 808 809
f 797 809 798
f 798 809 810
f 798 810 799
f 799 810 811
f 799 811 800
f 800 811 812
f 800 812 801
f 801 812 813
f 801 813 802
f 802 813 814
f 802 814 803
f 803 814 815
f 803 815 804
f 804 815 816
f 804 816 793
f 793 816 805
f 805 817 806
f 806 817 818
f 806 818 807
f 807 818 819
f 807 819 808
f 808 819 820
f 808 820 809
f 809 820 821
f 809 821 810
f 810 821 822
f 810 822 811
f 811 822 823
f 811 823 812
f 812 823 824
f 812 824 813
f 813 824 825
f 813 825 814
f 814 825 826
f 814 826 815
f 815 826 827
f 815 827 816
f 816 827 828
f 816 828 805
f 805 828 817
f 817 829 818
f 818 829 830
f 818 830 819
f 819 830 831
f 819 831 820
f 820 831 832
f 820 832 821
f 821 832 833
f 821 833 822
f 822 833 834
f 822 834 823
f 823 834 835
f 823 835 824
f 824 835 836
f 824 836 825
f 825 836 837
f 825 837 826
f 826 837 838
f 826 838 827
f 827 838 839
f 827 839 828
f 828 839 840
f 828 840 817
f 817 840 829
f 829 841 830
f 830 841 842
f 830 842 831
f 831 842 843
f 831 843 832
f 832 843 844
f 832 844 833
f 833 844 845
f 833 845 834
f 834 845 846
f 834 846 835
f 835 846 847
f 835 847 836
f 836 847 848
f 836 848 837
f 837 848 849
f 837 849 838
f 838 849 850
f 838 850 839
f 839 850 851
f 839 851 840
f 840 851 852
f 840 852 829
f 829 852 841
f 841 853 842
f 842 853 854
f 842 854 843
f 843 854 855
f 843 855 844
f 844 855 856
f 844 856 845
f 845 856 857
f 845 857 846
f 846 857 858
f 846 858 847
f 847 858 859
f 847 859 848
f 848 859 860
f 848 860 849
f 849 860 861
f 849 861 850
f 850 861 862
f 850 862 851
f 851 862 863
f 851 863 852
f 852 863 864
f 852 864 841
f 841 864 853
f 853 433 854
f 854 433 434
f 854 434 855
f 855 434 435
f 855 435 856
f 856 435 436
f 856 436 857
f 857 436 437
f 857 437 858
f 858 437 438
f 858 438 859
f 859 438 439
f 859 439 860
f 860 439 440
f 860 440 861
f 861 440 441
f 861 441 862
f 862 441 442
f 862 442 863
f 863 442 443
f 863 443 864
f 864 443 444
f 864 444 853
f 853 444 433
f 865 877 866
f 866 877 878
f 866 878 867
f 867 878 879
f 867 879 868
f 868 879 880
f 868 880 869
f 869 880 881
f 869 881 870
f 870 881 882
f 870 882 871
f 871 882 883
f 871 883 872
f 872 883 884
f 872 884 873
f 873 884 885
f 873 885 874
f 874 885 886
f 874 886 875
f 875 886 887
f 875 887 876
f 876 887 888
f 876 888 865
f 865 888 877
f 877 889 878
f 878 889 890
f 878 890 879
f 879 890 891
f 879 891 880
f 880 891 892
f 880 892 881
f 881 892 893
f 881 893 882
f 882 893 894
f 882 894 883
f 883 894 895
f 883 895 884
f 884 895 896
f 884 896 885
f 885 896 897
f 885 897 886
f 886 897 898
f 886 898 887
f 887 898 899
f 887 899 888
f 888 899 900
f 888 900 877
f 877 900 889
f 889 901 890
f 890 901 902
f 890 902 891
f 891 902 903
f 891 903 892
f 892 903 904
f 892 904 893
f 893 904 905
f 893 905 894
f 894 905 906
f 894 906 895
f 895 906 907
f 895 907 896
f 896 907 908
f 896 908 897
f 897 908 909
f 897 909 898
f 898 909 910
f 898 910 899
f 899 910 911
f 899 911 900
f 900 911 912
f 900 912 889
f 889 912 901
f 901 913 902
f 902 913 914
f 902 914 903
f 903 914 915
f 903 915 904
f 904 915 916
f 904 916 905
f 905 916 917
f 905 917 906
f 906 917 918
f 906 918 907
f 907 918 919
f 907 919 908
f 908 919 920
f 908 920 909
f 909 920 921
f 909 921 910
f 910 921 922
f 910 922 911
f 911 922 923
f 911 923 912
f 912 923 924
f 912 924 901
f 901 924 913
f 913 925 914
f 914 925 926
f 914 926 915
f 915 926 927
f 915 927 916
f 916 927 928
f 916 928 917
f 917 928 929
f 917 929 918
f 918 929 930
f 918 930 919
f 919 930 931
f 919 931 920
f 920 931 932
f 920 932 921
f 921 932 933
f 921 933 922
f 922 933 934
f 922 934 923
f 923 934 935
f 923 935 924
f 924 935 936
f 924 936 913
f 913 936 925
f 925 937 926
f 926 937 938
f 926 938 927
f 927 938 939
f 927 939 928
f 928 939 940
f 928 940 929
f 929 940 941
f 929 941 930
f 930 941 942
f 930 942 931
f 931 942 943
f 931 943 932
f 932 943 944
f 932 944 933
f 933 944 945
f 933 945 934
f 934 945 946
f 934 946 935
f 935 946 947
f 935 947 936
f 936 947 948
f 936 948 925
f 925 948 937
f 937 949 938
f 938 949 950
f 938 950 939
f 939 950 951
f 939 951 940
f 940 951 952
f 940 952 941
f 941 952 953
f 941 953 942
f 942 953 954
f 942 954 943
f 943 954 955
f 943 955 944
f 944 955 956
f 944 956 945
f 945 956 957
f 945 957 946
f 946 957 958
f 946 958 947
f 947 958 959
f 947 959 948
f 948 959 960
f 948 960 937
f 937 960 949
f 949 961 950
f 950 961 962
f 950 962 951
f 951 962 963
f 951 963 952
f 952 963 964
f 952 964 953
f 953 964 965
f 953 965 954
f 954 965 966
f 954 966 955
f 955 966 967
f 955 967 956
f 956 967 968
f 956 968 957
f 957 968 969
f 957 969 958
f 958 969 970
f 958 970 959
f 959 970 971
f 959 971 960
f 960 971 972
f 960 972 949
f 949 972 961
f 961 973 962
f 962 973 974
f 962 974 963
f 963 974 975
f 963 975 964
f 964 975 976
f 964 976 965
f 965 976 977
f 965 977 966
f 966 977 978
f 966 978 967
f 967 978 979
f 967 979 968
f 968 979 980
f 968 980 969
f 969 980 981
f 969 981 970
f 970 981 982
f 970 982 971
f 971 982 983
f 971 983 972
f 972 983 984
f 972 984 961
f 961 984 973
f 973 985 974
f 974 985 986
f 974 986 975
f 975 986 987
f 975 987 976
f 976 987 988
f 976 988 977
f 977 988 989
f 977 989 978
f 978 989 990
f 978 990 979
f 979 990 991
f 979 991 980
f 980 991 992
f 980 992 981
f 981 992 993
f 981 993 982
f 982 993 994
f 982 994 983
f 983 994 995
f 983 995 984
f 984 995 996
f 984 996 973
f 973 996 985
f 985 997 986
f 986 997 998
f 986 998 987
f 987 998 999
f 987 999 988
f 988 999 1000
f 988 1000 989
f 989 1000 1001
f 989 1001 990
f 990 1001 1002
f 990 1002 991
f 991 1002 1003
f 991 1003 992
f 992 1003 1004
f 992 1004 993
f 993 1004 1005
f 993 1005 994
f 994 1005 1006
f 994 1006 995
f 995 1006 1007
f 995 1007 996
f 996 1007 1008
f 996 1008 985
f 985 1008 997
f 997 1009 998
f 998 1009 1010
f 998 1010 999
f 999 1010 1011
f 999 1011 1000
f 1000 1011 1012
f 1000 1012 1001
f 1001 1012 1013
f 1001 1013 1002
f 1002 1013 1014
f 1002 1014 1003
f 1003 1014 1015
f 1003 1015 1004
f 1004 1015 1016
f 1004 1016 1005
f 1005 1016 1017
f 1005 1017 1006
f 1006 1017 1018
f 1006 1018 1007
f 1007 1018 1019
f 1007 1019 1008
f 1008 1019 1020
f 1008 1020 997
f 997 1020 1009
f 1009 1021 1010
f 1010 1021 1022
f 1010 1022 1011
f 1011 1022 1023
f 1011 1023 1012
f 1012 1023 1024
f 1012 1024 1013
f 1013 1024 1025
f 1013 1025 1014
f 1014 1025 1026
f 1014 1026 1015
f 1015 1026 1027
f 1015 1027 1016
f 1016 1027 1028
f 1016 1028 1017
f 1017 1028 1029
f 1017 1029 1018
f 1018 1029 1030
f 1018 1030 1019
f 1019 1030 1031
f 1019 1031 1020
f 1020 1031 1032
f 1020 1032 1009
f 1009 1032 1021
f 1021 1033 1022
f 1022 1033 1034
f 1022 1034 1023
f 1023 1034 1035
f 1023 1035 1024
f 1024 1035 1036
f 1024 1036 1025
f 1025 1036 1037
f 1025 1037 1026
f 1026 1037 1038
f 1026 1038 1027
f 1027 1038 1039
f 1027 1039 1028
f 1028 1039 1040
f 1028 1040 1029
f 1029 1040 1041
f 1029 1041 1030
f 1030 1041 1042
f 1030 1042 1031
f 1031 1042 1043
f 1031 1043 1032
f 1032 1043 1044
f 1032 1044 1021
f 1021 1044 1033
f 1033 1045 1034
f 1034 1045 1046
f 1034 1046 1035
f 1035 1046 1047
f 1035 1047 1036
f 1036 1047 1048
f 1036 1048 1037
f 1037 1048 1049
f 1037 1049 1038
f 1038 1049 1050
f 1038 1050 1039
f 1039 1050 1051
f 1039 1051 1040
f 1040 1051 1052
f 1040 1052 1041
f 1041 1052 1053
f 1041 1053 1042
f 1042 1053 1054
f 1042 1054 1043
f 1043 1054 1055
f 1043 1055 1044
f 1044 1055 1056
f 1044 1056 1033
f 1033 1056 1045
f 1045 1057 1046
f 1046 1057 1058
f 1046 1058 1047
f 1047 1058 1059
f 1047 1059 1048
f 1048 1059 1060
f 1048 1060 1049
f 1049 1060 1061
f 1049 1061 1050
f 1050 1061 1062
f 1050 1062 1051
f 1051 1062 1063
f 1051 1063 1052
f 1052 1063 1064
f 1052 1064 1053
f 1053 1064 1065
f 1053 1065 1054
f 1054 1065 1066
f 1054 1066 1055
f 1055 1066 1067
f 1055 1067 1056
f 1056 1067 1068
f 1056 1068 1045
f 1045 1068 1057
f 1057 1069 1058
f 1058 1069 1070
f 1058 1070 1059
f 1059 1070 1071
f 1059 1071 1060
f 1060 1071 1072
f 1060 1072 1061
f 1061 1072 1073
f 1061 1073 1062
f 1062 1073 1074
f 1062 1074 1063
f 1063 1074 1075
f 1063 1075 1064
f 1064 1075 1076
f 1064 1076 1065
f 1065 1076 1077
f 1065 1077 1066
f 1066 1077 1078
f 1066 1078 1067
f 1067 1078 1079
f 1067 1079 1068
f 1068 1079 1080
f 1068 1080 1057
f 1057 1080 1069
f 1069 1081 1070
f 1070 1081 1082
f 1070 1082 1071
f 1071 1082 1083
f 1071 1083 1072
f 1072 1083 1084
f 1072 1084 1073
f 1073 1084 1085
f 1073 1085 1074
f 1074 1085 1086
f 1074 1086 1075
f 1075 1086 1087
f 1075 1087 1076
f 1076 1087 1088
f 1076 1088 1077
f 1077 1088 1089
f 1077 1089 1078
f 1078 1089 1090
f 1078 1090 1079
f 1079 1090 1091
f 1079 1091 1080
f 1080 1091 1092
f 1080 1092 1069
f 1069 1092 1081
f 1081 1093 1082
f 1082 1093 1094
f 1082 1094 1083
f 1083 1094 1095
f 1083 1095 1084
f 1084 1095 1096
f 1084 1096 1085
f 1085 1096 1097
f 1085 1097 1086
f 1086 1097 1098
f 1086 1098 1087
f 1087 1098 1099
f 1087 1099 1088
f 1088 1099 1100
f 1088 1100 1089
f 1089 1100 1101
f 1089 1101 1090
f 1090 1101 1102
f 1090 1102 1091
f 1091 1102 1103
f 1091 1103 1092
f 1092 1103 1104
f 1092 1104 1081
f 1081 1104 1093
f 1093 1105 1094
f 1094 1105 1106
f 1094 1106 1095
f 1095 1106 1107
f 1095 1107 1096
f 1096 1107 1108
f 1096 1108 1097
f 1097 1108 1109
f 1097 1109 1098
f 1098 1109 1110
f 1098 1110 1099
f 1099 1110 1111
f 1099 1111 1100
f 1100 1111 1112
f 1100 1112 1101
f 1101 1112 1113
f 1101 1113 1102
f 1102 1113 1114
f 1102 1114 1103
f 1103 1114 1115
f 1103 1115 1104
f 1104 1115 1116
f 1104 1116 1093
f 1093 1116 1105
f 1105 1117 1106
f 1106 1117 1118
f 1106 1118 1107
f 1107 1118 1119
f 1107 1119 1108
f 1108 1119 1120
f 1108 1120 1109
f 1109 1120 1121
f 1109 1121 1110
f 1110 1121 1122
f 1110 1122 1111
f 1111 1122 1123
f 1111 1123 1112
f 1112 1123 1124
f 1112 1124 1113
f 1113 1124 1125
f 1113 1125 1114
f 1114 1125 1126
f 1114 1126 1115
f 1115 1126 1127
f 1115 1127 1116
f 1116 1127 1128
f 1116 1128 1105
f 1105 1128 1117
f 1117 1129 1118
f 1118 1129 1130
f 1118 1130 1119
f 1119 1130 1131
f 1119 1131 1120
f 1120 1131 1132
f 1120 1132 1121
f 1121 1132 1133
f 1121 1133 1122
f 1122 1133 1134
f 1122 1134 1123
f 1123 1134 1135
f 1123 1135 1124
f 1124 1135 1136
f 1124 1136 1125
f 1125 1136 1137
f 1125 1137 1126
f 1126 1137 1138
f 1126 1138 1127
f 1127 1138 1139
f 1127 1139 1128
f 1128 1139 1140
f 1128 1140 1117
f 1117 1140 1129
f 1129 1141 1130
f 1130 1141 1142
f 1130 1142 1131
f 1131 1142 1143
f 1131 1143 1132
f 1132 1143 1144
f 1132 1144 1133
f 1133 1144 1145
f 1133 1145 1134
f 1134 1145 1146
f 1134 1146 1135
f 1135 1146 1147
f 1135 1147 1136
f 1136 1147 1148
f 1136 1148 1137
f 1137 1148 1149
f 1137 1149 1138
f 1138 1149 1150
f 1138 1150 1139
f 1139 1150 1151
f 1139 1151 1140
f 1140 1151 1152
f 1140 1152 1129
f 1129 1152 1141
f 1141 1153 1142
f 1142 1153 1154
f 1142 1154 1143
f 1143 1154 1155
f 1143 1155 1144
f 1144 1155 1156
f 1144 1156 1145
f 1145 1156 1157
f 1145 1157 1146
f 1146 1157 1158
f 1146 1158 1147
f 1147 1158 1159
f 1147 1159 1148
f 1148 1159 1160
f 1148 1160 1149
f 1149 1160 1161
f 1149 1161 1150
f 1150 1161 1162
f 1150 1162 1151
f 1151 1162 1163
f 1151 1163 1152
f 1152 1163 1164
f 1152 1164 1141
f 1141 1164 1153
f 1153 1165 1154
f 1154 1165 1166
f 1154 1166 1155
f 1155 1166 1167
f 1155 1167 1156
f 1156 1167 1168
f 1156 1168 1157
f 1157 1168 1169
f 1157 1169 1158
f 1158 1169 1170
f 1158 1170 1159
f 1159 1170 1171
f 1159 1171 1160
f 1160 1171 1172
f 1160 1172 1161
f 1161 1172 1173
f 1161 1173 1162
f 1162 1173 1174
f 1162 1174 1163
f 1163 1174 1175
f 1163 1175 1164
f 1164 1175 1176
f 1164 1176 1153
f 1153 1176 1165
f 1165 1177 1166
f 1166 1177 1178
f 1166 1178 1167
f 1167 1178 1179
f 1167 1179 1168
f 1168 1179 1180
f 1168 1180 1169
f 1169 1180 1181
f 1169 1181 1170
f 1170 1181 1182
f 1170 1182 1171
f 1171 1182 1183
f 1171 1183 1172
f 1172 1183 1184
f 1172 1184 1173
f 1173 1184 1185
f 1173 1185 1174
f 1174 1185 1186
f 1174 1186 1175
f 1175 1186 1187
f 1175 1187 1176
f 1176 1187 1188
f 1176 1188 1165
f 1165 1188 1177
f 1177 1189 1178
f 1178 1189 1190
f 1178 1190 1179
f 1179 1190 1191
f 1179 1191 1180
f 1180 1191 1192
f 1180 1192 1181
f 1181 1192 1193
f 1181 1193 1182
f 1182 1193 1194
f 1182 1194 1183
f 1183 1194 1195
f 1183 1195 1184
f 1184 1195 1196
f 1184 1196 1185
f 1185 1196 1197
f 1185 1197 1186
f 1186 1197 1198
f 1186 1198 1187
f 1187 1198 1199
f 1187 1199 1188
f 1188 1199 1200
f 1188 1200 1177
f 1177 1200 1189
f 1189 1201 1190
f 1190 1201 1202
f 1190 1202 1191
f 1191 1202 1203
f 1191 1203 1192
f 1192 1203 1204
f 1192 1204 1193
f 1193 1204 1205
f 1193 1205 1194
f 1194 1205 1206
f 1194 1206 1195
f 1195 1206 1207
f 1195 1207 1196
f 1196 1207 1208
f 1196 1208 1197
f 1197 1208 1209
f 1197 1209 1198
f 1198 1209 1210
f 1198 1210 1199
f 1199 1210 1211
f 1199 1211 1200
f 1200 1211 1212
f 1200 1212 1189
f 1189 1212 1201
f 1201 1213 1202
f 1202 1213 1214
f 1202 1214 1203
f 1203 1214 1215
f 1203 1215 1204
f 1204 1215 1216
f 1204 1216 1205
f 1205 1216 1217
f 1205 1217 1206
f 1206 1217 1218
f 1206 1218 1207
f 1207 1218 1219
f 1207 1219 1208
f 1208 1219 1220
f 1208 1220 1209
f 1209 1220 1221
f 1209 1221 1210
f 1210 1221 1222
f 1210 1222 1211
f 1211 1222 1223
f 1211 1223 1212
f 1212 1223 1224
f 1212 1224 1201
f 1201 1224 1213
f 1213 1225 1214
f 1214 1225 1226
f 1214 1226 1215
f 1215 1226 1227
f 1215 1227 1216
f 1216 1227 1228
f 1216 1228 1217
f 1217 1228 1229
f 1217 1229 1218
f 1218 1229 1230
f 1218 1230 1219
f 1219 1230 1231
f 1219 1231 1220
f 1220 1231 1232
f 1220 1232 1221
f 1221 1232 1233
f 1221 1233 1222
f 1222 1233 1234
f 1222 1234 1223
f 1223 1234 1235
f 1223 1235 1224
f 1224 1235 1236
f 1224 1236 1213
f 1213 1236 1225
f 1225 1237 1226
f 1226 1237 1238
f 1226 1238 1227
f 1227 1238 1239
f 1227 1239 1228
f 1228 1239 1240
f 1228 1240 1229
f 1229 1240 1241
f 1229 1241 1230
f 1230 1241 1242
f 1230 1242 1231
f 1231 1242 1243
f 1231 1243 1232
f 1232 1243 1244
f 1232 1244 1233
f 1233 1244 1245
f 1233 1245 1234
f 1234 1245 1246
f 1234 1246 1235
f 1235 1246 1247
f 1235 1247 1236
f 1236 1247 1248
f 1236 1248 1225
f 1225 1248 1237
f 1237 1249 1238
f 1238 1249 1250
f 1238 1250 1239
f 1239 1250 1251
f 1239 1251 1240
f 1240 1251 1252
f 1240 1252 1241
f 1241 1252 1253
f 1241 1253 1242
f 1242 1253 1254
f 1242 1254 1243
f 1243 1254 1255
f 1243 1255 1244
f 1244 1255 1256
f 1244 1256 1245
f 1245 1256 1257
f 1245 1257 1246
f 1246 1257 1258
f 1246 1258 1247
f 1247 1258 1259
f 1247 1259 1248
f 1248 1259 1260
f 1248 1260 1237
f 1237 1260 1249
f 1249 1261 1250
f 1250 1261 1262
f 1250 1262 1251
f 1251 1262 1263
f 1251 1263 1252
f 1252 1263 1264
f 1252 1264 1253
f 1253 1264 1265
f 1253 1265 1254
f 1254 1265 1266
f 1254 1266 1255
f 1255 1266 1267
f 1255 1267 1256
f 1256 1267 1268
f 1256 1268 1257
f 1257 1268 1269
f 1257 1269 1258
f 1258 1269 1270
f 1258 1270 1259
f 1259 1270 1271
f 1259 1271 1260
f 1260 1271 1272
f 1260 1272 1249
f 1249 1272 1261
f 1261 1273 1262
f 1262 1273 1274
f 1262 1274 1263
f 1263 1274 1275
f 1263 1275 1264
f 1264 1275 1276
f 1264 1276 1265
f 1265 1276 1277
f 1265 1277 1266
f 1266 1277 1278
f 1266 1278 1267
f 1267 1278 1279
f 1267 1279 1268
f 1268 1279 1280
f 1268 1280 1269
f 1269 1280 1281
f 1269 1281 1270
f 1270 1281 1282
f 1270 1282 1271
f 1271 1282 1283
f 1271 1283 1272
f 1272 1283 1284
f 1272 1284 1261
f 1261 1284 1273
f 1273 1285 1274
f 1274 1285 1286
f 1274 1286 1275
f 1275 1286 1287
f 1275 1287 1276
f 1276 1287 1288
f 1276 1288 1277
f 1277 1288 1289
f 1277 1289 1278
f 1278 1289 1290
f 1278 1290 1279
f 1279 1290 1291
f 1279 1291 1280
f 1280 1291 1292
f 1280 1292 1281
f 1281 1292 1293
f 1281 1293 1282
f 1282 1293 1294
f 1282 1294 1283
f 1283 1294 1295
f 1283 1295 1284
f 1284 1295 1296
f 1284 1296 1273
f 1273 1296 1285
f 1285 865 1286
f 1286 865 866
f 1286 866 1287
f 1287 866 867
f 1287 867 1288
f 1288 867 868
f 1288 868 1289
f 1289 868 869
f 1289 869 1290
f 1290 869 870
f 1290 870 1291
f 1291 870 871
f 1291 871 1292
f 1292 871 872
f 1292 872 1293
f 1293 872 873
f 1293 873 1294
f 1294 873 874
f 1294 874 1295
f 1295 874 875
f 1295 875 1296
f 1296 875 876
f 1296 876 1285
f 1285 876 865
f 1297 1309 1298
f 1298 1309 1310
f 1298 1310 1299
f 1299 1310 1311
f 1299 1311 1300
f 1300 1311 1312
f 1300 1312 1301
f 1301 1312 1313
f 1301 1313 1302
f 1302 1313 1314
f 1302 1314 1303
f 1303 1314 1315
f 1303 1315 1304
f 1304 1315 1316
f 1304 1316 1305
f 1305 1316 1317
f 1305 1317 1306
f 1306 1317 1318
f 1306 1318 1307
f 1307 1318 1319
f 1307 1319 1308
f 1308 1319 1320
f 1308 1320 1297
f 1297 1320 1309
f 1309 1321 1310
f 1310 1321 1322
f 1310 1322 1311
f 1311 1322 1323
f 1311 1323 1312
f 1312 1323 1324
f 1312 1324 1313
f 1313 1324 1325
f 1313 1325 1314
f 1314 1325 1326
f 1314 1326 1315
f 1315 1326 1327
f 1315 1327 1316
f 1316 1327 1328
f 1316 1328 1317
f 1317 1328 1329
f 1317 1329 1318
f 1318 1329 1330
f 1318 1330 1319
f 1319 1330 1331
f 1319 1331 1320
f 1320 1331 1332
f 1320 1332 1309
f 1309 1332 1321
f 1321 1333 1322
f 1322 1333 1334
f 1322 1334 1323
f 1323 1334 1335
f 1323 1335 1324
f 1324 1335 1336
f 1324 1336 1325
f 1325 1336 1337
f 1325 1337 1326
f 1326 1337 1338
f 1326 1338 1327
f 1327 1338 1339
f 1327 1339 1328
f 1328 1339 1340
f 1328 1340 1329
f 1329 1340 1341
f 1329 1341 1330
f 1330 1341 1342
f 1330 1342 1331
f 1331 1342 1343
f 1331 1343 1332
f 1332 1343 1344
f 1332 1344 1321
f 1321 1344 1333
f 1333 1345 1334
f 1334 1345 1346
f 1334 1346 1335
f 1335 1346 1347
f 1335 1347 1336
f 1336 1347 1348
f 1336 1348 1337
f 1337 1348 1349
f 1337 1349 1338
f 1338 1349 1350
f 1338 1350 1339
f 1339 1350 1351
f 1339 1351 1340
f 1340 1351 1352
f 1340 1352 1341
f 1341 1352 1353
f 1341 1353 1342
f 1342 1353 1354
f 1342 1354 1343
f 1343 1354 1355
f 1343 1355 1344
f 1344 1355 1356
f 1344 1356 1333
f 1333 1356 1345
f 1345 1357 1346
f 1346 1357 1358
f 1346 1358 1347
f 1347 1358 1359
f 1347 1359 1348
f 1348 1359 1360
f 1348 1360 1349
f 1349 1360 1361
f 1349 1361 1350
f 1350 1361 1362
f 1350 1362 1351
f 1351 1362 1363
f 1351 1363 1352
f 1352 1363 1364
f 1352 1364 1353
f 1353 1364 1365
f 1353 1365 1354
f 1354 1365 1366
f 1354 1366 1355
f 1355 1366 1367
f 1355 1367 1356
f 1356 1367 1368
f 1356 1368 1345
f 1345 1368 1357
f 1357 1369 1358
f 1358 1369 1370
f 1358 1370 1359
f 1359 1370 1371
f 1359 1371 1360
f 1360 1371 1372
f 1360 1372 1361
f 1361 1372 1373
f 1361 1373 1362
f 1362 1373 1374
f 1362 1374 1363
f 1363 1374 1375
f 1363 1375 1364
f 1364 1375 1376
f 1364 1376 1365
f 1365 1376 1377
f 1365 1377 1366
f 1366 1377 1378
f 1366 1378 1367
f 1367 1378 1379
f 1367 1379 1368
f 1368 1379 1380
f 1368 1380 1357
f 1357 1380 1369
f 1369 1381 1370
f 1370 1381 1382
f 1370 1382 1371
f 1371 1382 1383
f 1371 1383 1372
f 1372 1383 1384
f 1372 1384 1373
f 1373 1384 1385
f 1373 1385 1374
f 1374 1385 1386
f 1374 1386 1375
f 1375 1386 1387
f 1375 1387 1376
f 1376 1387 1388
f 1376 1388 1377
f 1377 1388 1389
f 1377 1389 1378
f 1378 1389 1390
f 1378 1390 1379
f 1379 1390 1391
f 1379 1391 1380
f 1380 1391 1392
f 1380 1392 1369
f 1369 1392 1381
f 1381 1393 1382
f 1382 1393 1394
f 1382 1394 1383
f 1383 1394 1395
f 1383 1395 1384
f 1384 1395 1396
f 1384 1396 1385
f 1385 1396 1397
f 1385 1397 1386
f 1386 1397 1398
f 1386 1398 1387
f 1387 1398 1399
f 1387 1399 1388
f 1388 1399 1400
f 1388 1400 1389
f 1389 1400 1401
f 1389 1401 1390
f 1390 1401 1402
f 1390 1402 1391
f 1391 1402 1403
f 1391 1403 1392
f 1392 1403 1404
f 1392 1404 1381
f 1381 1404 1393
f 1393 1405 1394
f 1394 1405 1406
f 1394 1406 1395
f 1395 1406 1407
f 1395 1407 1396
f 1396 1407 1408
f 1396 1408 1397
f 1397 1408 1409
f 1397 1409 1398
f 1398 1409 1410
f 1398 1410 1399
f 1399 1410 1411
f 1399 1411 1400
f 1400 1411 1412
f 1400 1412 1401
f 1401 1412 1413
f 1401 1413 1402
f 1402 1413 1414
f 1402 1414 1403
f 1403 1414 1415
f 1403 1415 1404
f 1404 1415 1416
f 1404 1416 1393
f 1393 1416 1405
f 1405 1417 1406
f 1406 1417 1418
f 1406 1418 1407
f 1407 1418 1419
f 1407 1419 1408
f 1408 1419 1420
f 1408 1420 1409
f 1409 1420 1421
f 1409 1421 1410
f 1410 1421 1422
f 1410 1422 1411
f 1411 1422 1423
f 1411 1423 1412
f 1412 1423 1424
f 1412 1424 1413
f 1413 1424 1425
f 1413 1425 1414
f 1414 1425 1426
f 1414 1426 1415
f 1415 1426 1427
f 1415 1427 1416
f 1416 1427 1428
f 1416 1428 1405
f 1405 1428 1417
f 1417 1429 1418
f 1418 1429 1430
f 1418 1430 1419
f 1419 1430 1431
f 1419 1431 1420
f 1420 1431 1432
f 1420 1432 1421
f 1421 1432 1433
f 1421 1433 1422
f 1422 1433 1434
f 1422 1434 1423
f 1423 1434 1435
f 1423 1435 1424
f 1424 1435 1436
f 1424 1436 1425
f 1425 1436 1437
f 1425 1437 1426
f 1426 1437 1438
f 1426 1438 1427
f 1427 1438 1439
f 1427 1439 1428
f 1428 1439 1440
f 1428 1440 1417
f 1417 1440 1429
f 1429 1441 1430
f 1430 1441 1442
f 1430 1442 1431
f 1431 1442 1443
f 1431 1443 1432
f 1432 1443 1444
f 1432 1444 1433
f 1433 1444 1445
f 1433 1445 1434
f 1434 1445 1446
f 1434 1446 1435
f 1435 1446 1447
f 1435 1447 1436
f 1436 1447 1448
f 1436 1448 1437
f 1437 1448 1449
f 1437 1449 1438
f 1438 1449 1450
f 1438 1450 1439
f 1439 1450 1451
f 1439 1451 1440
f 1440 1451 1452
f 1440 1452 1429
f 1429 1452 1441
f 1441 1453 1442
f 1442 1453 1454
f 1442 1454 1443
f 1443 1454 1455
f 1443 1455 1444
f 1444 1455 1456
f 1444 1456 1445
f 1445 1456 1457
f 1445 1457 1446
f 1446 1457 1458
f 1446 1458 1447
f 1447 1458 1459
f 1447 1459 1448
f 1448 1459 1460
f 1448 1460 1449
f 1449 1460 1461
f 1449 1461 1450
f 1450 1461 1462
f 1450 1462 1451
f 1451 1462 1463
f 1451 1463 1452
f 1452 1463 1464
f 1452 1464 1441
f 1441 1464 1453
f 1453 1465 1454
f 1454 1465 1466
f 1454 1466 1455
f 1455 1466 1467
f 1455 1467 1456
f 1456 1467 1468
f 1456 1468 1457
f 1457 1468 1469
f 1457 1469 1458
f 1458 1469 1470
f 1458 1470 1459
f 1459 1470 1471
f 1459 1471 1460
f 1460 1471 1472
f 1460 1472 1461
f 1461 1472 1473
f 1461 1473 1462
f 1462 1473 1474
f 1462 1474 1463
f 1463 1474 1475
f 1463 1475 1464
f 1464 1475 1476
f 1464 1476 1453
f 1453 1476 1465
f 1465 1477 1466
f 1466 1477 1478
f 1466 1478 1467
f 1467 1478 1479
f 1467 1479 1468
f 1468 1479 1480
f 1468 1480 1469
f 1469 1480 1481
f 1469 1481 1470
f 1470 1481 1482
f 1470 1482 1471
f 1471 1482 1483
f 1471 1483 1472
f 1472 1483 1484
f 1472 1484 1473
f 1473 1484 1485
f 1473 1485 1474
f 1474 1485 1486
f 1474 1486 1475
f 1475 1486 1487
f 1475 1487 1476
f 1476 1487 1488
f 1476 1488 1465
f 1465 1488 1477
f 1477 1489 1478
f 1478 1489 1490
f 1478 1490 1479
f 1479 1490 1491
f 1479 1491 1480
f 1480 1491 1492
f 1480 1492 1481
f 1481 1492 1493
f 1481 1493 1482
f 1482 1493 1494
f 1482 1494 1483
f 1483 1494 1495
f 1483 1495 1484
f 1484 1495 1496
f 1484 1496 1485
f 1485 1496 1497
f 1485 1497 1486
f 1486 1497 1498
f 1486 1498 1487
f 1487 1498 1499
f 1487 1499 1488
f 1488 1499 1500
f 1488 1500 1477
f 1477 1500 1489
f 1489 1501 1490
f 1490 1501 1502
f 1490 1502 1491
f 1491 1502 1503
f 1491 1503 1492
f 1492 1503 1504
f 1492 1504 1493
f 1493 1504 1505
f 1493 1505 1494
f 1494 1505 1506
f 1494 1506 1495
f 1495 1506 1507
f 1495 1507 1496
f 1496 1507 1508
f 1496 1508 1497
f 1497 1508 1509
f 1497 1509 1498
f 1498 1509 1510
f 1498 1510 1499
f 1499 1510 1511
f 1499 1511 1500
f 1500 1511 1512
f 1500 1512 1489
f 1489 1512 1501
f 1501 1513 1502
f 1502 1513 1514
f 1502 1514 1503
f 1503 1514 1515
f 1503 1515 1504
f 1504 1515 1516
f 1504 1516 1505
f 1505 1516 1517
f 1505 1517 1506
f 1506 1517 1518
f 1506 1518 1507
f 1507 1518 1519
f 1507 1519 1508
f 1508 1519 1520
f 1508 1520 1509
f 1509 1520 1521
f 1509 1521 1510
f 1510 1521 1522
f 1510 1522 1511
f 1511 1522 1523
f 1511 1523 1512
f 1512 1523 1524
f 1512 1524 1501
f 1501 1524 1513
f 1513 1525 1514
f 1514 1525 1526
f 1514 1526 1515
f 1515 1526 1527
f 1515 1527 1516
f 1516 1527 1528
f 1516 1528 1517
f 1517 1528 1529
f 1517 1529 1518
f 1518 1529 1530
f 1518 1530 1519
f 1519 1530 1531
f 1519 1531 1520
f 1520 1531 1532
f 1520 1532 1521
f 1521 1532 1533
f 1521 1533 1522
f 1522 1533 1534
f 1522 1534 1523
f 1523 1534 1535
f 1523 1535 1524
f 1524 1535 1536
f 1524 1536 1513
f 1513 1536 1525
f 1525 1537 1526
f 1526 1537 1538
f 1526 1538 1527
f 1527 1538 1539
f 1527 1539 1528
f 1528 1539 1540
f 1528 1540 1529
f 1529 1540 1541
f 1529 1541 1530
f 1530 1541 1542
f 1530 1542 1531
f 1531 1542 1543
f 1531 1543 1532
f 1532 1543 1544
f 1532 1544 1533
f 1533 1544 1545
f 1533 1545 1534
f 1534 1545 1546
f 1534 1546 1535
f 1535 1546 1547
f 1535 1547 1536
f 1536 1547 1548
f 1536 1548 1525
f 1525 1548 1537
f 1537 1549 1538
f 1538 1549 1550
f 1538 1550 1539
f 1539 1550 1551
f 1539 1551 1540
f 1540 1551 1552
f 1540 1552 1541
f 1541 1552 1553
f 1541 1553 1542
f 1542 1553 1554
f 1542 1554 1543
f 1543 1554 1555
f 1543 1555 1544
f 1544 1555 1556
f 1544 1556 1545
f 1545 1556 1557
f 1545 1557 1546
f 1546 1557 1558
f 1546 1558 1547
f 1547 1558 1559
f 1547 1559 1548
f 1548 1559 1560
f 1548 1560 1537
f 1537 1560 1549
f 1549 1561 1550
f 1550 1561 1562
f 1550 1562 1551
f 1551 1562 1563
f 1551 1563 1552
f 1552 1563 1564
f 1552 1564 1553
f 1553 1564 1565
f 1553 1565 1554
f 1554 1565 1566
f 1554 1566 1555
f 1555 1566 1567
f 1555 1567 1556
f 1556 1567 1568
f 1556 1568 1557
f 1557 1568 1569
f 1557 1569 1558
f 1558 1569 1570
f 1558 1570 1559
f 1559 1570 1571
f 1559 1571 1560
f 1560 1571 1572
f 1560 1572 1549
f 1549 1572 1561
f 1561 1573 1562
f 1562 1573 1574
f 1562 1574 1563
f 1563 1574 1575
f 1563 1575 1564
f 1564 1575 1576
f 1564 1576 1565
f 1565 1576 1577
f 1565 1577 1566
f 1566 1577 1578
f 1566 1578 1567
f 1567 1578 1579
f 1567 1579 1568
f 1568 1579 1580
f 1568 1580 1569
f 1569 1580 1581
f 1569 1581 1570
f 1570 1581 1582
f 1570 1582 1571
f 1571 1582 1583
f 1571 1583 1572
f 1572 1583 1584
f 1572 1584 1561
f 1561 1584 1573
f 1573 1585 1574
f 1574 1585 1586
f 1574 1586 1575
f 1575 1586 1587
f 1575 1587 1576
f 1576 1587 1588
f 1576 1588 1577
f 1577 1588 1589
f 1577 1589 1578
f 1578 1589 1590
f 1578 1590 1579
f 1579 1590 1591
f 1579 1591 1580
f 1580 1591 1592
f 1580 1592 1581
f 1581 1592 1593
f 1581 1593 1582
f 1582 1593 1594
f 1582 1594 1583
f 1583 1594 1595
f 1583 1595 1584
f 1584 1595 1596
f 1584 1596 1573
f 1573 1596 1585
f 1585 1597 1586
f 1586 1597 1598
f 1586 1598 1587
f 1587 1598 1599
f 1587 1599 1588
f 1588 1599 1600
f 1588 1600 1589
f 1589 1600 1601
f 1589 1601 1590
f 1590 1601 1602
f 1590 1602 1591
f 1591 1602 1603
f 1591 1603 1592
f 1592 1603 1604
f 1592 1604 1593
f 1593 1604 1605
f 1593 1605 1594
f 1594 1605 1606
f 1594 1606 1595
f 1595 1606 1607
f 1595 1607 1596
f 1596 1607 1608
f 1596 1608 1585
f 1585 1608 1597
f 1597 1609 1598
f 1598 1609 1610
f 1598 1610 1599
f 1599 1610 1611
f 1599 1611 1600
f 1600 1611 1612
f 1600 1612 1601
f 1601 1612 1613
f 1601 1613 1602
f 1602 1613 1614
f 1602 1614 1603
f 1603 1614 1615
f 1603 1615 1604
f 1604 1615 1616
f 1604 1616 1605
f 1605 1616 1617
f 1605 1617 1606
f 1606 1617 1618
f 1606 1618 1607
f 1607 1618 1619
f 1607 1619 1608
f 1608 1619 1620
f 1608 1620 1597
f 1597 1620 1609
f 1609 1621 1610
f 1610 1621 1622
f 1610 1622 1611
f 1611 1622 1623
f 1611 1623 1612
f 1612 1623 1624
f 1612 1624 1613
f 1613 1624 1625
f 1613 1625 1614
f 1614 1625 1626
f 1614 1626 1615
f 1615 1626 1627
f 1615 1627 1616
f 1616 1627 1628
f 1616 1628 1617
f 1617 1628 1629
f 1617 1629 1618
f 1618 1629 1630
f 1618 1630 1619
f 1619 1630 1631
f 1619 1631 1620
f 1620 1631 1632
f 1620 1632 1609
f 1609 1632 1621
f 1621 1633 1622
f 1622 1633 1634
f 1622 1634 1623
f 1623 1634 1635
f 1623 1635 1624
f 1624 1635 1636
f 1624 1636 1625
f 1625 1636 1637
f 1625 1637 1626
f 1626 1637 1638
f 1626 1638 1627
f 1627 1638 1639
f 1627 1639 1628
f 1628 1639 1640
f 1628 1640 1629
f 1629 1640 1641
f 1629 1641 1630
f 1630 1641 1642
f 1630 1642 1631
f 1631 1642 1643
f 1631 1643 1632
f 1632 1643 1644
f 1632 1644 1621
f 1621 1644 1633
f 1633 1645 1634
f 1634 1645 1646
f 1634 1646 1635
f 1635 1646 1647
f 1635 1647 1636
f 1636 1647 1648
f 1636 1648 1637
f 1637 1648 1649
f 1637 1649 1638
f 1638 1649 1650
f 1638 1650 1639
f 1639 1650 1651
f 1639 1651 1640
f 1640 1651 1652
f 1640 1652 1641
f 1641 1652 1653
f 1641 1653 1642
f 1642 1653 1654
f 1642 1654 1643
f 1643 1654 1655
f 1643 1655 1644
f 1644 1655 1656
f 1644 1656 1633
f 1633 1656 1645
f 1645 1657 1646
f 1646 1657 1658
f 1646 1658 1647
f 1647 1658 1659
f 1647 1659 1648
f 1648 1659 1660
f 1648 1660 1649
f 1649 1660 1661
f 1649 1661 1650
f 1650 1661 1662
f 1650 1662 1651
f 1651 1662 1663
f 1651 1663 1652
f 1652 1663 1664
f 1652 1664 1653
f 1653 1664 1665
f 1653 1665 1654
f 1654 1665 1666
f 1654 1666 1655
f 1655 1666 1667
f 1655 1667 1656
f 1656 1667 1668
f 1656 1668 1645
f 1645 1668 1657
f 1657 1669 1658
f 1658 1669 1670
f 1658 1670 1659
f 1659 1670 1671
f 1659 1671 1660
f 1660 1671 1672
f 1660 1672 1661
f 1661 1672 1673
f 1661 1673 1662
f 1662 1673 1674
f 1662 1674 1663
f 1663 1674 1675
f 1663 1675 1664
f 1664 1675 1676
f 1664 1676 1665
f 1665 1676 1677
f 1665 1677 1666
f 1666 1677 1678
f 1666 1678 1667
f 1667 1678 1679
f 1667 1679 1668
f 1668 1679 1680
f 1668 1680 1657
f 1657 1680 1669
f 1669 1681 1670
f 1670 1681 1682
f 1670 1682 1671
f 1671 1682 1683
f 1671 1683 1672
f 1672 1683 1684
f 1672 1684 1673
f 1673 1684 1685
f 1673 1685 1674
f 1674 1685 1686
f 1674 1686 1675
f 1675 1686 1687
f 1675 1687 1676
f 1676 1687 1688
f 1676 1688 1677
f 1677 1688 1689
f 1677 1689 1678
f 1678 1689 1690
f 1678 1690 1679
f 1679 1690 1691
f 1679 1691 1680
f 1680 1691 1692
f 1680 1692 1669
f 1669 1692 1681
f 1681 1693 1682
f 1682 1693 1694
f 1682 1694 1683
f 1683 1694 1695
f 1683 1695 1684
f 1684 1695 1696
f 1684 1696 1685
f 1685 1696 1697
f 1685 1697 1686
f 1686 1697 1698
f 1686 1698 1687
f 1687 1698 1699
f 1687 1699 1688
f 1688 1699 1700
f 1688 1700 1689
f 1689 1700 1701
f 1689 1701 1690
f 1690 1701 1702
f 1690 1702 1691
f 1691 1702 1703
f 1691 1703 1692
f 1692 1703 1704
f 1692 1704 1681
f 1681 1704 1693
f 1693 1705 1694
f 1694 1705 1706
f 1694 1706 1695
f 1695 1706 1707
f 1695 1707 1696
f 1696 1707 1708
f 1696 1708 1697
f 1697 1708 1709
f 1697 1709 1698
f 1698 1709 1710
f 1698 1710 1699
f 1699 1710 1711
f 1699 1711 1700
f 1700 1711 1712
f 1700 1712 1701
f 1701 1712 1713
f 1701 1713 1702
f 1702 1713 1714
f 1702 1714 1703
f 1703 1714 1715
f 1703 1715 1704
f 1704 1715 1716
f 1704 1716 1693
f 1693 1716 1705
f 1705 1717 1706
f 1706 1717 1718
f 1706 1718 1707
f 1707 1718 1719
f 1707 1719 1708
f 1708 1719 1720
f 1708 1720 1709
f 1709 1720 1721
f 1709 1721 1710
f 1710 1721 1722
f 1710 1722 1711
f 1711 1722 1723
f 1711 1723 1712
f 1712 1723 1724
f 1712 1724 1713
f 1713 1724 1725
f 1713 1725 1714
f 1714 1725 1726
f 1714 1726 1715
f 1715 1726 1727
f 1715 1727 1716
f 1716 1727 1728
f 1716 1728 1705
f 1705 1728 1717
f 1717 1297 1718
f 1718 1297 1298
f 1718 1298 1719
f 1719 1298 1299
f 1719 1299 1720
f 1720 1299 1300
f 1720 1300 1721
f 1721 1300 1301
f 1721 1301 1722
f 1722 1301 1302
f 1722 1302 1723
f 1723 1302 1303
f 1723 1303 1724
f 1724 1303 1304
f 1724 1304 1725
f 1725 1304 1305
f 1725 1305 1726
f 1726 1305 1306
f 1726 1306 1727
f 1727 1306 1307
f 1727 1307 1728
f 1728 1307 1308
f 1728 1308 1717
f 1717 1308 1297
f 1729 1741 1730
f 1730 1741 1742
f 1730 1742 1731
f 1731 1742 1743
f 1731 1743 1732
f 1732 1743 1744
f 1732 1744 1733
f 1733 1744 1745
f 1733 1745 1734
f 1734 1745 1746
f 1734 1746 1735
f 1735 1746 1747
f 1735 1747 1736
f 1736 1747 1748
f 1736 1748 1737
f 1737 1748 1749
f 1737 1749 1738
f 1738 1749 1750
f 1738 1750 1739
f 1739 1750 1751
f 1739 1751 1740
f 1740 1751 1752
f 1740 1752 1729
f 1729 1752 1741
f 1741 1753 1742
f 1742 1753 1754
f 1742 1754 1743
f 1743 1754 1755
f 1743 1755 1744
f 1744 1755 1756
f 1744 1756 1745
f 1745 1756 1757
f 1745 1757 1746
f 1746 1757 1758
f 1746 1758 1747
f 1747 1758 1759
f 1747 1759 1748
f 1748 1759 1760
f 1748 1760 1749
f 1749 1760 1761
f 1749 1761 1750
f 1750 1761 1762
f 1750 1762 1751
f 1751 1762 1763
f 1751 1763 1752
f 1752 1763 1764
f 1752 1764 1741
f 1741 1764 1753
f 1753 1765 1754
f 1754 1765 1766
f 1754 1766 1755
f 1755 1766 1767
f 1755 1767 1756
f 1756 1767 1768
f 1756 1768 1757
f 1757 1768 1769
f 1757 1769 1758
f 1758 1769 1770
f 1758 1770 1759
f 1759 1770 1771
f 1759 1771 1760
f 1760 1771 1772
f 1760 1772 1761
f 1761 1772 1773
f 1761 1773 1762
f 1762 1773 1774
f 1762 1774 1763
f 1763 1774 1775
f 1763 1775 1764
f 1764 1775 1776
f 1764 1776 1753
f 1753 1776 1765
f 1765 1777 1766
f 1766 1777 1778
f 1766 1778 1767
f 1767 1778 1779
f 1767 1779 1768
f 1768 1779 1780
f 1768 1780 1769
f 1769 1780 1781
f 1769 1781 1770
f 1770 1781 1782
f 1770 1782 1771
f 1771 1782 1783
f 1771 1783 1772
f 1772 1783 1784
f 1772 1784 1773
f 1773 1784 1785
f 1773 1785 1774
f 1774 1785 1786
f 1774 1786 1775
f 1775 1786 1787
f 1775 1787 1776
f 1776 1787 1788
f 1776 1788 1765
f 1765 1788 1777
f 1777 1789 1778
f 1778 1789 1790
f 1778 1790 1779
f 1779 1790 1791
f 1779 1791 1780
f 1780 1791 1792
f 1780 1792 1781
f 1781 1792 1793
f 1781 1793 1782
f 1782 1793 1794
f 1782 1794 1783
f 1783 1794 1795
f 1783 1795 1784
f 1784 1795 1796
f 1784 1796 1785
f 1785 1796 1797
f 1785 1797 1786
f 1786 1797 1798
f 1786 1798 1787
f 1787 1798 1799
f 1787 1799 1788
f 1788 1799 1800
f 1788 1800 1777
f 1777 1800 1789
f 1789 1801 1790
f 1790 1801 1802
f 1790 1802 1791
f 1791 1802 1803
f 1791 1803 1792
f 1792 1803 1804
f 1792 1804 1793
f 1793 1804 1805
f 1793 1805 1794
f 1794 1805 1806
f 1794 1806 1795
f 1795 1806 1807
f 1795 1807 1796
f 1796 1807 1808
f 1796 1808 1797
f 1797 1808 1809
f 1797 1809 1798
f 1798 1809 1810
f 1798 1810 1799
f 1799 1810 1811
f 1799 1811 1800
f 1800 1811 1812
f 1800 1812 1789
f 1789 1812 1801
f 1801 1813 1802
f 1802 1813 1814
f 1802 1814 1803
f 1803 1814 1815
f 1803 1815 1804
f 1804 1815 1816
f 1804 1816 1805
f 1805 1816 1817
f 1805 1817 1806
f 1806 1817 1818
f 1806 1818 1807
f 1807 1818 1819
f 1807 1819 1808
f 1808 1819 1820
f 1808 1820 1809
f 1809 1820 1821
f 1809 1821 1810
f 1810 1821 1822
f 1810 1822 1811
f 1811 1822 1823
f 1811 1823 1812
f 1812 1823 1824
f 1812 1824 1801
f 1801 1824 1813
f 1813 1825 1814
f 1814 1825 1826
f 1814 1826 1815
f 1815 1826 1827
f 1815 1827 1816
f 1816 1827 1828
f 1816 1828 1817
f 1817 1828 1829
f 1817 1829 1818
f 1818 1829 1830
f 1818 1830 1819
f 1819 1830 1831
f 1819 1831 1820
f 1820 1831 1832
f 1820 1832 1821
f 1821 1832 1833
f 1821 1833 1822
f 1822 1833 1834
f 1822 1834 1823
f 1823 1834 1835
f 1823 1835 1824
f 1824 1835 1836
f 1824 1836 1813
f 1813 1836 1825
f 1825 1837 1826
f 1826 1837 1838
f 1826 1838 1827
f 1827 1838 1839
f 1827 1839 1828
f 1828 1839 1840
f 1828 1840 1829
f 1829 1840 1841
f 1829 1841 1830
f 1830 1841 1842
f 1830 1842 1831
f 1831 1842 1843
f 1831 1843 1832
f 1832 1843 1844
f 1832 1844 1833
f 1833 1844 1845
f 1833 1845 1834
f 1834 1845 1846
f 1834 1846 1835
f 1835 1846 1847
f 1835 1847 1836
f 1836 1847 1848
f 1836 1848 1825
f 1825 1848 1837
f 1837 1849 1838
f 1838 1849 1850
f 1838 1850 1839
f 1839 1850 1851
f 1839 1851 1840
f 1840 1851 1852
f 1840 1852 1841
f 1841 1852 1853
f 1841 1853 1842
f 1842 1853 1854
f 1842 1854 1843
f 1843 1854 1855
f 1843 1855 1844
f 1844 1855 1856
f 1844 1856 1845
f 1845 1856 1857
f 1845 1857 1846
f 1846 1857 1858
f 1846 1858 1847
f 1847 1858 1859
f 1847 1859 1848
f 1848 1859 1860
f 1848 1860 1837
f 1837 1860 1849
f 1849 1861 1850
f 1850 1861 1862
f 1850 1862 1851
f 1851 1862 1863
f 1851 1863 1852
f 1852 1863 1864
f 1852 1864 1853
f 1853 1864 1865
f 1853 1865 1854
f 1854 1865 1866
f 1854 1866 1855
f 1855 1866 1867
f 1855 1867 1856
f 1856 1867 1868
f 1856 1868 1857
f 1857 1868 1869
f 1857 1869 1858
f 1858 1869 1870
f 1858 1870 1859
f 1859 1870 1871
f 1859 1871 1860
f 1860 1871 1872
f 1860 1872 1849
f 1849 1872 1861
f 1861 1873 1862
f 1862 1873 1874
f 1862 1874 1863
f 1863 1874 1875
f 1863 1875 1864
f 1864 1875 1876
f 1864 1876 1865
f 1865 1876 1877
f 1865 1877 1866
f 1866 1877 1878
f 1866 1878 1867
f 1867 1878 1879
f 1867 1879 1868
f 1868 1879 1880
f 1868 1880 1869
f 1869 1880 1881
f 1869 1881 1870
f 1870 1881 1882
f 1870 1882 1871
f 1871 1882 1883
f 1871 1883 1872
f 1872 1883 1884
f 1872 1884 1861
f 1861 1884 1873
f 1873 1885 1874
f 1874 1885 1886
f 1874 1886 1875
f 1875 1886 1887
f 1875 1887 1876
f 1876 1887 1888
f 1876 1888 1877
f 1877 1888 1889
f 1877 1889 1878
f 1878 1889 1890
f 1878 1890 1879
f 1879 1890 1891
f 1879 1891 1880
f 1880 1891 1892
f 1880 1892 1881
f 1881 1892 1893
f 1881 1893 1882
f 1882 1893 1894
f 1882 1894 1883
f 1883 1894 1895
f 1883 1895 1884
f 1884 1895 1896
f 1884 1896 1873
f 1873 1896 1885
f 1885 1897 1886
f 1886 1897 1898
f 1886 1898 1887
f 1887 1898 1899
f 1887 1899 1888
f 1888 1899 1900
f 1888 1900 1889
f 1889 1900 1901
f 1889 1901 1890
f 1890 1901 1902
f 1890 1902 1891
f 1891 1902 1903
f 1891 1903 1892
f 1892 1903 1904
f 1892 1904 1893
f 1893 1904 1905
f 1893 1905 1894
f 1894 1905 1906
f 1894 1906 1895
f 1895 1906 1907
f 1895 1907 1896
f 1896 1907 1908
f 1896 1908 1885
f 1885 1908 1897
f 1897 1909 1898
f 1898 1909 1910
f 1898 1910 1899
f 1899 1910 1911
f 1899 1911 1900
f 1900 1911 1912
f 1900 1912 1901
f 1901 1912 1913
f 1901 1913 1902
f 1902 1913 1914
f 1902 1914 1903
f 1903 1914 1915
f 1903 1915 1904
f 1904 1915 1916
f 1904 1916 1905
f 1905 1916 1917
f 1905 1917 1906
f 1906 1917 1918
f 1906 1918 1907
f 1907 1918 1919
f 1907 1919 1908
f 1908 1919 1920
f 1908 1920 1897
f 1897 1920 1909
f 1909 1921 1910
f 1910 1921 1922
f 1910 1922 1911
f 1911 1922 1923
f 1911 1923 1912
f 1912 1923 1924
f 1912 1924 1913
f 1913 1924 1925
f 1913 1925 1914
f 1914 1925 1926
f 1914 1926 1915
f 1915 1926 1927
f 1915 1927 1916
f 1916 1927 1928
f 1916 1928 1917
f 1917 1928 1929
f 1917 1929 1918
f 1918 1929 1930
f 1918 1930 1919
f 1919 1930 1931
f 1919 1931 1920
f 1920 1931 1932
f 1920 1932 1909
f 1909 1932 1921
f 1921 1933 1922
f 1922 1933 1934
f 1922 1934 1923
f 1923 1934 1935
f 1923 1935 1924
f 1924 1935 1936
f 1924 1936 1925
f 1925 1936 1937
f 1925 1937 1926
f 1926 1937 1938
f 1926 1938 1927
f 1927 1938 1939
f 1927 1939 1928
f 1928 1939 1940
f 1928 1940 1929
f 1929 1940 1941
f 1929 1941 1930
f 1930 1941 1942
f 1930 1942 1931
f 1931 1942 1943
f 1931 1943 1932
f 1932 1943 1944
f 1932 1944 1921
f 1921 1944 1933
f 1933 1945 1934
f 1934 1945 1946
f 1934 1946 1935
f 1935 1946 1947
f 1935 1947 1936
f 1936 1947 1948
f 1936 1948 1937
f 1937 1948 1949
f 1937 1949 1938
f 1938 1949 1950
f 1938 1950 1939
f 1939 1950 1951
f 1939 1951 1940
f 1940 1951 1952
f 1940 1952 1941
f 1941 1952 1953
f 1941 1953 1942
f 1942 1953 1954
f 1942 1954 1943
f 1943 1954 1955
f 1943 1955 1944
f 1944 1955 1956
f 1944 1956 1933
f 1933 1956 1945
f 1945 1957 1946
f 1946 1957 1958
f 1946 1958 1947
f 1947 1958 1959
f 1947 1959 1948
f 1948 1959 1960
f 1948 1960 1949
f 1949 1960 1961
f 1949 1961 1950
f 1950 1961 1962
f 1950 1962 1951
f 1951 1962 1963
f 1951 1963 1952
f 1952 1963 1964
f 1952 1964 1953
f 1953 1964 1965
f 1953 1965 1954
f 1954 1965 1966
f 1954 1966 1955
f 1955 1966 1967
f 1955 1967 1956
f 1956 1967 1968
f 1956 1968 1945
f 1945 1968 1957
f 1957 1969 1958
f 1958 1969 1970
f 1958 1970 1959
f 1959 1970 1971
f 1959 1971 1960
f 1960 1971 1972
f 1960 1972 1961
f 1961 1972 1973
f 1961 1973 1962
f 1962 1973 1974
f 1962 1974 1963
f 1963 1974 1975
f 1963 1975 1964
f 1964 1975 1976
f 1964 1976 1965
f 1965 1976 1977
f 1965 1977 1966
f 1966 1977 1978
f 1966 1978 1967
f 1967 1978 1979
f 1967 1979 1968
f 1968 1979 1980
f 1968 1980 1957
f 1957 1980 1969
f 1969 1981 1970
f 1970 1981 1982
f 1970 1982 1971
f 1971 1982 1983
f 1971 1983 1972
f 1972 1983 1984
f 1972 1984 1973
f 1973 1984 1985
f 1973 1985 1974
f 1974 1985 1986
f 1974 1986 1975
f 1975 1986 1987
f 1975 1987 1976
f 1976 1987 1988
f 1976 1988 1977
f 1977 1988 1989
f 1977 1989 1978
f 1978 1989 1990
f 1978 1990 1979
f 1979 1990 1991
f 1979 1991 1980
f 1980 1991 1992
f 1980 1992 1969
f 1969 1992 1981
f 1981 1993 1982
f 1982 1993 1994
f 1982 1994 1983
f 1983 1994 1995
f 1983 1995 1984
f 1984 1995 1996
f 1984 1996 1985
f 1985 1996 1997
f 1985 1997 1986
f 1986 1997 1998
f 1986 1998 1987
f 1987 1998 1999
f 1987 1999 1988
f 1988 1999 2000
f 1988 2000 1989
f 1989 2000 2001
f 1989 2001 1990
f 1990 2001 2002
f 1990 2002 1991
f 1991 2002 2003
f 1991 2003 1992
f 1992 2003 2004
f 1992 2004 1981
f 1981 2004 1993
f 1993 2005 1994
f 1994 2005 2006
f 1994 2006 1995
f 1995 2006 2007
f 1995 2007 1996
f 1996 2007 2008
f 1996 2008 1997
f 1997 2008 2009
f 1997 2009 1998
f 1998 2009 2010
f 1998 2010 1999
f 1999 2010 2011
f 1999 2011 2000
f 2000 2011 2012
f 2000 2012 2001
f 2001 2012 2013
f 2001 2013 2002
f 2002 2013 2014
f 2002 2014 2003
f 2003 2014 2015
f 2003 2015 2004
f 2004 2015 2016
f 2004 2016 1993
f 1993 2016 2005
f 2005 2017 2006
f 2006 2017 2018
f 2006 2018 2007
f 2007 2018 2019
f 2007 2019 2008
f 2008 2019 2020
f 2008 2020 2009
f 2009 2020 2021
f 2009 2021 2010
f 2010 2021 2022
f 2010 2022 2011
f 2011 2022 2023
f 2011 2023 2012
f 2012 2023 2024
f 2012 2024 2013
f 2013 2024 2025
f 2013 2025 2014
f 2014 2025 2026
f 2014 2026 2015
f 2015 2026 2027
f 2015 2027 2016
f 2016 2027 2028
f 2016 2028 2005
f 2005 2028 2017
f 2017 2029 2018
f 2018 2029 2030
f 2018 2030 2019
f 2019 2030 2031
f 2019 2031 2020
f 2020 2031 2032
f 2020 2032 2021
f 2021 2032 2033
f 2021 2033 2022
f 2022 2033 2034
f 2022 2034 2023
f 2023 2034 2035
f 2023 2035 2024
f 2024 2035 2036
f 2024 2036 2025
f 2025 2036 2037
f 2025 2037 2026
f 2026 2037 2038
f 2026 2038 2027
f 2027 2038 2039
f 2027 2039 2028
f 2028 2039 2040
f 2028 2040 2017
f 2017 2040 2029
f 2029 2041 2030
f 2030 2041 2042
f 2030 2042 2031
f 2031 2042 2043
f 2031 2043 2032
f 2032 2043 2044
f 2032 2044 2033
f 2033 2044 2045
f 2033 2045 2034
f 2034 2045 2046
f 2034 2046 2035
f 2035 2046 2047
f 2035 2047 2036
f 2036 2047 2048
f 2036 2048 2037
f 2037 2048 2049
f 2037 2049 2038
f 2038 2049 2050
f 2038 2050 2039
f 2039 2050 2051
f 2039 2051 2040
f 2040 2051 2052
f 2040 2052 2029
f 2029 2052 2041
f 2041 2053 2042
f 2042 2053 2054
f 2042 2054 2043
f 2043 2054 2055
f 2043 2055 2044
f 2044 2055 2056
f 2044 2056 2045
f 2045 2056 2057
f 2045 2057 2046
f 2046 2057 2058
f 2046 2058 2047
f 2047 2058 2059
f 2047 2059 2048
f 2048 2059 2060
f 2048 2060 2049
f 2049 2060 2061
f 2049 2061 2050
f 2050 2061 2062
f 2050 2062 2051
f 2051 2062 2063
f 2051 2063 2052
f 2052 2063 2064
f 2052 2064 2041
f 2041 2064 2053
f 2053 2065 2054
f 2054 2065 2066
f 2054 2066 2055
f 2055 2066 2067
f 2055 2067 2056
f 2056 2067 2068
f 2056 2068 2057
f 2057 2068 2069
f 2057 2069 2058
f 2058 2069 2070
f 2058 2070 2059
f 2059 2070 2071
f 2059 2071 2060
f 2060 2071 2072
f 2060 2072 2061
f 2061 2072 2073
f 2061 2073 2062
f 2062 2073 2074
f 2062 2074 2063
f 2063 2074 2075
f 2063 2075 2064
f 2064 2075 2076
f 2064 2076 2053
f 2053 2076 2065
f 2065 2077 2066
f 2066 2077 2078
f 2066 2078 2067
f 2067 2078 2079
f 2067 2079 2068
f 2068 2079 2080
f 2068 2080 2069
f 2069 2080 2081
f 2069 2081 2070
f 2070 2081 2082
f 2070 2082 2071
f 2071 2082 2083
f 2071 2083 2072
f 2072 2083 2084
f 2072 2084 2073
f 2073 2084 2085
f 2073 2085 2074
f 2074 2085 2086
f 2074 2086 2075
f 2075 2086 2087
f 2075 2087 2076
f 2076 2087 2088
f 2076 2088 2065
f 2065 2088 2077
f 2077 2089 2078
f 2078 2089 2090
f 2078 2090 2079
f 2079 2090 2091
f 2079 2091 2080
f 2080 2091 2092
f 2080 2092 2081
f 2081 2092 2093
f 2081 2093 2082
f 2082 2093 2094
f 2082 2094 2083
f 2083 2094 2095
f 2083 2095 2084
f 2084 2095 2096
f 2084 2096 2085
f 2085 2096 2097
f 2085 2097 2086
f 2086 2097 2098
f 2086 2098 2087
f 2087 2098 2099
f 2087 2099 2088
f 2088 2099 2100
f 2088 2100 2077
f 2077 2100 2089
f 2089 2101 2090
f 2090 2101 2102
f 2090 2102 2091
f 2091 2102 2103
f 2091 2103 2092
f 2092 2103 2104
f 2092 2104 2093
f 2093 2104 2105
f 2093 2105 2094
f 2094 2105 2106
f 2094 2106 2095
f 2095 2106 2107
f 2095 2107 2096
f 2096 2107 2108
f 2096 2108 2097
f 2097 2108 2109
f 2097 2109 2098
f 2098 2109 2110
f 2098 2110 2099
f 2099 2110 2111
f 2099 2111 2100
f 2100 2111 2112
f 2100 2112 2089
f 2089 2112 2101
f 2101 2113 2102
f 2102 2113 2114
f 2102 2114 2103
f 2103 2114 2115
f 2103 2115 2104
f 2104 2115 2116
f 2104 2116 2105
f 2105 2116 2117
f 2105 2117 2106
f 2106 2117 2118
f 2106 2118 2107
f 2107 2118 2119
f 2107 2119 2108
f 2108 2119 2120
f 2108 2120 2109
f 2109 2120 2121
f 2109 2121 2110
f 2110 2121 2122
f 2110 2122 2111
f 2111 2122 2123
f 2111 2123 2112
f 2112 2123 2124
f 2112 2124 2101
f 2101 2124 2113
f 2113 2125 2114
f 2114 2125 2126
f 2114 2126 2115
f 2115 2126 2127
f 2115 2127 2116
f 2116 2127 2128
f 2116 2128 2117
f 2117 2128 2129
f 2117 2129 2118
f 2118 2129 2130
f 2118 2130 2119
f 2119 2130 2131
f 2119 2131 2120
f 2120 2131 2132
f 2120 2132 2121
f 2121 2132 2133
f 2121 2133 2122
f 2122 2133 2134
f 2122 2134 2123
f 2123 2134 2135
f 2123 2135 2124
f 2124 2135 2136
f 2124 2136 2113
f 2113 2136 2125
f 2125 2137 2126
f 2126 2137 2138
f 2126 2138 2127
f 2127 2138 2139
f 2127 2139 2128
f 2128 2139 2140
f 2128 2140 2129
f 2129 2140 2141
f 2129 2141 2130
f 2130 2141 2142
f 2130 2142 2131
f 2131 2142 2143
f 2131 2143 2132
f 2132 2143 2144
f 2132 2144 2133
f 2133 2144 2145
f 2133 2145 2134
f 2134 2145 2146
f 2134 2146 2135
f 2135 2146 2147
f 2135 2147 2136
f 2136 2147 2148
f 2136 2148 2125
f 2125 2148 2137
f 2137 2149 2138
f 2138 2149 2150
f 2138 2150 2139
f 2139 2150 2151
f 2139 2151 2140
f 2140 2151 2152
f 2140 2152 2141
f 2141 2152 2153
f 2141 2153 2142
f 2142 2153 2154
f 2142 2154 2143
f 2143 2154 2155
f 2143 2155 2144
f 2144 2155 2156
f 2144 2156 2145
f 2145 2156 2157
f 2145 2157 2146
f 2146 2157 2158
f 2146 2158 2147
f 2147 2158 2159
f 2147 2159 2148
f 2148 2159 2160
f 2148 2160 2137
f 2137 2160 2149
f 2149 1729 2150
f 2150 1729 1730
f 2150 1730 2151
f 2151 1730 1731
f 2151 1731 2152
f 2152 1731 1732
f 2152 1732 2153
f 2153 1732 1733
f 2153 1733 2154
f 2154 1733 1734
f 2154 1734 2155
f 2155 1734 1735
f 2155 1735 2156
f 2156 1735 1736
f 2156 1736 2157
f 2157 1736 1737
f 2157 1737 2158
f 2158 1737 1738
f 2158 1738 2159
f 2159 1738 1739
f 2159 1739 2160
f 2160 1739 1740
f 2160 1740 2149
f 2149 1740 1729
f 2162 2161 2165
f 2162 2165 2163
f 2163 2165 2166
f 2163 2166 2164
f 2165 2161 2167
f 2165 2167 2166
f 2166 2167 2168
f 2166 2168 2164
f 2167 2161 2169
f 2167 2169 2168
f 2168 2169 2170
f 2168 2170 2164
f 2169 2161 2171
f 2169 2171 2170
f 2170 2171 2172
f 2170 2172 2164
f 2171 2161 2173
f 2171 2173 2172
f 2172 2173 2174
f 2172 2174 2164
f 2173 2161 2175
f 2173 2175 2174
f 2174 2175 2176
f 2174 2176 2164
f 2175 2161 2177
f 2175 2177 2176
f 2176 2177 2178
f 2176 2178 2164
f 2177 2161 2179
f 2177 2179 2178
f 2178 2179 2180
f 2178 2180 2164
f 2179 2161 2181
f 2179 2181 2180
f 2180 2181 2182
f 2180 2182 2164
f 2181 2161 2183
f 2181 2183 2182
f 2182 2183 2184
f 2182 2184 2164
f 2183 2161 2185
f 2183 2185 2184
f 2184 2185 2186
f 2184 2186 2164
f 2185 2161 2187
f 2185 2187 2186
f 2186 2187 2188
f 2186 2188 2164
f 2187 2161 2189
f 2187 2189 2188
f 2188 2189 2190
f 2188 2190 2164
f 2189 2161 2191
f 2189 2191 2190
f 2190 2191 2192
f 2190 2192 2164
f 2191 2161 2193
f 2191 2193 2192
f 2192 2193 2194
f 2192 2194 2164
f 2193 2161 2195
f 2193 2195 2194
f 2194 2195 2196
f 2194 2196 2164
f 2195 2161 2197
f 2195 2197 2196
f 2196 2197 2198
f 2196 2198 2164
f 2197 2161 2199
f 2197 2199 2198
f 2198 2199 2200
f 2198 2200 2164
f 2199 2161 2201
f 2199 2201 2200
f 2200 2201 2202
f 2200 2202 2164
f 2201 2161 2203
f 2201 2203 2202
f 2202 2203 2204
f 2202 2204 2164
f 2203 2161 2205
f 2203 2205 2204
f 2204 2205 2206
f 2204 2206 2164
f 2205 2161 2207
f 2205 2207 2206
f 2206 2207 2208
f 2206 2208 2164
f 2207 2161 2209
f 2207 2209 2208
f 2208 2209 2210
f 2208 2210 2164
f 2209 2161 2162
f 2209 2162 2210
f 2210 2162 2163
f 2210 2163 2164
