grid_id,material_id,medium_id,base_volume_m3,bulk_density_base_kg_m3,target_mass_fraction,target_mass_kg,matrix_mass_kg,property_evidence_state,run_gate
BMG-00001,MAT-AU,MED-GRV,0.001,1600,0.001,0.0016,1.5984,project_target_plus_reference_density,sample certificate and assay required
BMG-00002,MAT-AU,MED-GRV,0.001,1600,0.005,0.008,1.592,project_target_plus_reference_density,sample certificate and assay required
BMG-00003,MAT-AU,MED-GRV,0.001,1600,0.01,0.016,1.584,project_target_plus_reference_density,sample certificate and assay required
BMG-00004,MAT-AU,MED-GRV,0.001,1600,0.05,0.08,1.52,project_target_plus_reference_density,sample certificate and assay required
BMG-00005,MAT-AU,MED-GRV,0.001,1600,0.1,0.16,1.44,project_target_plus_reference_density,sample certificate and assay required
BMG-00006,MAT-AU,MED-GRV,0.001,1600,0.25,0.4,1.2,project_target_plus_reference_density,sample certificate and assay required
BMG-00007,MAT-AU,MED-GRV,0.001,1600,0.5,0.8,0.8,project_target_plus_reference_density,sample certificate and assay required
BMG-00008,MAT-AU,MED-SND,0.001,1650,0.001,0.00165,1.64835,project_target_plus_reference_density,sample certificate and assay required
BMG-00009,MAT-AU,MED-SND,0.001,1650,0.005,0.00825,1.64175,project_target_plus_reference_density,sample certificate and assay required
BMG-00010,MAT-AU,MED-SND,0.001,1650,0.01,0.0165,1.6335,project_target_plus_reference_density,sample certificate and assay required
BMG-00011,MAT-AU,MED-SND,0.001,1650,0.05,0.0825,1.5675,project_target_plus_reference_density,sample certificate and assay required
BMG-00012,MAT-AU,MED-SND,0.001,1650,0.1,0.165,1.485,project_target_plus_reference_density,sample certificate and assay required
BMG-00013,MAT-AU,MED-SND,0.001,1650,0.25,0.4125,1.2375,project_target_plus_reference_density,sample certificate and assay required
BMG-00014,MAT-AU,MED-SND,0.001,1650,0.5,0.825,0.825,project_target_plus_reference_density,sample certificate and assay required
BMG-00015,MAT-AU,MED-CLY,0.001,1800,0.001,0.0018,1.7982,project_target_plus_reference_density,sample certificate and assay required
BMG-00016,MAT-AU,MED-CLY,0.001,1800,0.005,0.009,1.791,project_target_plus_reference_density,sample certificate and assay required
BMG-00017,MAT-AU,MED-CLY,0.001,1800,0.01,0.018,1.782,project_target_plus_reference_density,sample certificate and assay required
BMG-00018,MAT-AU,MED-CLY,0.001,1800,0.05,0.09,1.71,project_target_plus_reference_density,sample certificate and assay required
BMG-00019,MAT-AU,MED-CLY,0.001,1800,0.1,0.18,1.62,project_target_plus_reference_density,sample certificate and assay required
BMG-00020,MAT-AU,MED-CLY,0.001,1800,0.25,0.45,1.35,project_target_plus_reference_density,sample certificate and assay required
BMG-00021,MAT-AU,MED-CLY,0.001,1800,0.5,0.9,0.9,project_target_plus_reference_density,sample certificate and assay required
BMG-00022,MAT-AU,MED-BCL,0.001,1900,0.001,0.0019,1.8981,project_target_plus_reference_density,sample certificate and assay required
BMG-00023,MAT-AU,MED-BCL,0.001,1900,0.005,0.0095,1.8905,project_target_plus_reference_density,sample certificate and assay required
BMG-00024,MAT-AU,MED-BCL,0.001,1900,0.01,0.019,1.881,project_target_plus_reference_density,sample certificate and assay required
BMG-00025,MAT-AU,MED-BCL,0.001,1900,0.05,0.095,1.805,project_target_plus_reference_density,sample certificate and assay required
BMG-00026,MAT-AU,MED-BCL,0.001,1900,0.1,0.19,1.71,project_target_plus_reference_density,sample certificate and assay required
BMG-00027,MAT-AU,MED-BCL,0.001,1900,0.25,0.475,1.425,project_target_plus_reference_density,sample certificate and assay required
BMG-00028,MAT-AU,MED-BCL,0.001,1900,0.5,0.95,0.95,project_target_plus_reference_density,sample certificate and assay required
BMG-00029,MAT-AU,MED-BAS,0.001,1700,0.001,0.0017,1.6983,project_target_plus_reference_density,sample certificate and assay required
BMG-00030,MAT-AU,MED-BAS,0.001,1700,0.005,0.0085,1.6915,project_target_plus_reference_density,sample certificate and assay required
BMG-00031,MAT-AU,MED-BAS,0.001,1700,0.01,0.017,1.683,project_target_plus_reference_density,sample certificate and assay required
BMG-00032,MAT-AU,MED-BAS,0.001,1700,0.05,0.085,1.615,project_target_plus_reference_density,sample certificate and assay required
BMG-00033,MAT-AU,MED-BAS,0.001,1700,0.1,0.17,1.53,project_target_plus_reference_density,sample certificate and assay required
BMG-00034,MAT-AU,MED-BAS,0.001,1700,0.25,0.425,1.275,project_target_plus_reference_density,sample certificate and assay required
BMG-00035,MAT-AU,MED-BAS,0.001,1700,0.5,0.85,0.85,project_target_plus_reference_density,sample certificate and assay required
BMG-00036,MAT-AU,MED-CAR,0.001,1300,0.001,0.0013,1.2987,project_target_plus_reference_density,sample certificate and assay required
BMG-00037,MAT-AU,MED-CAR,0.001,1300,0.005,0.0065,1.2935,project_target_plus_reference_density,sample certificate and assay required
BMG-00038,MAT-AU,MED-CAR,0.001,1300,0.01,0.013,1.287,project_target_plus_reference_density,sample certificate and assay required
BMG-00039,MAT-AU,MED-CAR,0.001,1300,0.05,0.065,1.235,project_target_plus_reference_density,sample certificate and assay required
BMG-00040,MAT-AU,MED-CAR,0.001,1300,0.1,0.13,1.17,project_target_plus_reference_density,sample certificate and assay required
BMG-00041,MAT-AU,MED-CAR,0.001,1300,0.25,0.325,0.975,project_target_plus_reference_density,sample certificate and assay required
BMG-00042,MAT-AU,MED-CAR,0.001,1300,0.5,0.65,0.65,project_target_plus_reference_density,sample certificate and assay required
BMG-00043,MAT-AU,MED-MET,0.001,2300,0.001,0.0023,2.2977,project_target_plus_reference_density,sample certificate and assay required
BMG-00044,MAT-AU,MED-MET,0.001,2300,0.005,0.0115,2.2885,project_target_plus_reference_density,sample certificate and assay required
BMG-00045,MAT-AU,MED-MET,0.001,2300,0.01,0.023,2.277,project_target_plus_reference_density,sample certificate and assay required
BMG-00046,MAT-AU,MED-MET,0.001,2300,0.05,0.115,2.185,project_target_plus_reference_density,sample certificate and assay required
BMG-00047,MAT-AU,MED-MET,0.001,2300,0.1,0.23,2.07,project_target_plus_reference_density,sample certificate and assay required
BMG-00048,MAT-AU,MED-MET,0.001,2300,0.25,0.575,1.725,project_target_plus_reference_density,sample certificate and assay required
BMG-00049,MAT-AU,MED-MET,0.001,2300,0.5,1.15,1.15,project_target_plus_reference_density,sample certificate and assay required
BMG-00050,MAT-AU,MED-ANT,0.001,1500,0.001,0.0015,1.4985,project_target_plus_reference_density,sample certificate and assay required
BMG-00051,MAT-AU,MED-ANT,0.001,1500,0.005,0.0075,1.4925,project_target_plus_reference_density,sample certificate and assay required
BMG-00052,MAT-AU,MED-ANT,0.001,1500,0.01,0.015,1.485,project_target_plus_reference_density,sample certificate and assay required
BMG-00053,MAT-AU,MED-ANT,0.001,1500,0.05,0.075,1.425,project_target_plus_reference_density,sample certificate and assay required
BMG-00054,MAT-AU,MED-ANT,0.001,1500,0.1,0.15,1.35,project_target_plus_reference_density,sample certificate and assay required
BMG-00055,MAT-AU,MED-ANT,0.001,1500,0.25,0.375,1.125,project_target_plus_reference_density,sample certificate and assay required
BMG-00056,MAT-AU,MED-ANT,0.001,1500,0.5,0.75,0.75,project_target_plus_reference_density,sample certificate and assay required
BMG-00057,MAT-AU,MED-GLS,0.001,1550,0.001,0.00155,1.54845,project_target_plus_reference_density,sample certificate and assay required
BMG-00058,MAT-AU,MED-GLS,0.001,1550,0.005,0.00775,1.54225,project_target_plus_reference_density,sample certificate and assay required
BMG-00059,MAT-AU,MED-GLS,0.001,1550,0.01,0.0155,1.5345,project_target_plus_reference_density,sample certificate and assay required
BMG-00060,MAT-AU,MED-GLS,0.001,1550,0.05,0.0775,1.4725,project_target_plus_reference_density,sample certificate and assay required
BMG-00061,MAT-AU,MED-GLS,0.001,1550,0.1,0.155,1.395,project_target_plus_reference_density,sample certificate and assay required
BMG-00062,MAT-AU,MED-GLS,0.001,1550,0.25,0.3875,1.1625,project_target_plus_reference_density,sample certificate and assay required
BMG-00063,MAT-AU,MED-GLS,0.001,1550,0.5,0.775,0.775,project_target_plus_reference_density,sample certificate and assay required
BMG-00064,MAT-AU,MED-ICY,0.001,900,0.001,0.0009,0.8991,project_target_plus_reference_density,sample certificate and assay required
BMG-00065,MAT-AU,MED-ICY,0.001,900,0.005,0.0045,0.8955,project_target_plus_reference_density,sample certificate and assay required
BMG-00066,MAT-AU,MED-ICY,0.001,900,0.01,0.009,0.891,project_target_plus_reference_density,sample certificate and assay required
BMG-00067,MAT-AU,MED-ICY,0.001,900,0.05,0.045,0.855,project_target_plus_reference_density,sample certificate and assay required
BMG-00068,MAT-AU,MED-ICY,0.001,900,0.1,0.09,0.81,project_target_plus_reference_density,sample certificate and assay required
BMG-00069,MAT-AU,MED-ICY,0.001,900,0.25,0.225,0.675,project_target_plus_reference_density,sample certificate and assay required
BMG-00070,MAT-AU,MED-ICY,0.001,900,0.5,0.45,0.45,project_target_plus_reference_density,sample certificate and assay required
BMG-00071,MAT-ND,MED-GRV,0.001,1600,0.001,0.0016,1.5984,project_target_screening_default,pure-element proxy must not represent NdFeB or ore
BMG-00072,MAT-ND,MED-GRV,0.001,1600,0.005,0.008,1.592,project_target_screening_default,pure-element proxy must not represent NdFeB or ore
BMG-00073,MAT-ND,MED-GRV,0.001,1600,0.01,0.016,1.584,project_target_screening_default,pure-element proxy must not represent NdFeB or ore
BMG-00074,MAT-ND,MED-GRV,0.001,1600,0.05,0.08,1.52,project_target_screening_default,pure-element proxy must not represent NdFeB or ore
BMG-00075,MAT-ND,MED-GRV,0.001,1600,0.1,0.16,1.44,project_target_screening_default,pure-element proxy must not represent NdFeB or ore
BMG-00076,MAT-ND,MED-GRV,0.001,1600,0.25,0.4,1.2,project_target_screening_default,pure-element proxy must not represent NdFeB or ore
BMG-00077,MAT-ND,MED-GRV,0.001,1600,0.5,0.8,0.8,project_target_screening_default,pure-element proxy must not represent NdFeB or ore
BMG-00078,MAT-ND,MED-SND,0.001,1650,0.001,0.00165,1.64835,project_target_screening_default,pure-element proxy must not represent NdFeB or ore
BMG-00079,MAT-ND,MED-SND,0.001,1650,0.005,0.00825,1.64175,project_target_screening_default,pure-element proxy must not represent NdFeB or ore
BMG-00080,MAT-ND,MED-SND,0.001,1650,0.01,0.0165,1.6335,project_target_screening_default,pure-element proxy must not represent NdFeB or ore
BMG-00081,MAT-ND,MED-SND,0.001,1650,0.05,0.0825,1.5675,project_target_screening_default,pure-element proxy must not represent NdFeB or ore
BMG-00082,MAT-ND,MED-SND,0.001,1650,0.1,0.165,1.485,project_target_screening_default,pure-element proxy must not represent NdFeB or ore
BMG-00083,MAT-ND,MED-SND,0.001,1650,0.25,0.4125,1.2375,project_target_screening_default,pure-element proxy must not represent NdFeB or ore
BMG-00084,MAT-ND,MED-SND,0.001,1650,0.5,0.825,0.825,project_target_screening_default,pure-element proxy must not represent NdFeB or ore
BMG-00085,MAT-ND,MED-CLY,0.001,1800,0.001,0.0018,1.7982,project_target_screening_default,pure-element proxy must not represent NdFeB or ore
BMG-00086,MAT-ND,MED-CLY,0.001,1800,0.005,0.009,1.791,project_target_screening_default,pure-element proxy must not represent NdFeB or ore
BMG-00087,MAT-ND,MED-CLY,0.001,1800,0.01,0.018,1.782,project_target_screening_default,pure-element proxy must not represent NdFeB or ore
BMG-00088,MAT-ND,MED-CLY,0.001,1800,0.05,0.09,1.71,project_target_screening_default,pure-element proxy must not represent NdFeB or ore
BMG-00089,MAT-ND,MED-CLY,0.001,1800,0.1,0.18,1.62,project_target_screening_default,pure-element proxy must not represent NdFeB or ore
BMG-00090,MAT-ND,MED-CLY,0.001,1800,0.25,0.45,1.35,project_target_screening_default,pure-element proxy must not represent NdFeB or ore
BMG-00091,MAT-ND,MED-CLY,0.001,1800,0.5,0.9,0.9,project_target_screening_default,pure-element proxy must not represent NdFeB or ore
BMG-00092,MAT-ND,MED-BCL,0.001,1900,0.001,0.0019,1.8981,project_target_screening_default,pure-element proxy must not represent NdFeB or ore
BMG-00093,MAT-ND,MED-BCL,0.001,1900,0.005,0.0095,1.8905,project_target_screening_default,pure-element proxy must not represent NdFeB or ore
BMG-00094,MAT-ND,MED-BCL,0.001,1900,0.01,0.019,1.881,project_target_screening_default,pure-element proxy must not represent NdFeB or ore
BMG-00095,MAT-ND,MED-BCL,0.001,1900,0.05,0.095,1.805,project_target_screening_default,pure-element proxy must not represent NdFeB or ore
BMG-00096,MAT-ND,MED-BCL,0.001,1900,0.1,0.19,1.71,project_target_screening_default,pure-element proxy must not represent NdFeB or ore
BMG-00097,MAT-ND,MED-BCL,0.001,1900,0.25,0.475,1.425,project_target_screening_default,pure-element proxy must not represent NdFeB or ore
BMG-00098,MAT-ND,MED-BCL,0.001,1900,0.5,0.95,0.95,project_target_screening_default,pure-element proxy must not represent NdFeB or ore
BMG-00099,MAT-ND,MED-BAS,0.001,1700,0.001,0.0017,1.6983,project_target_screening_default,pure-element proxy must not represent NdFeB or ore
BMG-00100,MAT-ND,MED-BAS,0.001,1700,0.005,0.0085,1.6915,project_target_screening_default,pure-element proxy must not represent NdFeB or ore
BMG-00101,MAT-ND,MED-BAS,0.001,1700,0.01,0.017,1.683,project_target_screening_default,pure-element proxy must not represent NdFeB or ore
BMG-00102,MAT-ND,MED-BAS,0.001,1700,0.05,0.085,1.615,project_target_screening_default,pure-element proxy must not represent NdFeB or ore
BMG-00103,MAT-ND,MED-BAS,0.001,1700,0.1,0.17,1.53,project_target_screening_default,pure-element proxy must not represent NdFeB or ore
BMG-00104,MAT-ND,MED-BAS,0.001,1700,0.25,0.425,1.275,project_target_screening_default,pure-element proxy must not represent NdFeB or ore
BMG-00105,MAT-ND,MED-BAS,0.001,1700,0.5,0.85,0.85,project_target_screening_default,pure-element proxy must not represent NdFeB or ore
BMG-00106,MAT-ND,MED-CAR,0.001,1300,0.001,0.0013,1.2987,project_target_screening_default,pure-element proxy must not represent NdFeB or ore
BMG-00107,MAT-ND,MED-CAR,0.001,1300,0.005,0.0065,1.2935,project_target_screening_default,pure-element proxy must not represent NdFeB or ore
BMG-00108,MAT-ND,MED-CAR,0.001,1300,0.01,0.013,1.287,project_target_screening_default,pure-element proxy must not represent NdFeB or ore
BMG-00109,MAT-ND,MED-CAR,0.001,1300,0.05,0.065,1.235,project_target_screening_default,pure-element proxy must not represent NdFeB or ore
BMG-00110,MAT-ND,MED-CAR,0.001,1300,0.1,0.13,1.17,project_target_screening_default,pure-element proxy must not represent NdFeB or ore
BMG-00111,MAT-ND,MED-CAR,0.001,1300,0.25,0.325,0.975,project_target_screening_default,pure-element proxy must not represent NdFeB or ore
BMG-00112,MAT-ND,MED-CAR,0.001,1300,0.5,0.65,0.65,project_target_screening_default,pure-element proxy must not represent NdFeB or ore
BMG-00113,MAT-ND,MED-MET,0.001,2300,0.001,0.0023,2.2977,project_target_screening_default,pure-element proxy must not represent NdFeB or ore
BMG-00114,MAT-ND,MED-MET,0.001,2300,0.005,0.0115,2.2885,project_target_screening_default,pure-element proxy must not represent NdFeB or ore
BMG-00115,MAT-ND,MED-MET,0.001,2300,0.01,0.023,2.277,project_target_screening_default,pure-element proxy must not represent NdFeB or ore
BMG-00116,MAT-ND,MED-MET,0.001,2300,0.05,0.115,2.185,project_target_screening_default,pure-element proxy must not represent NdFeB or ore
BMG-00117,MAT-ND,MED-MET,0.001,2300,0.1,0.23,2.07,project_target_screening_default,pure-element proxy must not represent NdFeB or ore
BMG-00118,MAT-ND,MED-MET,0.001,2300,0.25,0.575,1.725,project_target_screening_default,pure-element proxy must not represent NdFeB or ore
BMG-00119,MAT-ND,MED-MET,0.001,2300,0.5,1.15,1.15,project_target_screening_default,pure-element proxy must not represent NdFeB or ore
BMG-00120,MAT-ND,MED-ANT,0.001,1500,0.001,0.0015,1.4985,project_target_screening_default,pure-element proxy must not represent NdFeB or ore
BMG-00121,MAT-ND,MED-ANT,0.001,1500,0.005,0.0075,1.4925,project_target_screening_default,pure-element proxy must not represent NdFeB or ore
BMG-00122,MAT-ND,MED-ANT,0.001,1500,0.01,0.015,1.485,project_target_screening_default,pure-element proxy must not represent NdFeB or ore
BMG-00123,MAT-ND,MED-ANT,0.001,1500,0.05,0.075,1.425,project_target_screening_default,pure-element proxy must not represent NdFeB or ore
BMG-00124,MAT-ND,MED-ANT,0.001,1500,0.1,0.15,1.35,project_target_screening_default,pure-element proxy must not represent NdFeB or ore
BMG-00125,MAT-ND,MED-ANT,0.001,1500,0.25,0.375,1.125,project_target_screening_default,pure-element proxy must not represent NdFeB or ore
BMG-00126,MAT-ND,MED-ANT,0.001,1500,0.5,0.75,0.75,project_target_screening_default,pure-element proxy must not represent NdFeB or ore
BMG-00127,MAT-ND,MED-GLS,0.001,1550,0.001,0.00155,1.54845,project_target_screening_default,pure-element proxy must not represent NdFeB or ore
BMG-00128,MAT-ND,MED-GLS,0.001,1550,0.005,0.00775,1.54225,project_target_screening_default,pure-element proxy must not represent NdFeB or ore
BMG-00129,MAT-ND,MED-GLS,0.001,1550,0.01,0.0155,1.5345,project_target_screening_default,pure-element proxy must not represent NdFeB or ore
BMG-00130,MAT-ND,MED-GLS,0.001,1550,0.05,0.0775,1.4725,project_target_screening_default,pure-element proxy must not represent NdFeB or ore
BMG-00131,MAT-ND,MED-GLS,0.001,1550,0.1,0.155,1.395,project_target_screening_default,pure-element proxy must not represent NdFeB or ore
BMG-00132,MAT-ND,MED-GLS,0.001,1550,0.25,0.3875,1.1625,project_target_screening_default,pure-element proxy must not represent NdFeB or ore
BMG-00133,MAT-ND,MED-GLS,0.001,1550,0.5,0.775,0.775,project_target_screening_default,pure-element proxy must not represent NdFeB or ore
BMG-00134,MAT-ND,MED-ICY,0.001,900,0.001,0.0009,0.8991,project_target_screening_default,pure-element proxy must not represent NdFeB or ore
BMG-00135,MAT-ND,MED-ICY,0.001,900,0.005,0.0045,0.8955,project_target_screening_default,pure-element proxy must not represent NdFeB or ore
BMG-00136,MAT-ND,MED-ICY,0.001,900,0.01,0.009,0.891,project_target_screening_default,pure-element proxy must not represent NdFeB or ore
BMG-00137,MAT-ND,MED-ICY,0.001,900,0.05,0.045,0.855,project_target_screening_default,pure-element proxy must not represent NdFeB or ore
BMG-00138,MAT-ND,MED-ICY,0.001,900,0.1,0.09,0.81,project_target_screening_default,pure-element proxy must not represent NdFeB or ore
BMG-00139,MAT-ND,MED-ICY,0.001,900,0.25,0.225,0.675,project_target_screening_default,pure-element proxy must not represent NdFeB or ore
BMG-00140,MAT-ND,MED-ICY,0.001,900,0.5,0.45,0.45,project_target_screening_default,pure-element proxy must not represent NdFeB or ore
BMG-00141,MAT-FE,MED-GRV,0.001,1600,0.001,0.0016,1.5984,project_target_screening_default,mu_r is a placeholder; measure particle hysteresis
BMG-00142,MAT-FE,MED-GRV,0.001,1600,0.005,0.008,1.592,project_target_screening_default,mu_r is a placeholder; measure particle hysteresis
BMG-00143,MAT-FE,MED-GRV,0.001,1600,0.01,0.016,1.584,project_target_screening_default,mu_r is a placeholder; measure particle hysteresis
BMG-00144,MAT-FE,MED-GRV,0.001,1600,0.05,0.08,1.52,project_target_screening_default,mu_r is a placeholder; measure particle hysteresis
BMG-00145,MAT-FE,MED-GRV,0.001,1600,0.1,0.16,1.44,project_target_screening_default,mu_r is a placeholder; measure particle hysteresis
BMG-00146,MAT-FE,MED-GRV,0.001,1600,0.25,0.4,1.2,project_target_screening_default,mu_r is a placeholder; measure particle hysteresis
BMG-00147,MAT-FE,MED-GRV,0.001,1600,0.5,0.8,0.8,project_target_screening_default,mu_r is a placeholder; measure particle hysteresis
BMG-00148,MAT-FE,MED-SND,0.001,1650,0.001,0.00165,1.64835,project_target_screening_default,mu_r is a placeholder; measure particle hysteresis
BMG-00149,MAT-FE,MED-SND,0.001,1650,0.005,0.00825,1.64175,project_target_screening_default,mu_r is a placeholder; measure particle hysteresis
BMG-00150,MAT-FE,MED-SND,0.001,1650,0.01,0.0165,1.6335,project_target_screening_default,mu_r is a placeholder; measure particle hysteresis
BMG-00151,MAT-FE,MED-SND,0.001,1650,0.05,0.0825,1.5675,project_target_screening_default,mu_r is a placeholder; measure particle hysteresis
BMG-00152,MAT-FE,MED-SND,0.001,1650,0.1,0.165,1.485,project_target_screening_default,mu_r is a placeholder; measure particle hysteresis
BMG-00153,MAT-FE,MED-SND,0.001,1650,0.25,0.4125,1.2375,project_target_screening_default,mu_r is a placeholder; measure particle hysteresis
BMG-00154,MAT-FE,MED-SND,0.001,1650,0.5,0.825,0.825,project_target_screening_default,mu_r is a placeholder; measure particle hysteresis
BMG-00155,MAT-FE,MED-CLY,0.001,1800,0.001,0.0018,1.7982,project_target_screening_default,mu_r is a placeholder; measure particle hysteresis
BMG-00156,MAT-FE,MED-CLY,0.001,1800,0.005,0.009,1.791,project_target_screening_default,mu_r is a placeholder; measure particle hysteresis
BMG-00157,MAT-FE,MED-CLY,0.001,1800,0.01,0.018,1.782,project_target_screening_default,mu_r is a placeholder; measure particle hysteresis
BMG-00158,MAT-FE,MED-CLY,0.001,1800,0.05,0.09,1.71,project_target_screening_default,mu_r is a placeholder; measure particle hysteresis
BMG-00159,MAT-FE,MED-CLY,0.001,1800,0.1,0.18,1.62,project_target_screening_default,mu_r is a placeholder; measure particle hysteresis
BMG-00160,MAT-FE,MED-CLY,0.001,1800,0.25,0.45,1.35,project_target_screening_default,mu_r is a placeholder; measure particle hysteresis
BMG-00161,MAT-FE,MED-CLY,0.001,1800,0.5,0.9,0.9,project_target_screening_default,mu_r is a placeholder; measure particle hysteresis
BMG-00162,MAT-FE,MED-BCL,0.001,1900,0.001,0.0019,1.8981,project_target_screening_default,mu_r is a placeholder; measure particle hysteresis
BMG-00163,MAT-FE,MED-BCL,0.001,1900,0.005,0.0095,1.8905,project_target_screening_default,mu_r is a placeholder; measure particle hysteresis
BMG-00164,MAT-FE,MED-BCL,0.001,1900,0.01,0.019,1.881,project_target_screening_default,mu_r is a placeholder; measure particle hysteresis
BMG-00165,MAT-FE,MED-BCL,0.001,1900,0.05,0.095,1.805,project_target_screening_default,mu_r is a placeholder; measure particle hysteresis
BMG-00166,MAT-FE,MED-BCL,0.001,1900,0.1,0.19,1.71,project_target_screening_default,mu_r is a placeholder; measure particle hysteresis
BMG-00167,MAT-FE,MED-BCL,0.001,1900,0.25,0.475,1.425,project_target_screening_default,mu_r is a placeholder; measure particle hysteresis
BMG-00168,MAT-FE,MED-BCL,0.001,1900,0.5,0.95,0.95,project_target_screening_default,mu_r is a placeholder; measure particle hysteresis
BMG-00169,MAT-FE,MED-BAS,0.001,1700,0.001,0.0017,1.6983,project_target_screening_default,mu_r is a placeholder; measure particle hysteresis
BMG-00170,MAT-FE,MED-BAS,0.001,1700,0.005,0.0085,1.6915,project_target_screening_default,mu_r is a placeholder; measure particle hysteresis
BMG-00171,MAT-FE,MED-BAS,0.001,1700,0.01,0.017,1.683,project_target_screening_default,mu_r is a placeholder; measure particle hysteresis
BMG-00172,MAT-FE,MED-BAS,0.001,1700,0.05,0.085,1.615,project_target_screening_default,mu_r is a placeholder; measure particle hysteresis
BMG-00173,MAT-FE,MED-BAS,0.001,1700,0.1,0.17,1.53,project_target_screening_default,mu_r is a placeholder; measure particle hysteresis
BMG-00174,MAT-FE,MED-BAS,0.001,1700,0.25,0.425,1.275,project_target_screening_default,mu_r is a placeholder; measure particle hysteresis
BMG-00175,MAT-FE,MED-BAS,0.001,1700,0.5,0.85,0.85,project_target_screening_default,mu_r is a placeholder; measure particle hysteresis
BMG-00176,MAT-FE,MED-CAR,0.001,1300,0.001,0.0013,1.2987,project_target_screening_default,mu_r is a placeholder; measure particle hysteresis
BMG-00177,MAT-FE,MED-CAR,0.001,1300,0.005,0.0065,1.2935,project_target_screening_default,mu_r is a placeholder; measure particle hysteresis
BMG-00178,MAT-FE,MED-CAR,0.001,1300,0.01,0.013,1.287,project_target_screening_default,mu_r is a placeholder; measure particle hysteresis
BMG-00179,MAT-FE,MED-CAR,0.001,1300,0.05,0.065,1.235,project_target_screening_default,mu_r is a placeholder; measure particle hysteresis
BMG-00180,MAT-FE,MED-CAR,0.001,1300,0.1,0.13,1.17,project_target_screening_default,mu_r is a placeholder; measure particle hysteresis
BMG-00181,MAT-FE,MED-CAR,0.001,1300,0.25,0.325,0.975,project_target_screening_default,mu_r is a placeholder; measure particle hysteresis
BMG-00182,MAT-FE,MED-CAR,0.001,1300,0.5,0.65,0.65,project_target_screening_default,mu_r is a placeholder; measure particle hysteresis
BMG-00183,MAT-FE,MED-MET,0.001,2300,0.001,0.0023,2.2977,project_target_screening_default,mu_r is a placeholder; measure particle hysteresis
BMG-00184,MAT-FE,MED-MET,0.001,2300,0.005,0.0115,2.2885,project_target_screening_default,mu_r is a placeholder; measure particle hysteresis
BMG-00185,MAT-FE,MED-MET,0.001,2300,0.01,0.023,2.277,project_target_screening_default,mu_r is a placeholder; measure particle hysteresis
BMG-00186,MAT-FE,MED-MET,0.001,2300,0.05,0.115,2.185,project_target_screening_default,mu_r is a placeholder; measure particle hysteresis
BMG-00187,MAT-FE,MED-MET,0.001,2300,0.1,0.23,2.07,project_target_screening_default,mu_r is a placeholder; measure particle hysteresis
BMG-00188,MAT-FE,MED-MET,0.001,2300,0.25,0.575,1.725,project_target_screening_default,mu_r is a placeholder; measure particle hysteresis
BMG-00189,MAT-FE,MED-MET,0.001,2300,0.5,1.15,1.15,project_target_screening_default,mu_r is a placeholder; measure particle hysteresis
BMG-00190,MAT-FE,MED-ANT,0.001,1500,0.001,0.0015,1.4985,project_target_screening_default,mu_r is a placeholder; measure particle hysteresis
BMG-00191,MAT-FE,MED-ANT,0.001,1500,0.005,0.0075,1.4925,project_target_screening_default,mu_r is a placeholder; measure particle hysteresis
BMG-00192,MAT-FE,MED-ANT,0.001,1500,0.01,0.015,1.485,project_target_screening_default,mu_r is a placeholder; measure particle hysteresis
BMG-00193,MAT-FE,MED-ANT,0.001,1500,0.05,0.075,1.425,project_target_screening_default,mu_r is a placeholder; measure particle hysteresis
BMG-00194,MAT-FE,MED-ANT,0.001,1500,0.1,0.15,1.35,project_target_screening_default,mu_r is a placeholder; measure particle hysteresis
BMG-00195,MAT-FE,MED-ANT,0.001,1500,0.25,0.375,1.125,project_target_screening_default,mu_r is a placeholder; measure particle hysteresis
BMG-00196,MAT-FE,MED-ANT,0.001,1500,0.5,0.75,0.75,project_target_screening_default,mu_r is a placeholder; measure particle hysteresis
BMG-00197,MAT-FE,MED-GLS,0.001,1550,0.001,0.00155,1.54845,project_target_screening_default,mu_r is a placeholder; measure particle hysteresis
BMG-00198,MAT-FE,MED-GLS,0.001,1550,0.005,0.00775,1.54225,project_target_screening_default,mu_r is a placeholder; measure particle hysteresis
BMG-00199,MAT-FE,MED-GLS,0.001,1550,0.01,0.0155,1.5345,project_target_screening_default,mu_r is a placeholder; measure particle hysteresis
BMG-00200,MAT-FE,MED-GLS,0.001,1550,0.05,0.0775,1.4725,project_target_screening_default,mu_r is a placeholder; measure particle hysteresis
BMG-00201,MAT-FE,MED-GLS,0.001,1550,0.1,0.155,1.395,project_target_screening_default,mu_r is a placeholder; measure particle hysteresis
BMG-00202,MAT-FE,MED-GLS,0.001,1550,0.25,0.3875,1.1625,project_target_screening_default,mu_r is a placeholder; measure particle hysteresis
BMG-00203,MAT-FE,MED-GLS,0.001,1550,0.5,0.775,0.775,project_target_screening_default,mu_r is a placeholder; measure particle hysteresis
BMG-00204,MAT-FE,MED-ICY,0.001,900,0.001,0.0009,0.8991,project_target_screening_default,mu_r is a placeholder; measure particle hysteresis
BMG-00205,MAT-FE,MED-ICY,0.001,900,0.005,0.0045,0.8955,project_target_screening_default,mu_r is a placeholder; measure particle hysteresis
BMG-00206,MAT-FE,MED-ICY,0.001,900,0.01,0.009,0.891,project_target_screening_default,mu_r is a placeholder; measure particle hysteresis
BMG-00207,MAT-FE,MED-ICY,0.001,900,0.05,0.045,0.855,project_target_screening_default,mu_r is a placeholder; measure particle hysteresis
BMG-00208,MAT-FE,MED-ICY,0.001,900,0.1,0.09,0.81,project_target_screening_default,mu_r is a placeholder; measure particle hysteresis
BMG-00209,MAT-FE,MED-ICY,0.001,900,0.25,0.225,0.675,project_target_screening_default,mu_r is a placeholder; measure particle hysteresis
BMG-00210,MAT-FE,MED-ICY,0.001,900,0.5,0.45,0.45,project_target_screening_default,mu_r is a placeholder; measure particle hysteresis
BMG-00211,MAT-C,MED-GRV,0.001,1600,0.001,0.0016,1.5984,project_target_anisotropic_placeholder,"measure orientation, grade and moisture"
BMG-00212,MAT-C,MED-GRV,0.001,1600,0.005,0.008,1.592,project_target_anisotropic_placeholder,"measure orientation, grade and moisture"
BMG-00213,MAT-C,MED-GRV,0.001,1600,0.01,0.016,1.584,project_target_anisotropic_placeholder,"measure orientation, grade and moisture"
BMG-00214,MAT-C,MED-GRV,0.001,1600,0.05,0.08,1.52,project_target_anisotropic_placeholder,"measure orientation, grade and moisture"
BMG-00215,MAT-C,MED-GRV,0.001,1600,0.1,0.16,1.44,project_target_anisotropic_placeholder,"measure orientation, grade and moisture"
BMG-00216,MAT-C,MED-GRV,0.001,1600,0.25,0.4,1.2,project_target_anisotropic_placeholder,"measure orientation, grade and moisture"
BMG-00217,MAT-C,MED-GRV,0.001,1600,0.5,0.8,0.8,project_target_anisotropic_placeholder,"measure orientation, grade and moisture"
BMG-00218,MAT-C,MED-SND,0.001,1650,0.001,0.00165,1.64835,project_target_anisotropic_placeholder,"measure orientation, grade and moisture"
BMG-00219,MAT-C,MED-SND,0.001,1650,0.005,0.00825,1.64175,project_target_anisotropic_placeholder,"measure orientation, grade and moisture"
BMG-00220,MAT-C,MED-SND,0.001,1650,0.01,0.0165,1.6335,project_target_anisotropic_placeholder,"measure orientation, grade and moisture"
BMG-00221,MAT-C,MED-SND,0.001,1650,0.05,0.0825,1.5675,project_target_anisotropic_placeholder,"measure orientation, grade and moisture"
BMG-00222,MAT-C,MED-SND,0.001,1650,0.1,0.165,1.485,project_target_anisotropic_placeholder,"measure orientation, grade and moisture"
BMG-00223,MAT-C,MED-SND,0.001,1650,0.25,0.4125,1.2375,project_target_anisotropic_placeholder,"measure orientation, grade and moisture"
BMG-00224,MAT-C,MED-SND,0.001,1650,0.5,0.825,0.825,project_target_anisotropic_placeholder,"measure orientation, grade and moisture"
BMG-00225,MAT-C,MED-CLY,0.001,1800,0.001,0.0018,1.7982,project_target_anisotropic_placeholder,"measure orientation, grade and moisture"
BMG-00226,MAT-C,MED-CLY,0.001,1800,0.005,0.009,1.791,project_target_anisotropic_placeholder,"measure orientation, grade and moisture"
BMG-00227,MAT-C,MED-CLY,0.001,1800,0.01,0.018,1.782,project_target_anisotropic_placeholder,"measure orientation, grade and moisture"
BMG-00228,MAT-C,MED-CLY,0.001,1800,0.05,0.09,1.71,project_target_anisotropic_placeholder,"measure orientation, grade and moisture"
BMG-00229,MAT-C,MED-CLY,0.001,1800,0.1,0.18,1.62,project_target_anisotropic_placeholder,"measure orientation, grade and moisture"
BMG-00230,MAT-C,MED-CLY,0.001,1800,0.25,0.45,1.35,project_target_anisotropic_placeholder,"measure orientation, grade and moisture"
BMG-00231,MAT-C,MED-CLY,0.001,1800,0.5,0.9,0.9,project_target_anisotropic_placeholder,"measure orientation, grade and moisture"
BMG-00232,MAT-C,MED-BCL,0.001,1900,0.001,0.0019,1.8981,project_target_anisotropic_placeholder,"measure orientation, grade and moisture"
BMG-00233,MAT-C,MED-BCL,0.001,1900,0.005,0.0095,1.8905,project_target_anisotropic_placeholder,"measure orientation, grade and moisture"
BMG-00234,MAT-C,MED-BCL,0.001,1900,0.01,0.019,1.881,project_target_anisotropic_placeholder,"measure orientation, grade and moisture"
BMG-00235,MAT-C,MED-BCL,0.001,1900,0.05,0.095,1.805,project_target_anisotropic_placeholder,"measure orientation, grade and moisture"
BMG-00236,MAT-C,MED-BCL,0.001,1900,0.1,0.19,1.71,project_target_anisotropic_placeholder,"measure orientation, grade and moisture"
BMG-00237,MAT-C,MED-BCL,0.001,1900,0.25,0.475,1.425,project_target_anisotropic_placeholder,"measure orientation, grade and moisture"
BMG-00238,MAT-C,MED-BCL,0.001,1900,0.5,0.95,0.95,project_target_anisotropic_placeholder,"measure orientation, grade and moisture"
BMG-00239,MAT-C,MED-BAS,0.001,1700,0.001,0.0017,1.6983,project_target_anisotropic_placeholder,"measure orientation, grade and moisture"
BMG-00240,MAT-C,MED-BAS,0.001,1700,0.005,0.0085,1.6915,project_target_anisotropic_placeholder,"measure orientation, grade and moisture"
BMG-00241,MAT-C,MED-BAS,0.001,1700,0.01,0.017,1.683,project_target_anisotropic_placeholder,"measure orientation, grade and moisture"
BMG-00242,MAT-C,MED-BAS,0.001,1700,0.05,0.085,1.615,project_target_anisotropic_placeholder,"measure orientation, grade and moisture"
BMG-00243,MAT-C,MED-BAS,0.001,1700,0.1,0.17,1.53,project_target_anisotropic_placeholder,"measure orientation, grade and moisture"
BMG-00244,MAT-C,MED-BAS,0.001,1700,0.25,0.425,1.275,project_target_anisotropic_placeholder,"measure orientation, grade and moisture"
BMG-00245,MAT-C,MED-BAS,0.001,1700,0.5,0.85,0.85,project_target_anisotropic_placeholder,"measure orientation, grade and moisture"
BMG-00246,MAT-C,MED-CAR,0.001,1300,0.001,0.0013,1.2987,project_target_anisotropic_placeholder,"measure orientation, grade and moisture"
BMG-00247,MAT-C,MED-CAR,0.001,1300,0.005,0.0065,1.2935,project_target_anisotropic_placeholder,"measure orientation, grade and moisture"
BMG-00248,MAT-C,MED-CAR,0.001,1300,0.01,0.013,1.287,project_target_anisotropic_placeholder,"measure orientation, grade and moisture"
BMG-00249,MAT-C,MED-CAR,0.001,1300,0.05,0.065,1.235,project_target_anisotropic_placeholder,"measure orientation, grade and moisture"
BMG-00250,MAT-C,MED-CAR,0.001,1300,0.1,0.13,1.17,project_target_anisotropic_placeholder,"measure orientation, grade and moisture"
BMG-00251,MAT-C,MED-CAR,0.001,1300,0.25,0.325,0.975,project_target_anisotropic_placeholder,"measure orientation, grade and moisture"
BMG-00252,MAT-C,MED-CAR,0.001,1300,0.5,0.65,0.65,project_target_anisotropic_placeholder,"measure orientation, grade and moisture"
BMG-00253,MAT-C,MED-MET,0.001,2300,0.001,0.0023,2.2977,project_target_anisotropic_placeholder,"measure orientation, grade and moisture"
BMG-00254,MAT-C,MED-MET,0.001,2300,0.005,0.0115,2.2885,project_target_anisotropic_placeholder,"measure orientation, grade and moisture"
BMG-00255,MAT-C,MED-MET,0.001,2300,0.01,0.023,2.277,project_target_anisotropic_placeholder,"measure orientation, grade and moisture"
BMG-00256,MAT-C,MED-MET,0.001,2300,0.05,0.115,2.185,project_target_anisotropic_placeholder,"measure orientation, grade and moisture"
BMG-00257,MAT-C,MED-MET,0.001,2300,0.1,0.23,2.07,project_target_anisotropic_placeholder,"measure orientation, grade and moisture"
BMG-00258,MAT-C,MED-MET,0.001,2300,0.25,0.575,1.725,project_target_anisotropic_placeholder,"measure orientation, grade and moisture"
BMG-00259,MAT-C,MED-MET,0.001,2300,0.5,1.15,1.15,project_target_anisotropic_placeholder,"measure orientation, grade and moisture"
BMG-00260,MAT-C,MED-ANT,0.001,1500,0.001,0.0015,1.4985,project_target_anisotropic_placeholder,"measure orientation, grade and moisture"
BMG-00261,MAT-C,MED-ANT,0.001,1500,0.005,0.0075,1.4925,project_target_anisotropic_placeholder,"measure orientation, grade and moisture"
BMG-00262,MAT-C,MED-ANT,0.001,1500,0.01,0.015,1.485,project_target_anisotropic_placeholder,"measure orientation, grade and moisture"
BMG-00263,MAT-C,MED-ANT,0.001,1500,0.05,0.075,1.425,project_target_anisotropic_placeholder,"measure orientation, grade and moisture"
BMG-00264,MAT-C,MED-ANT,0.001,1500,0.1,0.15,1.35,project_target_anisotropic_placeholder,"measure orientation, grade and moisture"
BMG-00265,MAT-C,MED-ANT,0.001,1500,0.25,0.375,1.125,project_target_anisotropic_placeholder,"measure orientation, grade and moisture"
BMG-00266,MAT-C,MED-ANT,0.001,1500,0.5,0.75,0.75,project_target_anisotropic_placeholder,"measure orientation, grade and moisture"
BMG-00267,MAT-C,MED-GLS,0.001,1550,0.001,0.00155,1.54845,project_target_anisotropic_placeholder,"measure orientation, grade and moisture"
BMG-00268,MAT-C,MED-GLS,0.001,1550,0.005,0.00775,1.54225,project_target_anisotropic_placeholder,"measure orientation, grade and moisture"
BMG-00269,MAT-C,MED-GLS,0.001,1550,0.01,0.0155,1.5345,project_target_anisotropic_placeholder,"measure orientation, grade and moisture"
BMG-00270,MAT-C,MED-GLS,0.001,1550,0.05,0.0775,1.4725,project_target_anisotropic_placeholder,"measure orientation, grade and moisture"
BMG-00271,MAT-C,MED-GLS,0.001,1550,0.1,0.155,1.395,project_target_anisotropic_placeholder,"measure orientation, grade and moisture"
BMG-00272,MAT-C,MED-GLS,0.001,1550,0.25,0.3875,1.1625,project_target_anisotropic_placeholder,"measure orientation, grade and moisture"
BMG-00273,MAT-C,MED-GLS,0.001,1550,0.5,0.775,0.775,project_target_anisotropic_placeholder,"measure orientation, grade and moisture"
BMG-00274,MAT-C,MED-ICY,0.001,900,0.001,0.0009,0.8991,project_target_anisotropic_placeholder,"measure orientation, grade and moisture"
BMG-00275,MAT-C,MED-ICY,0.001,900,0.005,0.0045,0.8955,project_target_anisotropic_placeholder,"measure orientation, grade and moisture"
BMG-00276,MAT-C,MED-ICY,0.001,900,0.01,0.009,0.891,project_target_anisotropic_placeholder,"measure orientation, grade and moisture"
BMG-00277,MAT-C,MED-ICY,0.001,900,0.05,0.045,0.855,project_target_anisotropic_placeholder,"measure orientation, grade and moisture"
BMG-00278,MAT-C,MED-ICY,0.001,900,0.1,0.09,0.81,project_target_anisotropic_placeholder,"measure orientation, grade and moisture"
BMG-00279,MAT-C,MED-ICY,0.001,900,0.25,0.225,0.675,project_target_anisotropic_placeholder,"measure orientation, grade and moisture"
BMG-00280,MAT-C,MED-ICY,0.001,900,0.5,0.45,0.45,project_target_anisotropic_placeholder,"measure orientation, grade and moisture"
BMG-00281,MAT-NI,MED-GRV,0.001,1600,0.001,0.0016,1.5984,reference_density_screening_properties,no abundance inference from taxonomy
BMG-00282,MAT-NI,MED-GRV,0.001,1600,0.005,0.008,1.592,reference_density_screening_properties,no abundance inference from taxonomy
BMG-00283,MAT-NI,MED-GRV,0.001,1600,0.01,0.016,1.584,reference_density_screening_properties,no abundance inference from taxonomy
BMG-00284,MAT-NI,MED-GRV,0.001,1600,0.05,0.08,1.52,reference_density_screening_properties,no abundance inference from taxonomy
BMG-00285,MAT-NI,MED-GRV,0.001,1600,0.1,0.16,1.44,reference_density_screening_properties,no abundance inference from taxonomy
BMG-00286,MAT-NI,MED-GRV,0.001,1600,0.25,0.4,1.2,reference_density_screening_properties,no abundance inference from taxonomy
BMG-00287,MAT-NI,MED-GRV,0.001,1600,0.5,0.8,0.8,reference_density_screening_properties,no abundance inference from taxonomy
BMG-00288,MAT-NI,MED-SND,0.001,1650,0.001,0.00165,1.64835,reference_density_screening_properties,no abundance inference from taxonomy
BMG-00289,MAT-NI,MED-SND,0.001,1650,0.005,0.00825,1.64175,reference_density_screening_properties,no abundance inference from taxonomy
BMG-00290,MAT-NI,MED-SND,0.001,1650,0.01,0.0165,1.6335,reference_density_screening_properties,no abundance inference from taxonomy
BMG-00291,MAT-NI,MED-SND,0.001,1650,0.05,0.0825,1.5675,reference_density_screening_properties,no abundance inference from taxonomy
BMG-00292,MAT-NI,MED-SND,0.001,1650,0.1,0.165,1.485,reference_density_screening_properties,no abundance inference from taxonomy
BMG-00293,MAT-NI,MED-SND,0.001,1650,0.25,0.4125,1.2375,reference_density_screening_properties,no abundance inference from taxonomy
BMG-00294,MAT-NI,MED-SND,0.001,1650,0.5,0.825,0.825,reference_density_screening_properties,no abundance inference from taxonomy
BMG-00295,MAT-NI,MED-CLY,0.001,1800,0.001,0.0018,1.7982,reference_density_screening_properties,no abundance inference from taxonomy
BMG-00296,MAT-NI,MED-CLY,0.001,1800,0.005,0.009,1.791,reference_density_screening_properties,no abundance inference from taxonomy
BMG-00297,MAT-NI,MED-CLY,0.001,1800,0.01,0.018,1.782,reference_density_screening_properties,no abundance inference from taxonomy
BMG-00298,MAT-NI,MED-CLY,0.001,1800,0.05,0.09,1.71,reference_density_screening_properties,no abundance inference from taxonomy
BMG-00299,MAT-NI,MED-CLY,0.001,1800,0.1,0.18,1.62,reference_density_screening_properties,no abundance inference from taxonomy
BMG-00300,MAT-NI,MED-CLY,0.001,1800,0.25,0.45,1.35,reference_density_screening_properties,no abundance inference from taxonomy
BMG-00301,MAT-NI,MED-CLY,0.001,1800,0.5,0.9,0.9,reference_density_screening_properties,no abundance inference from taxonomy
BMG-00302,MAT-NI,MED-BCL,0.001,1900,0.001,0.0019,1.8981,reference_density_screening_properties,no abundance inference from taxonomy
BMG-00303,MAT-NI,MED-BCL,0.001,1900,0.005,0.0095,1.8905,reference_density_screening_properties,no abundance inference from taxonomy
BMG-00304,MAT-NI,MED-BCL,0.001,1900,0.01,0.019,1.881,reference_density_screening_properties,no abundance inference from taxonomy
BMG-00305,MAT-NI,MED-BCL,0.001,1900,0.05,0.095,1.805,reference_density_screening_properties,no abundance inference from taxonomy
BMG-00306,MAT-NI,MED-BCL,0.001,1900,0.1,0.19,1.71,reference_density_screening_properties,no abundance inference from taxonomy
BMG-00307,MAT-NI,MED-BCL,0.001,1900,0.25,0.475,1.425,reference_density_screening_properties,no abundance inference from taxonomy
BMG-00308,MAT-NI,MED-BCL,0.001,1900,0.5,0.95,0.95,reference_density_screening_properties,no abundance inference from taxonomy
BMG-00309,MAT-NI,MED-BAS,0.001,1700,0.001,0.0017,1.6983,reference_density_screening_properties,no abundance inference from taxonomy
BMG-00310,MAT-NI,MED-BAS,0.001,1700,0.005,0.0085,1.6915,reference_density_screening_properties,no abundance inference from taxonomy
BMG-00311,MAT-NI,MED-BAS,0.001,1700,0.01,0.017,1.683,reference_density_screening_properties,no abundance inference from taxonomy
BMG-00312,MAT-NI,MED-BAS,0.001,1700,0.05,0.085,1.615,reference_density_screening_properties,no abundance inference from taxonomy
BMG-00313,MAT-NI,MED-BAS,0.001,1700,0.1,0.17,1.53,reference_density_screening_properties,no abundance inference from taxonomy
BMG-00314,MAT-NI,MED-BAS,0.001,1700,0.25,0.425,1.275,reference_density_screening_properties,no abundance inference from taxonomy
BMG-00315,MAT-NI,MED-BAS,0.001,1700,0.5,0.85,0.85,reference_density_screening_properties,no abundance inference from taxonomy
BMG-00316,MAT-NI,MED-CAR,0.001,1300,0.001,0.0013,1.2987,reference_density_screening_properties,no abundance inference from taxonomy
BMG-00317,MAT-NI,MED-CAR,0.001,1300,0.005,0.0065,1.2935,reference_density_screening_properties,no abundance inference from taxonomy
BMG-00318,MAT-NI,MED-CAR,0.001,1300,0.01,0.013,1.287,reference_density_screening_properties,no abundance inference from taxonomy
BMG-00319,MAT-NI,MED-CAR,0.001,1300,0.05,0.065,1.235,reference_density_screening_properties,no abundance inference from taxonomy
BMG-00320,MAT-NI,MED-CAR,0.001,1300,0.1,0.13,1.17,reference_density_screening_properties,no abundance inference from taxonomy
BMG-00321,MAT-NI,MED-CAR,0.001,1300,0.25,0.325,0.975,reference_density_screening_properties,no abundance inference from taxonomy
BMG-00322,MAT-NI,MED-CAR,0.001,1300,0.5,0.65,0.65,reference_density_screening_properties,no abundance inference from taxonomy
BMG-00323,MAT-NI,MED-MET,0.001,2300,0.001,0.0023,2.2977,reference_density_screening_properties,no abundance inference from taxonomy
BMG-00324,MAT-NI,MED-MET,0.001,2300,0.005,0.0115,2.2885,reference_density_screening_properties,no abundance inference from taxonomy
BMG-00325,MAT-NI,MED-MET,0.001,2300,0.01,0.023,2.277,reference_density_screening_properties,no abundance inference from taxonomy
BMG-00326,MAT-NI,MED-MET,0.001,2300,0.05,0.115,2.185,reference_density_screening_properties,no abundance inference from taxonomy
BMG-00327,MAT-NI,MED-MET,0.001,2300,0.1,0.23,2.07,reference_density_screening_properties,no abundance inference from taxonomy
BMG-00328,MAT-NI,MED-MET,0.001,2300,0.25,0.575,1.725,reference_density_screening_properties,no abundance inference from taxonomy
BMG-00329,MAT-NI,MED-MET,0.001,2300,0.5,1.15,1.15,reference_density_screening_properties,no abundance inference from taxonomy
BMG-00330,MAT-NI,MED-ANT,0.001,1500,0.001,0.0015,1.4985,reference_density_screening_properties,no abundance inference from taxonomy
BMG-00331,MAT-NI,MED-ANT,0.001,1500,0.005,0.0075,1.4925,reference_density_screening_properties,no abundance inference from taxonomy
BMG-00332,MAT-NI,MED-ANT,0.001,1500,0.01,0.015,1.485,reference_density_screening_properties,no abundance inference from taxonomy
BMG-00333,MAT-NI,MED-ANT,0.001,1500,0.05,0.075,1.425,reference_density_screening_properties,no abundance inference from taxonomy
BMG-00334,MAT-NI,MED-ANT,0.001,1500,0.1,0.15,1.35,reference_density_screening_properties,no abundance inference from taxonomy
BMG-00335,MAT-NI,MED-ANT,0.001,1500,0.25,0.375,1.125,reference_density_screening_properties,no abundance inference from taxonomy
BMG-00336,MAT-NI,MED-ANT,0.001,1500,0.5,0.75,0.75,reference_density_screening_properties,no abundance inference from taxonomy
BMG-00337,MAT-NI,MED-GLS,0.001,1550,0.001,0.00155,1.54845,reference_density_screening_properties,no abundance inference from taxonomy
BMG-00338,MAT-NI,MED-GLS,0.001,1550,0.005,0.00775,1.54225,reference_density_screening_properties,no abundance inference from taxonomy
BMG-00339,MAT-NI,MED-GLS,0.001,1550,0.01,0.0155,1.5345,reference_density_screening_properties,no abundance inference from taxonomy
BMG-00340,MAT-NI,MED-GLS,0.001,1550,0.05,0.0775,1.4725,reference_density_screening_properties,no abundance inference from taxonomy
BMG-00341,MAT-NI,MED-GLS,0.001,1550,0.1,0.155,1.395,reference_density_screening_properties,no abundance inference from taxonomy
BMG-00342,MAT-NI,MED-GLS,0.001,1550,0.25,0.3875,1.1625,reference_density_screening_properties,no abundance inference from taxonomy
BMG-00343,MAT-NI,MED-GLS,0.001,1550,0.5,0.775,0.775,reference_density_screening_properties,no abundance inference from taxonomy
BMG-00344,MAT-NI,MED-ICY,0.001,900,0.001,0.0009,0.8991,reference_density_screening_properties,no abundance inference from taxonomy
BMG-00345,MAT-NI,MED-ICY,0.001,900,0.005,0.0045,0.8955,reference_density_screening_properties,no abundance inference from taxonomy
BMG-00346,MAT-NI,MED-ICY,0.001,900,0.01,0.009,0.891,reference_density_screening_properties,no abundance inference from taxonomy
BMG-00347,MAT-NI,MED-ICY,0.001,900,0.05,0.045,0.855,reference_density_screening_properties,no abundance inference from taxonomy
BMG-00348,MAT-NI,MED-ICY,0.001,900,0.1,0.09,0.81,reference_density_screening_properties,no abundance inference from taxonomy
BMG-00349,MAT-NI,MED-ICY,0.001,900,0.25,0.225,0.675,reference_density_screening_properties,no abundance inference from taxonomy
BMG-00350,MAT-NI,MED-ICY,0.001,900,0.5,0.45,0.45,reference_density_screening_properties,no abundance inference from taxonomy
BMG-00351,MAT-CO,MED-GRV,0.001,1600,0.001,0.0016,1.5984,reference_density_screening_properties,assay required
BMG-00352,MAT-CO,MED-GRV,0.001,1600,0.005,0.008,1.592,reference_density_screening_properties,assay required
BMG-00353,MAT-CO,MED-GRV,0.001,1600,0.01,0.016,1.584,reference_density_screening_properties,assay required
BMG-00354,MAT-CO,MED-GRV,0.001,1600,0.05,0.08,1.52,reference_density_screening_properties,assay required
BMG-00355,MAT-CO,MED-GRV,0.001,1600,0.1,0.16,1.44,reference_density_screening_properties,assay required
BMG-00356,MAT-CO,MED-GRV,0.001,1600,0.25,0.4,1.2,reference_density_screening_properties,assay required
BMG-00357,MAT-CO,MED-GRV,0.001,1600,0.5,0.8,0.8,reference_density_screening_properties,assay required
BMG-00358,MAT-CO,MED-SND,0.001,1650,0.001,0.00165,1.64835,reference_density_screening_properties,assay required
BMG-00359,MAT-CO,MED-SND,0.001,1650,0.005,0.00825,1.64175,reference_density_screening_properties,assay required
BMG-00360,MAT-CO,MED-SND,0.001,1650,0.01,0.0165,1.6335,reference_density_screening_properties,assay required
BMG-00361,MAT-CO,MED-SND,0.001,1650,0.05,0.0825,1.5675,reference_density_screening_properties,assay required
BMG-00362,MAT-CO,MED-SND,0.001,1650,0.1,0.165,1.485,reference_density_screening_properties,assay required
BMG-00363,MAT-CO,MED-SND,0.001,1650,0.25,0.4125,1.2375,reference_density_screening_properties,assay required
BMG-00364,MAT-CO,MED-SND,0.001,1650,0.5,0.825,0.825,reference_density_screening_properties,assay required
BMG-00365,MAT-CO,MED-CLY,0.001,1800,0.001,0.0018,1.7982,reference_density_screening_properties,assay required
BMG-00366,MAT-CO,MED-CLY,0.001,1800,0.005,0.009,1.791,reference_density_screening_properties,assay required
BMG-00367,MAT-CO,MED-CLY,0.001,1800,0.01,0.018,1.782,reference_density_screening_properties,assay required
BMG-00368,MAT-CO,MED-CLY,0.001,1800,0.05,0.09,1.71,reference_density_screening_properties,assay required
BMG-00369,MAT-CO,MED-CLY,0.001,1800,0.1,0.18,1.62,reference_density_screening_properties,assay required
BMG-00370,MAT-CO,MED-CLY,0.001,1800,0.25,0.45,1.35,reference_density_screening_properties,assay required
BMG-00371,MAT-CO,MED-CLY,0.001,1800,0.5,0.9,0.9,reference_density_screening_properties,assay required
BMG-00372,MAT-CO,MED-BCL,0.001,1900,0.001,0.0019,1.8981,reference_density_screening_properties,assay required
BMG-00373,MAT-CO,MED-BCL,0.001,1900,0.005,0.0095,1.8905,reference_density_screening_properties,assay required
BMG-00374,MAT-CO,MED-BCL,0.001,1900,0.01,0.019,1.881,reference_density_screening_properties,assay required
BMG-00375,MAT-CO,MED-BCL,0.001,1900,0.05,0.095,1.805,reference_density_screening_properties,assay required
BMG-00376,MAT-CO,MED-BCL,0.001,1900,0.1,0.19,1.71,reference_density_screening_properties,assay required
BMG-00377,MAT-CO,MED-BCL,0.001,1900,0.25,0.475,1.425,reference_density_screening_properties,assay required
BMG-00378,MAT-CO,MED-BCL,0.001,1900,0.5,0.95,0.95,reference_density_screening_properties,assay required
BMG-00379,MAT-CO,MED-BAS,0.001,1700,0.001,0.0017,1.6983,reference_density_screening_properties,assay required
BMG-00380,MAT-CO,MED-BAS,0.001,1700,0.005,0.0085,1.6915,reference_density_screening_properties,assay required
BMG-00381,MAT-CO,MED-BAS,0.001,1700,0.01,0.017,1.683,reference_density_screening_properties,assay required
BMG-00382,MAT-CO,MED-BAS,0.001,1700,0.05,0.085,1.615,reference_density_screening_properties,assay required
BMG-00383,MAT-CO,MED-BAS,0.001,1700,0.1,0.17,1.53,reference_density_screening_properties,assay required
BMG-00384,MAT-CO,MED-BAS,0.001,1700,0.25,0.425,1.275,reference_density_screening_properties,assay required
BMG-00385,MAT-CO,MED-BAS,0.001,1700,0.5,0.85,0.85,reference_density_screening_properties,assay required
BMG-00386,MAT-CO,MED-CAR,0.001,1300,0.001,0.0013,1.2987,reference_density_screening_properties,assay required
BMG-00387,MAT-CO,MED-CAR,0.001,1300,0.005,0.0065,1.2935,reference_density_screening_properties,assay required
BMG-00388,MAT-CO,MED-CAR,0.001,1300,0.01,0.013,1.287,reference_density_screening_properties,assay required
BMG-00389,MAT-CO,MED-CAR,0.001,1300,0.05,0.065,1.235,reference_density_screening_properties,assay required
BMG-00390,MAT-CO,MED-CAR,0.001,1300,0.1,0.13,1.17,reference_density_screening_properties,assay required
BMG-00391,MAT-CO,MED-CAR,0.001,1300,0.25,0.325,0.975,reference_density_screening_properties,assay required
BMG-00392,MAT-CO,MED-CAR,0.001,1300,0.5,0.65,0.65,reference_density_screening_properties,assay required
BMG-00393,MAT-CO,MED-MET,0.001,2300,0.001,0.0023,2.2977,reference_density_screening_properties,assay required
BMG-00394,MAT-CO,MED-MET,0.001,2300,0.005,0.0115,2.2885,reference_density_screening_properties,assay required
BMG-00395,MAT-CO,MED-MET,0.001,2300,0.01,0.023,2.277,reference_density_screening_properties,assay required
BMG-00396,MAT-CO,MED-MET,0.001,2300,0.05,0.115,2.185,reference_density_screening_properties,assay required
BMG-00397,MAT-CO,MED-MET,0.001,2300,0.1,0.23,2.07,reference_density_screening_properties,assay required
BMG-00398,MAT-CO,MED-MET,0.001,2300,0.25,0.575,1.725,reference_density_screening_properties,assay required
BMG-00399,MAT-CO,MED-MET,0.001,2300,0.5,1.15,1.15,reference_density_screening_properties,assay required
BMG-00400,MAT-CO,MED-ANT,0.001,1500,0.001,0.0015,1.4985,reference_density_screening_properties,assay required
BMG-00401,MAT-CO,MED-ANT,0.001,1500,0.005,0.0075,1.4925,reference_density_screening_properties,assay required
BMG-00402,MAT-CO,MED-ANT,0.001,1500,0.01,0.015,1.485,reference_density_screening_properties,assay required
BMG-00403,MAT-CO,MED-ANT,0.001,1500,0.05,0.075,1.425,reference_density_screening_properties,assay required
BMG-00404,MAT-CO,MED-ANT,0.001,1500,0.1,0.15,1.35,reference_density_screening_properties,assay required
BMG-00405,MAT-CO,MED-ANT,0.001,1500,0.25,0.375,1.125,reference_density_screening_properties,assay required
BMG-00406,MAT-CO,MED-ANT,0.001,1500,0.5,0.75,0.75,reference_density_screening_properties,assay required
BMG-00407,MAT-CO,MED-GLS,0.001,1550,0.001,0.00155,1.54845,reference_density_screening_properties,assay required
BMG-00408,MAT-CO,MED-GLS,0.001,1550,0.005,0.00775,1.54225,reference_density_screening_properties,assay required
BMG-00409,MAT-CO,MED-GLS,0.001,1550,0.01,0.0155,1.5345,reference_density_screening_properties,assay required
BMG-00410,MAT-CO,MED-GLS,0.001,1550,0.05,0.0775,1.4725,reference_density_screening_properties,assay required
BMG-00411,MAT-CO,MED-GLS,0.001,1550,0.1,0.155,1.395,reference_density_screening_properties,assay required
BMG-00412,MAT-CO,MED-GLS,0.001,1550,0.25,0.3875,1.1625,reference_density_screening_properties,assay required
BMG-00413,MAT-CO,MED-GLS,0.001,1550,0.5,0.775,0.775,reference_density_screening_properties,assay required
BMG-00414,MAT-CO,MED-ICY,0.001,900,0.001,0.0009,0.8991,reference_density_screening_properties,assay required
BMG-00415,MAT-CO,MED-ICY,0.001,900,0.005,0.0045,0.8955,reference_density_screening_properties,assay required
BMG-00416,MAT-CO,MED-ICY,0.001,900,0.01,0.009,0.891,reference_density_screening_properties,assay required
BMG-00417,MAT-CO,MED-ICY,0.001,900,0.05,0.045,0.855,reference_density_screening_properties,assay required
BMG-00418,MAT-CO,MED-ICY,0.001,900,0.1,0.09,0.81,reference_density_screening_properties,assay required
BMG-00419,MAT-CO,MED-ICY,0.001,900,0.25,0.225,0.675,reference_density_screening_properties,assay required
BMG-00420,MAT-CO,MED-ICY,0.001,900,0.5,0.45,0.45,reference_density_screening_properties,assay required
BMG-00421,MAT-CU,MED-GRV,0.001,1600,0.001,0.0016,1.5984,reference_density_screening_properties,conductivity depends on alloy/temperature
BMG-00422,MAT-CU,MED-GRV,0.001,1600,0.005,0.008,1.592,reference_density_screening_properties,conductivity depends on alloy/temperature
BMG-00423,MAT-CU,MED-GRV,0.001,1600,0.01,0.016,1.584,reference_density_screening_properties,conductivity depends on alloy/temperature
BMG-00424,MAT-CU,MED-GRV,0.001,1600,0.05,0.08,1.52,reference_density_screening_properties,conductivity depends on alloy/temperature
BMG-00425,MAT-CU,MED-GRV,0.001,1600,0.1,0.16,1.44,reference_density_screening_properties,conductivity depends on alloy/temperature
BMG-00426,MAT-CU,MED-GRV,0.001,1600,0.25,0.4,1.2,reference_density_screening_properties,conductivity depends on alloy/temperature
BMG-00427,MAT-CU,MED-GRV,0.001,1600,0.5,0.8,0.8,reference_density_screening_properties,conductivity depends on alloy/temperature
BMG-00428,MAT-CU,MED-SND,0.001,1650,0.001,0.00165,1.64835,reference_density_screening_properties,conductivity depends on alloy/temperature
BMG-00429,MAT-CU,MED-SND,0.001,1650,0.005,0.00825,1.64175,reference_density_screening_properties,conductivity depends on alloy/temperature
BMG-00430,MAT-CU,MED-SND,0.001,1650,0.01,0.0165,1.6335,reference_density_screening_properties,conductivity depends on alloy/temperature
BMG-00431,MAT-CU,MED-SND,0.001,1650,0.05,0.0825,1.5675,reference_density_screening_properties,conductivity depends on alloy/temperature
BMG-00432,MAT-CU,MED-SND,0.001,1650,0.1,0.165,1.485,reference_density_screening_properties,conductivity depends on alloy/temperature
BMG-00433,MAT-CU,MED-SND,0.001,1650,0.25,0.4125,1.2375,reference_density_screening_properties,conductivity depends on alloy/temperature
BMG-00434,MAT-CU,MED-SND,0.001,1650,0.5,0.825,0.825,reference_density_screening_properties,conductivity depends on alloy/temperature
BMG-00435,MAT-CU,MED-CLY,0.001,1800,0.001,0.0018,1.7982,reference_density_screening_properties,conductivity depends on alloy/temperature
BMG-00436,MAT-CU,MED-CLY,0.001,1800,0.005,0.009,1.791,reference_density_screening_properties,conductivity depends on alloy/temperature
BMG-00437,MAT-CU,MED-CLY,0.001,1800,0.01,0.018,1.782,reference_density_screening_properties,conductivity depends on alloy/temperature
BMG-00438,MAT-CU,MED-CLY,0.001,1800,0.05,0.09,1.71,reference_density_screening_properties,conductivity depends on alloy/temperature
BMG-00439,MAT-CU,MED-CLY,0.001,1800,0.1,0.18,1.62,reference_density_screening_properties,conductivity depends on alloy/temperature
BMG-00440,MAT-CU,MED-CLY,0.001,1800,0.25,0.45,1.35,reference_density_screening_properties,conductivity depends on alloy/temperature
BMG-00441,MAT-CU,MED-CLY,0.001,1800,0.5,0.9,0.9,reference_density_screening_properties,conductivity depends on alloy/temperature
BMG-00442,MAT-CU,MED-BCL,0.001,1900,0.001,0.0019,1.8981,reference_density_screening_properties,conductivity depends on alloy/temperature
BMG-00443,MAT-CU,MED-BCL,0.001,1900,0.005,0.0095,1.8905,reference_density_screening_properties,conductivity depends on alloy/temperature
BMG-00444,MAT-CU,MED-BCL,0.001,1900,0.01,0.019,1.881,reference_density_screening_properties,conductivity depends on alloy/temperature
BMG-00445,MAT-CU,MED-BCL,0.001,1900,0.05,0.095,1.805,reference_density_screening_properties,conductivity depends on alloy/temperature
BMG-00446,MAT-CU,MED-BCL,0.001,1900,0.1,0.19,1.71,reference_density_screening_properties,conductivity depends on alloy/temperature
BMG-00447,MAT-CU,MED-BCL,0.001,1900,0.25,0.475,1.425,reference_density_screening_properties,conductivity depends on alloy/temperature
BMG-00448,MAT-CU,MED-BCL,0.001,1900,0.5,0.95,0.95,reference_density_screening_properties,conductivity depends on alloy/temperature
BMG-00449,MAT-CU,MED-BAS,0.001,1700,0.001,0.0017,1.6983,reference_density_screening_properties,conductivity depends on alloy/temperature
BMG-00450,MAT-CU,MED-BAS,0.001,1700,0.005,0.0085,1.6915,reference_density_screening_properties,conductivity depends on alloy/temperature
BMG-00451,MAT-CU,MED-BAS,0.001,1700,0.01,0.017,1.683,reference_density_screening_properties,conductivity depends on alloy/temperature
BMG-00452,MAT-CU,MED-BAS,0.001,1700,0.05,0.085,1.615,reference_density_screening_properties,conductivity depends on alloy/temperature
BMG-00453,MAT-CU,MED-BAS,0.001,1700,0.1,0.17,1.53,reference_density_screening_properties,conductivity depends on alloy/temperature
BMG-00454,MAT-CU,MED-BAS,0.001,1700,0.25,0.425,1.275,reference_density_screening_properties,conductivity depends on alloy/temperature
BMG-00455,MAT-CU,MED-BAS,0.001,1700,0.5,0.85,0.85,reference_density_screening_properties,conductivity depends on alloy/temperature
BMG-00456,MAT-CU,MED-CAR,0.001,1300,0.001,0.0013,1.2987,reference_density_screening_properties,conductivity depends on alloy/temperature
BMG-00457,MAT-CU,MED-CAR,0.001,1300,0.005,0.0065,1.2935,reference_density_screening_properties,conductivity depends on alloy/temperature
BMG-00458,MAT-CU,MED-CAR,0.001,1300,0.01,0.013,1.287,reference_density_screening_properties,conductivity depends on alloy/temperature
BMG-00459,MAT-CU,MED-CAR,0.001,1300,0.05,0.065,1.235,reference_density_screening_properties,conductivity depends on alloy/temperature
BMG-00460,MAT-CU,MED-CAR,0.001,1300,0.1,0.13,1.17,reference_density_screening_properties,conductivity depends on alloy/temperature
BMG-00461,MAT-CU,MED-CAR,0.001,1300,0.25,0.325,0.975,reference_density_screening_properties,conductivity depends on alloy/temperature
BMG-00462,MAT-CU,MED-CAR,0.001,1300,0.5,0.65,0.65,reference_density_screening_properties,conductivity depends on alloy/temperature
BMG-00463,MAT-CU,MED-MET,0.001,2300,0.001,0.0023,2.2977,reference_density_screening_properties,conductivity depends on alloy/temperature
BMG-00464,MAT-CU,MED-MET,0.001,2300,0.005,0.0115,2.2885,reference_density_screening_properties,conductivity depends on alloy/temperature
BMG-00465,MAT-CU,MED-MET,0.001,2300,0.01,0.023,2.277,reference_density_screening_properties,conductivity depends on alloy/temperature
BMG-00466,MAT-CU,MED-MET,0.001,2300,0.05,0.115,2.185,reference_density_screening_properties,conductivity depends on alloy/temperature
BMG-00467,MAT-CU,MED-MET,0.001,2300,0.1,0.23,2.07,reference_density_screening_properties,conductivity depends on alloy/temperature
BMG-00468,MAT-CU,MED-MET,0.001,2300,0.25,0.575,1.725,reference_density_screening_properties,conductivity depends on alloy/temperature
BMG-00469,MAT-CU,MED-MET,0.001,2300,0.5,1.15,1.15,reference_density_screening_properties,conductivity depends on alloy/temperature
BMG-00470,MAT-CU,MED-ANT,0.001,1500,0.001,0.0015,1.4985,reference_density_screening_properties,conductivity depends on alloy/temperature
BMG-00471,MAT-CU,MED-ANT,0.001,1500,0.005,0.0075,1.4925,reference_density_screening_properties,conductivity depends on alloy/temperature
BMG-00472,MAT-CU,MED-ANT,0.001,1500,0.01,0.015,1.485,reference_density_screening_properties,conductivity depends on alloy/temperature
BMG-00473,MAT-CU,MED-ANT,0.001,1500,0.05,0.075,1.425,reference_density_screening_properties,conductivity depends on alloy/temperature
BMG-00474,MAT-CU,MED-ANT,0.001,1500,0.1,0.15,1.35,reference_density_screening_properties,conductivity depends on alloy/temperature
BMG-00475,MAT-CU,MED-ANT,0.001,1500,0.25,0.375,1.125,reference_density_screening_properties,conductivity depends on alloy/temperature
BMG-00476,MAT-CU,MED-ANT,0.001,1500,0.5,0.75,0.75,reference_density_screening_properties,conductivity depends on alloy/temperature
BMG-00477,MAT-CU,MED-GLS,0.001,1550,0.001,0.00155,1.54845,reference_density_screening_properties,conductivity depends on alloy/temperature
BMG-00478,MAT-CU,MED-GLS,0.001,1550,0.005,0.00775,1.54225,reference_density_screening_properties,conductivity depends on alloy/temperature
BMG-00479,MAT-CU,MED-GLS,0.001,1550,0.01,0.0155,1.5345,reference_density_screening_properties,conductivity depends on alloy/temperature
BMG-00480,MAT-CU,MED-GLS,0.001,1550,0.05,0.0775,1.4725,reference_density_screening_properties,conductivity depends on alloy/temperature
BMG-00481,MAT-CU,MED-GLS,0.001,1550,0.1,0.155,1.395,reference_density_screening_properties,conductivity depends on alloy/temperature
BMG-00482,MAT-CU,MED-GLS,0.001,1550,0.25,0.3875,1.1625,reference_density_screening_properties,conductivity depends on alloy/temperature
BMG-00483,MAT-CU,MED-GLS,0.001,1550,0.5,0.775,0.775,reference_density_screening_properties,conductivity depends on alloy/temperature
BMG-00484,MAT-CU,MED-ICY,0.001,900,0.001,0.0009,0.8991,reference_density_screening_properties,conductivity depends on alloy/temperature
BMG-00485,MAT-CU,MED-ICY,0.001,900,0.005,0.0045,0.8955,reference_density_screening_properties,conductivity depends on alloy/temperature
BMG-00486,MAT-CU,MED-ICY,0.001,900,0.01,0.009,0.891,reference_density_screening_properties,conductivity depends on alloy/temperature
BMG-00487,MAT-CU,MED-ICY,0.001,900,0.05,0.045,0.855,reference_density_screening_properties,conductivity depends on alloy/temperature
BMG-00488,MAT-CU,MED-ICY,0.001,900,0.1,0.09,0.81,reference_density_screening_properties,conductivity depends on alloy/temperature
BMG-00489,MAT-CU,MED-ICY,0.001,900,0.25,0.225,0.675,reference_density_screening_properties,conductivity depends on alloy/temperature
BMG-00490,MAT-CU,MED-ICY,0.001,900,0.5,0.45,0.45,reference_density_screening_properties,conductivity depends on alloy/temperature
BMG-00491,MAT-AG,MED-GRV,0.001,1600,0.001,0.0016,1.5984,reference_density_screening_properties,assay required
BMG-00492,MAT-AG,MED-GRV,0.001,1600,0.005,0.008,1.592,reference_density_screening_properties,assay required
BMG-00493,MAT-AG,MED-GRV,0.001,1600,0.01,0.016,1.584,reference_density_screening_properties,assay required
BMG-00494,MAT-AG,MED-GRV,0.001,1600,0.05,0.08,1.52,reference_density_screening_properties,assay required
BMG-00495,MAT-AG,MED-GRV,0.001,1600,0.1,0.16,1.44,reference_density_screening_properties,assay required
BMG-00496,MAT-AG,MED-GRV,0.001,1600,0.25,0.4,1.2,reference_density_screening_properties,assay required
BMG-00497,MAT-AG,MED-GRV,0.001,1600,0.5,0.8,0.8,reference_density_screening_properties,assay required
BMG-00498,MAT-AG,MED-SND,0.001,1650,0.001,0.00165,1.64835,reference_density_screening_properties,assay required
BMG-00499,MAT-AG,MED-SND,0.001,1650,0.005,0.00825,1.64175,reference_density_screening_properties,assay required
BMG-00500,MAT-AG,MED-SND,0.001,1650,0.01,0.0165,1.6335,reference_density_screening_properties,assay required
BMG-00501,MAT-AG,MED-SND,0.001,1650,0.05,0.0825,1.5675,reference_density_screening_properties,assay required
BMG-00502,MAT-AG,MED-SND,0.001,1650,0.1,0.165,1.485,reference_density_screening_properties,assay required
BMG-00503,MAT-AG,MED-SND,0.001,1650,0.25,0.4125,1.2375,reference_density_screening_properties,assay required
BMG-00504,MAT-AG,MED-SND,0.001,1650,0.5,0.825,0.825,reference_density_screening_properties,assay required
BMG-00505,MAT-AG,MED-CLY,0.001,1800,0.001,0.0018,1.7982,reference_density_screening_properties,assay required
BMG-00506,MAT-AG,MED-CLY,0.001,1800,0.005,0.009,1.791,reference_density_screening_properties,assay required
BMG-00507,MAT-AG,MED-CLY,0.001,1800,0.01,0.018,1.782,reference_density_screening_properties,assay required
BMG-00508,MAT-AG,MED-CLY,0.001,1800,0.05,0.09,1.71,reference_density_screening_properties,assay required
BMG-00509,MAT-AG,MED-CLY,0.001,1800,0.1,0.18,1.62,reference_density_screening_properties,assay required
BMG-00510,MAT-AG,MED-CLY,0.001,1800,0.25,0.45,1.35,reference_density_screening_properties,assay required
BMG-00511,MAT-AG,MED-CLY,0.001,1800,0.5,0.9,0.9,reference_density_screening_properties,assay required
BMG-00512,MAT-AG,MED-BCL,0.001,1900,0.001,0.0019,1.8981,reference_density_screening_properties,assay required
BMG-00513,MAT-AG,MED-BCL,0.001,1900,0.005,0.0095,1.8905,reference_density_screening_properties,assay required
BMG-00514,MAT-AG,MED-BCL,0.001,1900,0.01,0.019,1.881,reference_density_screening_properties,assay required
BMG-00515,MAT-AG,MED-BCL,0.001,1900,0.05,0.095,1.805,reference_density_screening_properties,assay required
BMG-00516,MAT-AG,MED-BCL,0.001,1900,0.1,0.19,1.71,reference_density_screening_properties,assay required
BMG-00517,MAT-AG,MED-BCL,0.001,1900,0.25,0.475,1.425,reference_density_screening_properties,assay required
BMG-00518,MAT-AG,MED-BCL,0.001,1900,0.5,0.95,0.95,reference_density_screening_properties,assay required
BMG-00519,MAT-AG,MED-BAS,0.001,1700,0.001,0.0017,1.6983,reference_density_screening_properties,assay required
BMG-00520,MAT-AG,MED-BAS,0.001,1700,0.005,0.0085,1.6915,reference_density_screening_properties,assay required
BMG-00521,MAT-AG,MED-BAS,0.001,1700,0.01,0.017,1.683,reference_density_screening_properties,assay required
BMG-00522,MAT-AG,MED-BAS,0.001,1700,0.05,0.085,1.615,reference_density_screening_properties,assay required
BMG-00523,MAT-AG,MED-BAS,0.001,1700,0.1,0.17,1.53,reference_density_screening_properties,assay required
BMG-00524,MAT-AG,MED-BAS,0.001,1700,0.25,0.425,1.275,reference_density_screening_properties,assay required
BMG-00525,MAT-AG,MED-BAS,0.001,1700,0.5,0.85,0.85,reference_density_screening_properties,assay required
BMG-00526,MAT-AG,MED-CAR,0.001,1300,0.001,0.0013,1.2987,reference_density_screening_properties,assay required
BMG-00527,MAT-AG,MED-CAR,0.001,1300,0.005,0.0065,1.2935,reference_density_screening_properties,assay required
BMG-00528,MAT-AG,MED-CAR,0.001,1300,0.01,0.013,1.287,reference_density_screening_properties,assay required
BMG-00529,MAT-AG,MED-CAR,0.001,1300,0.05,0.065,1.235,reference_density_screening_properties,assay required
BMG-00530,MAT-AG,MED-CAR,0.001,1300,0.1,0.13,1.17,reference_density_screening_properties,assay required
BMG-00531,MAT-AG,MED-CAR,0.001,1300,0.25,0.325,0.975,reference_density_screening_properties,assay required
BMG-00532,MAT-AG,MED-CAR,0.001,1300,0.5,0.65,0.65,reference_density_screening_properties,assay required
BMG-00533,MAT-AG,MED-MET,0.001,2300,0.001,0.0023,2.2977,reference_density_screening_properties,assay required
BMG-00534,MAT-AG,MED-MET,0.001,2300,0.005,0.0115,2.2885,reference_density_screening_properties,assay required
BMG-00535,MAT-AG,MED-MET,0.001,2300,0.01,0.023,2.277,reference_density_screening_properties,assay required
BMG-00536,MAT-AG,MED-MET,0.001,2300,0.05,0.115,2.185,reference_density_screening_properties,assay required
BMG-00537,MAT-AG,MED-MET,0.001,2300,0.1,0.23,2.07,reference_density_screening_properties,assay required
BMG-00538,MAT-AG,MED-MET,0.001,2300,0.25,0.575,1.725,reference_density_screening_properties,assay required
BMG-00539,MAT-AG,MED-MET,0.001,2300,0.5,1.15,1.15,reference_density_screening_properties,assay required
BMG-00540,MAT-AG,MED-ANT,0.001,1500,0.001,0.0015,1.4985,reference_density_screening_properties,assay required
BMG-00541,MAT-AG,MED-ANT,0.001,1500,0.005,0.0075,1.4925,reference_density_screening_properties,assay required
BMG-00542,MAT-AG,MED-ANT,0.001,1500,0.01,0.015,1.485,reference_density_screening_properties,assay required
BMG-00543,MAT-AG,MED-ANT,0.001,1500,0.05,0.075,1.425,reference_density_screening_properties,assay required
BMG-00544,MAT-AG,MED-ANT,0.001,1500,0.1,0.15,1.35,reference_density_screening_properties,assay required
BMG-00545,MAT-AG,MED-ANT,0.001,1500,0.25,0.375,1.125,reference_density_screening_properties,assay required
BMG-00546,MAT-AG,MED-ANT,0.001,1500,0.5,0.75,0.75,reference_density_screening_properties,assay required
BMG-00547,MAT-AG,MED-GLS,0.001,1550,0.001,0.00155,1.54845,reference_density_screening_properties,assay required
BMG-00548,MAT-AG,MED-GLS,0.001,1550,0.005,0.00775,1.54225,reference_density_screening_properties,assay required
BMG-00549,MAT-AG,MED-GLS,0.001,1550,0.01,0.0155,1.5345,reference_density_screening_properties,assay required
BMG-00550,MAT-AG,MED-GLS,0.001,1550,0.05,0.0775,1.4725,reference_density_screening_properties,assay required
BMG-00551,MAT-AG,MED-GLS,0.001,1550,0.1,0.155,1.395,reference_density_screening_properties,assay required
BMG-00552,MAT-AG,MED-GLS,0.001,1550,0.25,0.3875,1.1625,reference_density_screening_properties,assay required
BMG-00553,MAT-AG,MED-GLS,0.001,1550,0.5,0.775,0.775,reference_density_screening_properties,assay required
BMG-00554,MAT-AG,MED-ICY,0.001,900,0.001,0.0009,0.8991,reference_density_screening_properties,assay required
BMG-00555,MAT-AG,MED-ICY,0.001,900,0.005,0.0045,0.8955,reference_density_screening_properties,assay required
BMG-00556,MAT-AG,MED-ICY,0.001,900,0.01,0.009,0.891,reference_density_screening_properties,assay required
BMG-00557,MAT-AG,MED-ICY,0.001,900,0.05,0.045,0.855,reference_density_screening_properties,assay required
BMG-00558,MAT-AG,MED-ICY,0.001,900,0.1,0.09,0.81,reference_density_screening_properties,assay required
BMG-00559,MAT-AG,MED-ICY,0.001,900,0.25,0.225,0.675,reference_density_screening_properties,assay required
BMG-00560,MAT-AG,MED-ICY,0.001,900,0.5,0.45,0.45,reference_density_screening_properties,assay required
BMG-00561,MAT-PT,MED-GRV,0.001,1600,0.001,0.0016,1.5984,reference_density_screening_properties,assay and mineral-host identification required
BMG-00562,MAT-PT,MED-GRV,0.001,1600,0.005,0.008,1.592,reference_density_screening_properties,assay and mineral-host identification required
BMG-00563,MAT-PT,MED-GRV,0.001,1600,0.01,0.016,1.584,reference_density_screening_properties,assay and mineral-host identification required
BMG-00564,MAT-PT,MED-GRV,0.001,1600,0.05,0.08,1.52,reference_density_screening_properties,assay and mineral-host identification required
BMG-00565,MAT-PT,MED-GRV,0.001,1600,0.1,0.16,1.44,reference_density_screening_properties,assay and mineral-host identification required
BMG-00566,MAT-PT,MED-GRV,0.001,1600,0.25,0.4,1.2,reference_density_screening_properties,assay and mineral-host identification required
BMG-00567,MAT-PT,MED-GRV,0.001,1600,0.5,0.8,0.8,reference_density_screening_properties,assay and mineral-host identification required
BMG-00568,MAT-PT,MED-SND,0.001,1650,0.001,0.00165,1.64835,reference_density_screening_properties,assay and mineral-host identification required
BMG-00569,MAT-PT,MED-SND,0.001,1650,0.005,0.00825,1.64175,reference_density_screening_properties,assay and mineral-host identification required
BMG-00570,MAT-PT,MED-SND,0.001,1650,0.01,0.0165,1.6335,reference_density_screening_properties,assay and mineral-host identification required
BMG-00571,MAT-PT,MED-SND,0.001,1650,0.05,0.0825,1.5675,reference_density_screening_properties,assay and mineral-host identification required
BMG-00572,MAT-PT,MED-SND,0.001,1650,0.1,0.165,1.485,reference_density_screening_properties,assay and mineral-host identification required
BMG-00573,MAT-PT,MED-SND,0.001,1650,0.25,0.4125,1.2375,reference_density_screening_properties,assay and mineral-host identification required
BMG-00574,MAT-PT,MED-SND,0.001,1650,0.5,0.825,0.825,reference_density_screening_properties,assay and mineral-host identification required
BMG-00575,MAT-PT,MED-CLY,0.001,1800,0.001,0.0018,1.7982,reference_density_screening_properties,assay and mineral-host identification required
BMG-00576,MAT-PT,MED-CLY,0.001,1800,0.005,0.009,1.791,reference_density_screening_properties,assay and mineral-host identification required
BMG-00577,MAT-PT,MED-CLY,0.001,1800,0.01,0.018,1.782,reference_density_screening_properties,assay and mineral-host identification required
BMG-00578,MAT-PT,MED-CLY,0.001,1800,0.05,0.09,1.71,reference_density_screening_properties,assay and mineral-host identification required
BMG-00579,MAT-PT,MED-CLY,0.001,1800,0.1,0.18,1.62,reference_density_screening_properties,assay and mineral-host identification required
BMG-00580,MAT-PT,MED-CLY,0.001,1800,0.25,0.45,1.35,reference_density_screening_properties,assay and mineral-host identification required
BMG-00581,MAT-PT,MED-CLY,0.001,1800,0.5,0.9,0.9,reference_density_screening_properties,assay and mineral-host identification required
BMG-00582,MAT-PT,MED-BCL,0.001,1900,0.001,0.0019,1.8981,reference_density_screening_properties,assay and mineral-host identification required
BMG-00583,MAT-PT,MED-BCL,0.001,1900,0.005,0.0095,1.8905,reference_density_screening_properties,assay and mineral-host identification required
BMG-00584,MAT-PT,MED-BCL,0.001,1900,0.01,0.019,1.881,reference_density_screening_properties,assay and mineral-host identification required
BMG-00585,MAT-PT,MED-BCL,0.001,1900,0.05,0.095,1.805,reference_density_screening_properties,assay and mineral-host identification required
BMG-00586,MAT-PT,MED-BCL,0.001,1900,0.1,0.19,1.71,reference_density_screening_properties,assay and mineral-host identification required
BMG-00587,MAT-PT,MED-BCL,0.001,1900,0.25,0.475,1.425,reference_density_screening_properties,assay and mineral-host identification required
BMG-00588,MAT-PT,MED-BCL,0.001,1900,0.5,0.95,0.95,reference_density_screening_properties,assay and mineral-host identification required
BMG-00589,MAT-PT,MED-BAS,0.001,1700,0.001,0.0017,1.6983,reference_density_screening_properties,assay and mineral-host identification required
BMG-00590,MAT-PT,MED-BAS,0.001,1700,0.005,0.0085,1.6915,reference_density_screening_properties,assay and mineral-host identification required
BMG-00591,MAT-PT,MED-BAS,0.001,1700,0.01,0.017,1.683,reference_density_screening_properties,assay and mineral-host identification required
BMG-00592,MAT-PT,MED-BAS,0.001,1700,0.05,0.085,1.615,reference_density_screening_properties,assay and mineral-host identification required
BMG-00593,MAT-PT,MED-BAS,0.001,1700,0.1,0.17,1.53,reference_density_screening_properties,assay and mineral-host identification required
BMG-00594,MAT-PT,MED-BAS,0.001,1700,0.25,0.425,1.275,reference_density_screening_properties,assay and mineral-host identification required
BMG-00595,MAT-PT,MED-BAS,0.001,1700,0.5,0.85,0.85,reference_density_screening_properties,assay and mineral-host identification required
BMG-00596,MAT-PT,MED-CAR,0.001,1300,0.001,0.0013,1.2987,reference_density_screening_properties,assay and mineral-host identification required
BMG-00597,MAT-PT,MED-CAR,0.001,1300,0.005,0.0065,1.2935,reference_density_screening_properties,assay and mineral-host identification required
BMG-00598,MAT-PT,MED-CAR,0.001,1300,0.01,0.013,1.287,reference_density_screening_properties,assay and mineral-host identification required
BMG-00599,MAT-PT,MED-CAR,0.001,1300,0.05,0.065,1.235,reference_density_screening_properties,assay and mineral-host identification required
BMG-00600,MAT-PT,MED-CAR,0.001,1300,0.1,0.13,1.17,reference_density_screening_properties,assay and mineral-host identification required
BMG-00601,MAT-PT,MED-CAR,0.001,1300,0.25,0.325,0.975,reference_density_screening_properties,assay and mineral-host identification required
BMG-00602,MAT-PT,MED-CAR,0.001,1300,0.5,0.65,0.65,reference_density_screening_properties,assay and mineral-host identification required
BMG-00603,MAT-PT,MED-MET,0.001,2300,0.001,0.0023,2.2977,reference_density_screening_properties,assay and mineral-host identification required
BMG-00604,MAT-PT,MED-MET,0.001,2300,0.005,0.0115,2.2885,reference_density_screening_properties,assay and mineral-host identification required
BMG-00605,MAT-PT,MED-MET,0.001,2300,0.01,0.023,2.277,reference_density_screening_properties,assay and mineral-host identification required
BMG-00606,MAT-PT,MED-MET,0.001,2300,0.05,0.115,2.185,reference_density_screening_properties,assay and mineral-host identification required
BMG-00607,MAT-PT,MED-MET,0.001,2300,0.1,0.23,2.07,reference_density_screening_properties,assay and mineral-host identification required
BMG-00608,MAT-PT,MED-MET,0.001,2300,0.25,0.575,1.725,reference_density_screening_properties,assay and mineral-host identification required
BMG-00609,MAT-PT,MED-MET,0.001,2300,0.5,1.15,1.15,reference_density_screening_properties,assay and mineral-host identification required
BMG-00610,MAT-PT,MED-ANT,0.001,1500,0.001,0.0015,1.4985,reference_density_screening_properties,assay and mineral-host identification required
BMG-00611,MAT-PT,MED-ANT,0.001,1500,0.005,0.0075,1.4925,reference_density_screening_properties,assay and mineral-host identification required
BMG-00612,MAT-PT,MED-ANT,0.001,1500,0.01,0.015,1.485,reference_density_screening_properties,assay and mineral-host identification required
BMG-00613,MAT-PT,MED-ANT,0.001,1500,0.05,0.075,1.425,reference_density_screening_properties,assay and mineral-host identification required
BMG-00614,MAT-PT,MED-ANT,0.001,1500,0.1,0.15,1.35,reference_density_screening_properties,assay and mineral-host identification required
BMG-00615,MAT-PT,MED-ANT,0.001,1500,0.25,0.375,1.125,reference_density_screening_properties,assay and mineral-host identification required
BMG-00616,MAT-PT,MED-ANT,0.001,1500,0.5,0.75,0.75,reference_density_screening_properties,assay and mineral-host identification required
BMG-00617,MAT-PT,MED-GLS,0.001,1550,0.001,0.00155,1.54845,reference_density_screening_properties,assay and mineral-host identification required
BMG-00618,MAT-PT,MED-GLS,0.001,1550,0.005,0.00775,1.54225,reference_density_screening_properties,assay and mineral-host identification required
BMG-00619,MAT-PT,MED-GLS,0.001,1550,0.01,0.0155,1.5345,reference_density_screening_properties,assay and mineral-host identification required
BMG-00620,MAT-PT,MED-GLS,0.001,1550,0.05,0.0775,1.4725,reference_density_screening_properties,assay and mineral-host identification required
BMG-00621,MAT-PT,MED-GLS,0.001,1550,0.1,0.155,1.395,reference_density_screening_properties,assay and mineral-host identification required
BMG-00622,MAT-PT,MED-GLS,0.001,1550,0.25,0.3875,1.1625,reference_density_screening_properties,assay and mineral-host identification required
BMG-00623,MAT-PT,MED-GLS,0.001,1550,0.5,0.775,0.775,reference_density_screening_properties,assay and mineral-host identification required
BMG-00624,MAT-PT,MED-ICY,0.001,900,0.001,0.0009,0.8991,reference_density_screening_properties,assay and mineral-host identification required
BMG-00625,MAT-PT,MED-ICY,0.001,900,0.005,0.0045,0.8955,reference_density_screening_properties,assay and mineral-host identification required
BMG-00626,MAT-PT,MED-ICY,0.001,900,0.01,0.009,0.891,reference_density_screening_properties,assay and mineral-host identification required
BMG-00627,MAT-PT,MED-ICY,0.001,900,0.05,0.045,0.855,reference_density_screening_properties,assay and mineral-host identification required
BMG-00628,MAT-PT,MED-ICY,0.001,900,0.1,0.09,0.81,reference_density_screening_properties,assay and mineral-host identification required
BMG-00629,MAT-PT,MED-ICY,0.001,900,0.25,0.225,0.675,reference_density_screening_properties,assay and mineral-host identification required
BMG-00630,MAT-PT,MED-ICY,0.001,900,0.5,0.45,0.45,reference_density_screening_properties,assay and mineral-host identification required
BMG-00631,MAT-PD,MED-GRV,0.001,1600,0.001,0.0016,1.5984,reference_density_screening_properties,assay and mineral-host identification required
BMG-00632,MAT-PD,MED-GRV,0.001,1600,0.005,0.008,1.592,reference_density_screening_properties,assay and mineral-host identification required
BMG-00633,MAT-PD,MED-GRV,0.001,1600,0.01,0.016,1.584,reference_density_screening_properties,assay and mineral-host identification required
BMG-00634,MAT-PD,MED-GRV,0.001,1600,0.05,0.08,1.52,reference_density_screening_properties,assay and mineral-host identification required
BMG-00635,MAT-PD,MED-GRV,0.001,1600,0.1,0.16,1.44,reference_density_screening_properties,assay and mineral-host identification required
BMG-00636,MAT-PD,MED-GRV,0.001,1600,0.25,0.4,1.2,reference_density_screening_properties,assay and mineral-host identification required
BMG-00637,MAT-PD,MED-GRV,0.001,1600,0.5,0.8,0.8,reference_density_screening_properties,assay and mineral-host identification required
BMG-00638,MAT-PD,MED-SND,0.001,1650,0.001,0.00165,1.64835,reference_density_screening_properties,assay and mineral-host identification required
BMG-00639,MAT-PD,MED-SND,0.001,1650,0.005,0.00825,1.64175,reference_density_screening_properties,assay and mineral-host identification required
BMG-00640,MAT-PD,MED-SND,0.001,1650,0.01,0.0165,1.6335,reference_density_screening_properties,assay and mineral-host identification required
BMG-00641,MAT-PD,MED-SND,0.001,1650,0.05,0.0825,1.5675,reference_density_screening_properties,assay and mineral-host identification required
BMG-00642,MAT-PD,MED-SND,0.001,1650,0.1,0.165,1.485,reference_density_screening_properties,assay and mineral-host identification required
BMG-00643,MAT-PD,MED-SND,0.001,1650,0.25,0.4125,1.2375,reference_density_screening_properties,assay and mineral-host identification required
BMG-00644,MAT-PD,MED-SND,0.001,1650,0.5,0.825,0.825,reference_density_screening_properties,assay and mineral-host identification required
BMG-00645,MAT-PD,MED-CLY,0.001,1800,0.001,0.0018,1.7982,reference_density_screening_properties,assay and mineral-host identification required
BMG-00646,MAT-PD,MED-CLY,0.001,1800,0.005,0.009,1.791,reference_density_screening_properties,assay and mineral-host identification required
BMG-00647,MAT-PD,MED-CLY,0.001,1800,0.01,0.018,1.782,reference_density_screening_properties,assay and mineral-host identification required
BMG-00648,MAT-PD,MED-CLY,0.001,1800,0.05,0.09,1.71,reference_density_screening_properties,assay and mineral-host identification required
BMG-00649,MAT-PD,MED-CLY,0.001,1800,0.1,0.18,1.62,reference_density_screening_properties,assay and mineral-host identification required
BMG-00650,MAT-PD,MED-CLY,0.001,1800,0.25,0.45,1.35,reference_density_screening_properties,assay and mineral-host identification required
BMG-00651,MAT-PD,MED-CLY,0.001,1800,0.5,0.9,0.9,reference_density_screening_properties,assay and mineral-host identification required
BMG-00652,MAT-PD,MED-BCL,0.001,1900,0.001,0.0019,1.8981,reference_density_screening_properties,assay and mineral-host identification required
BMG-00653,MAT-PD,MED-BCL,0.001,1900,0.005,0.0095,1.8905,reference_density_screening_properties,assay and mineral-host identification required
BMG-00654,MAT-PD,MED-BCL,0.001,1900,0.01,0.019,1.881,reference_density_screening_properties,assay and mineral-host identification required
BMG-00655,MAT-PD,MED-BCL,0.001,1900,0.05,0.095,1.805,reference_density_screening_properties,assay and mineral-host identification required
BMG-00656,MAT-PD,MED-BCL,0.001,1900,0.1,0.19,1.71,reference_density_screening_properties,assay and mineral-host identification required
BMG-00657,MAT-PD,MED-BCL,0.001,1900,0.25,0.475,1.425,reference_density_screening_properties,assay and mineral-host identification required
BMG-00658,MAT-PD,MED-BCL,0.001,1900,0.5,0.95,0.95,reference_density_screening_properties,assay and mineral-host identification required
BMG-00659,MAT-PD,MED-BAS,0.001,1700,0.001,0.0017,1.6983,reference_density_screening_properties,assay and mineral-host identification required
BMG-00660,MAT-PD,MED-BAS,0.001,1700,0.005,0.0085,1.6915,reference_density_screening_properties,assay and mineral-host identification required
BMG-00661,MAT-PD,MED-BAS,0.001,1700,0.01,0.017,1.683,reference_density_screening_properties,assay and mineral-host identification required
BMG-00662,MAT-PD,MED-BAS,0.001,1700,0.05,0.085,1.615,reference_density_screening_properties,assay and mineral-host identification required
BMG-00663,MAT-PD,MED-BAS,0.001,1700,0.1,0.17,1.53,reference_density_screening_properties,assay and mineral-host identification required
BMG-00664,MAT-PD,MED-BAS,0.001,1700,0.25,0.425,1.275,reference_density_screening_properties,assay and mineral-host identification required
BMG-00665,MAT-PD,MED-BAS,0.001,1700,0.5,0.85,0.85,reference_density_screening_properties,assay and mineral-host identification required
BMG-00666,MAT-PD,MED-CAR,0.001,1300,0.001,0.0013,1.2987,reference_density_screening_properties,assay and mineral-host identification required
BMG-00667,MAT-PD,MED-CAR,0.001,1300,0.005,0.0065,1.2935,reference_density_screening_properties,assay and mineral-host identification required
BMG-00668,MAT-PD,MED-CAR,0.001,1300,0.01,0.013,1.287,reference_density_screening_properties,assay and mineral-host identification required
BMG-00669,MAT-PD,MED-CAR,0.001,1300,0.05,0.065,1.235,reference_density_screening_properties,assay and mineral-host identification required
BMG-00670,MAT-PD,MED-CAR,0.001,1300,0.1,0.13,1.17,reference_density_screening_properties,assay and mineral-host identification required
BMG-00671,MAT-PD,MED-CAR,0.001,1300,0.25,0.325,0.975,reference_density_screening_properties,assay and mineral-host identification required
BMG-00672,MAT-PD,MED-CAR,0.001,1300,0.5,0.65,0.65,reference_density_screening_properties,assay and mineral-host identification required
BMG-00673,MAT-PD,MED-MET,0.001,2300,0.001,0.0023,2.2977,reference_density_screening_properties,assay and mineral-host identification required
BMG-00674,MAT-PD,MED-MET,0.001,2300,0.005,0.0115,2.2885,reference_density_screening_properties,assay and mineral-host identification required
BMG-00675,MAT-PD,MED-MET,0.001,2300,0.01,0.023,2.277,reference_density_screening_properties,assay and mineral-host identification required
BMG-00676,MAT-PD,MED-MET,0.001,2300,0.05,0.115,2.185,reference_density_screening_properties,assay and mineral-host identification required
BMG-00677,MAT-PD,MED-MET,0.001,2300,0.1,0.23,2.07,reference_density_screening_properties,assay and mineral-host identification required
BMG-00678,MAT-PD,MED-MET,0.001,2300,0.25,0.575,1.725,reference_density_screening_properties,assay and mineral-host identification required
BMG-00679,MAT-PD,MED-MET,0.001,2300,0.5,1.15,1.15,reference_density_screening_properties,assay and mineral-host identification required
BMG-00680,MAT-PD,MED-ANT,0.001,1500,0.001,0.0015,1.4985,reference_density_screening_properties,assay and mineral-host identification required
BMG-00681,MAT-PD,MED-ANT,0.001,1500,0.005,0.0075,1.4925,reference_density_screening_properties,assay and mineral-host identification required
BMG-00682,MAT-PD,MED-ANT,0.001,1500,0.01,0.015,1.485,reference_density_screening_properties,assay and mineral-host identification required
BMG-00683,MAT-PD,MED-ANT,0.001,1500,0.05,0.075,1.425,reference_density_screening_properties,assay and mineral-host identification required
BMG-00684,MAT-PD,MED-ANT,0.001,1500,0.1,0.15,1.35,reference_density_screening_properties,assay and mineral-host identification required
BMG-00685,MAT-PD,MED-ANT,0.001,1500,0.25,0.375,1.125,reference_density_screening_properties,assay and mineral-host identification required
BMG-00686,MAT-PD,MED-ANT,0.001,1500,0.5,0.75,0.75,reference_density_screening_properties,assay and mineral-host identification required
BMG-00687,MAT-PD,MED-GLS,0.001,1550,0.001,0.00155,1.54845,reference_density_screening_properties,assay and mineral-host identification required
BMG-00688,MAT-PD,MED-GLS,0.001,1550,0.005,0.00775,1.54225,reference_density_screening_properties,assay and mineral-host identification required
BMG-00689,MAT-PD,MED-GLS,0.001,1550,0.01,0.0155,1.5345,reference_density_screening_properties,assay and mineral-host identification required
BMG-00690,MAT-PD,MED-GLS,0.001,1550,0.05,0.0775,1.4725,reference_density_screening_properties,assay and mineral-host identification required
BMG-00691,MAT-PD,MED-GLS,0.001,1550,0.1,0.155,1.395,reference_density_screening_properties,assay and mineral-host identification required
BMG-00692,MAT-PD,MED-GLS,0.001,1550,0.25,0.3875,1.1625,reference_density_screening_properties,assay and mineral-host identification required
BMG-00693,MAT-PD,MED-GLS,0.001,1550,0.5,0.775,0.775,reference_density_screening_properties,assay and mineral-host identification required
BMG-00694,MAT-PD,MED-ICY,0.001,900,0.001,0.0009,0.8991,reference_density_screening_properties,assay and mineral-host identification required
BMG-00695,MAT-PD,MED-ICY,0.001,900,0.005,0.0045,0.8955,reference_density_screening_properties,assay and mineral-host identification required
BMG-00696,MAT-PD,MED-ICY,0.001,900,0.01,0.009,0.891,reference_density_screening_properties,assay and mineral-host identification required
BMG-00697,MAT-PD,MED-ICY,0.001,900,0.05,0.045,0.855,reference_density_screening_properties,assay and mineral-host identification required
BMG-00698,MAT-PD,MED-ICY,0.001,900,0.1,0.09,0.81,reference_density_screening_properties,assay and mineral-host identification required
BMG-00699,MAT-PD,MED-ICY,0.001,900,0.25,0.225,0.675,reference_density_screening_properties,assay and mineral-host identification required
BMG-00700,MAT-PD,MED-ICY,0.001,900,0.5,0.45,0.45,reference_density_screening_properties,assay and mineral-host identification required
BMG-00701,MAT-IR,MED-GRV,0.001,1600,0.001,0.0016,1.5984,reference_density_screening_properties,assay required
BMG-00702,MAT-IR,MED-GRV,0.001,1600,0.005,0.008,1.592,reference_density_screening_properties,assay required
BMG-00703,MAT-IR,MED-GRV,0.001,1600,0.01,0.016,1.584,reference_density_screening_properties,assay required
BMG-00704,MAT-IR,MED-GRV,0.001,1600,0.05,0.08,1.52,reference_density_screening_properties,assay required
BMG-00705,MAT-IR,MED-GRV,0.001,1600,0.1,0.16,1.44,reference_density_screening_properties,assay required
BMG-00706,MAT-IR,MED-GRV,0.001,1600,0.25,0.4,1.2,reference_density_screening_properties,assay required
BMG-00707,MAT-IR,MED-GRV,0.001,1600,0.5,0.8,0.8,reference_density_screening_properties,assay required
BMG-00708,MAT-IR,MED-SND,0.001,1650,0.001,0.00165,1.64835,reference_density_screening_properties,assay required
BMG-00709,MAT-IR,MED-SND,0.001,1650,0.005,0.00825,1.64175,reference_density_screening_properties,assay required
BMG-00710,MAT-IR,MED-SND,0.001,1650,0.01,0.0165,1.6335,reference_density_screening_properties,assay required
BMG-00711,MAT-IR,MED-SND,0.001,1650,0.05,0.0825,1.5675,reference_density_screening_properties,assay required
BMG-00712,MAT-IR,MED-SND,0.001,1650,0.1,0.165,1.485,reference_density_screening_properties,assay required
BMG-00713,MAT-IR,MED-SND,0.001,1650,0.25,0.4125,1.2375,reference_density_screening_properties,assay required
BMG-00714,MAT-IR,MED-SND,0.001,1650,0.5,0.825,0.825,reference_density_screening_properties,assay required
BMG-00715,MAT-IR,MED-CLY,0.001,1800,0.001,0.0018,1.7982,reference_density_screening_properties,assay required
BMG-00716,MAT-IR,MED-CLY,0.001,1800,0.005,0.009,1.791,reference_density_screening_properties,assay required
BMG-00717,MAT-IR,MED-CLY,0.001,1800,0.01,0.018,1.782,reference_density_screening_properties,assay required
BMG-00718,MAT-IR,MED-CLY,0.001,1800,0.05,0.09,1.71,reference_density_screening_properties,assay required
BMG-00719,MAT-IR,MED-CLY,0.001,1800,0.1,0.18,1.62,reference_density_screening_properties,assay required
BMG-00720,MAT-IR,MED-CLY,0.001,1800,0.25,0.45,1.35,reference_density_screening_properties,assay required
BMG-00721,MAT-IR,MED-CLY,0.001,1800,0.5,0.9,0.9,reference_density_screening_properties,assay required
BMG-00722,MAT-IR,MED-BCL,0.001,1900,0.001,0.0019,1.8981,reference_density_screening_properties,assay required
BMG-00723,MAT-IR,MED-BCL,0.001,1900,0.005,0.0095,1.8905,reference_density_screening_properties,assay required
BMG-00724,MAT-IR,MED-BCL,0.001,1900,0.01,0.019,1.881,reference_density_screening_properties,assay required
BMG-00725,MAT-IR,MED-BCL,0.001,1900,0.05,0.095,1.805,reference_density_screening_properties,assay required
BMG-00726,MAT-IR,MED-BCL,0.001,1900,0.1,0.19,1.71,reference_density_screening_properties,assay required
BMG-00727,MAT-IR,MED-BCL,0.001,1900,0.25,0.475,1.425,reference_density_screening_properties,assay required
BMG-00728,MAT-IR,MED-BCL,0.001,1900,0.5,0.95,0.95,reference_density_screening_properties,assay required
BMG-00729,MAT-IR,MED-BAS,0.001,1700,0.001,0.0017,1.6983,reference_density_screening_properties,assay required
BMG-00730,MAT-IR,MED-BAS,0.001,1700,0.005,0.0085,1.6915,reference_density_screening_properties,assay required
BMG-00731,MAT-IR,MED-BAS,0.001,1700,0.01,0.017,1.683,reference_density_screening_properties,assay required
BMG-00732,MAT-IR,MED-BAS,0.001,1700,0.05,0.085,1.615,reference_density_screening_properties,assay required
BMG-00733,MAT-IR,MED-BAS,0.001,1700,0.1,0.17,1.53,reference_density_screening_properties,assay required
BMG-00734,MAT-IR,MED-BAS,0.001,1700,0.25,0.425,1.275,reference_density_screening_properties,assay required
BMG-00735,MAT-IR,MED-BAS,0.001,1700,0.5,0.85,0.85,reference_density_screening_properties,assay required
BMG-00736,MAT-IR,MED-CAR,0.001,1300,0.001,0.0013,1.2987,reference_density_screening_properties,assay required
BMG-00737,MAT-IR,MED-CAR,0.001,1300,0.005,0.0065,1.2935,reference_density_screening_properties,assay required
BMG-00738,MAT-IR,MED-CAR,0.001,1300,0.01,0.013,1.287,reference_density_screening_properties,assay required
BMG-00739,MAT-IR,MED-CAR,0.001,1300,0.05,0.065,1.235,reference_density_screening_properties,assay required
BMG-00740,MAT-IR,MED-CAR,0.001,1300,0.1,0.13,1.17,reference_density_screening_properties,assay required
BMG-00741,MAT-IR,MED-CAR,0.001,1300,0.25,0.325,0.975,reference_density_screening_properties,assay required
BMG-00742,MAT-IR,MED-CAR,0.001,1300,0.5,0.65,0.65,reference_density_screening_properties,assay required
BMG-00743,MAT-IR,MED-MET,0.001,2300,0.001,0.0023,2.2977,reference_density_screening_properties,assay required
BMG-00744,MAT-IR,MED-MET,0.001,2300,0.005,0.0115,2.2885,reference_density_screening_properties,assay required
BMG-00745,MAT-IR,MED-MET,0.001,2300,0.01,0.023,2.277,reference_density_screening_properties,assay required
BMG-00746,MAT-IR,MED-MET,0.001,2300,0.05,0.115,2.185,reference_density_screening_properties,assay required
BMG-00747,MAT-IR,MED-MET,0.001,2300,0.1,0.23,2.07,reference_density_screening_properties,assay required
BMG-00748,MAT-IR,MED-MET,0.001,2300,0.25,0.575,1.725,reference_density_screening_properties,assay required
BMG-00749,MAT-IR,MED-MET,0.001,2300,0.5,1.15,1.15,reference_density_screening_properties,assay required
BMG-00750,MAT-IR,MED-ANT,0.001,1500,0.001,0.0015,1.4985,reference_density_screening_properties,assay required
BMG-00751,MAT-IR,MED-ANT,0.001,1500,0.005,0.0075,1.4925,reference_density_screening_properties,assay required
BMG-00752,MAT-IR,MED-ANT,0.001,1500,0.01,0.015,1.485,reference_density_screening_properties,assay required
BMG-00753,MAT-IR,MED-ANT,0.001,1500,0.05,0.075,1.425,reference_density_screening_properties,assay required
BMG-00754,MAT-IR,MED-ANT,0.001,1500,0.1,0.15,1.35,reference_density_screening_properties,assay required
BMG-00755,MAT-IR,MED-ANT,0.001,1500,0.25,0.375,1.125,reference_density_screening_properties,assay required
BMG-00756,MAT-IR,MED-ANT,0.001,1500,0.5,0.75,0.75,reference_density_screening_properties,assay required
BMG-00757,MAT-IR,MED-GLS,0.001,1550,0.001,0.00155,1.54845,reference_density_screening_properties,assay required
BMG-00758,MAT-IR,MED-GLS,0.001,1550,0.005,0.00775,1.54225,reference_density_screening_properties,assay required
BMG-00759,MAT-IR,MED-GLS,0.001,1550,0.01,0.0155,1.5345,reference_density_screening_properties,assay required
BMG-00760,MAT-IR,MED-GLS,0.001,1550,0.05,0.0775,1.4725,reference_density_screening_properties,assay required
BMG-00761,MAT-IR,MED-GLS,0.001,1550,0.1,0.155,1.395,reference_density_screening_properties,assay required
BMG-00762,MAT-IR,MED-GLS,0.001,1550,0.25,0.3875,1.1625,reference_density_screening_properties,assay required
BMG-00763,MAT-IR,MED-GLS,0.001,1550,0.5,0.775,0.775,reference_density_screening_properties,assay required
BMG-00764,MAT-IR,MED-ICY,0.001,900,0.001,0.0009,0.8991,reference_density_screening_properties,assay required
BMG-00765,MAT-IR,MED-ICY,0.001,900,0.005,0.0045,0.8955,reference_density_screening_properties,assay required
BMG-00766,MAT-IR,MED-ICY,0.001,900,0.01,0.009,0.891,reference_density_screening_properties,assay required
BMG-00767,MAT-IR,MED-ICY,0.001,900,0.05,0.045,0.855,reference_density_screening_properties,assay required
BMG-00768,MAT-IR,MED-ICY,0.001,900,0.1,0.09,0.81,reference_density_screening_properties,assay required
BMG-00769,MAT-IR,MED-ICY,0.001,900,0.25,0.225,0.675,reference_density_screening_properties,assay required
BMG-00770,MAT-IR,MED-ICY,0.001,900,0.5,0.45,0.45,reference_density_screening_properties,assay required
BMG-00771,MAT-RH,MED-GRV,0.001,1600,0.001,0.0016,1.5984,reference_density_screening_properties,assay required
BMG-00772,MAT-RH,MED-GRV,0.001,1600,0.005,0.008,1.592,reference_density_screening_properties,assay required
BMG-00773,MAT-RH,MED-GRV,0.001,1600,0.01,0.016,1.584,reference_density_screening_properties,assay required
BMG-00774,MAT-RH,MED-GRV,0.001,1600,0.05,0.08,1.52,reference_density_screening_properties,assay required
BMG-00775,MAT-RH,MED-GRV,0.001,1600,0.1,0.16,1.44,reference_density_screening_properties,assay required
BMG-00776,MAT-RH,MED-GRV,0.001,1600,0.25,0.4,1.2,reference_density_screening_properties,assay required
BMG-00777,MAT-RH,MED-GRV,0.001,1600,0.5,0.8,0.8,reference_density_screening_properties,assay required
BMG-00778,MAT-RH,MED-SND,0.001,1650,0.001,0.00165,1.64835,reference_density_screening_properties,assay required
BMG-00779,MAT-RH,MED-SND,0.001,1650,0.005,0.00825,1.64175,reference_density_screening_properties,assay required
BMG-00780,MAT-RH,MED-SND,0.001,1650,0.01,0.0165,1.6335,reference_density_screening_properties,assay required
BMG-00781,MAT-RH,MED-SND,0.001,1650,0.05,0.0825,1.5675,reference_density_screening_properties,assay required
BMG-00782,MAT-RH,MED-SND,0.001,1650,0.1,0.165,1.485,reference_density_screening_properties,assay required
BMG-00783,MAT-RH,MED-SND,0.001,1650,0.25,0.4125,1.2375,reference_density_screening_properties,assay required
BMG-00784,MAT-RH,MED-SND,0.001,1650,0.5,0.825,0.825,reference_density_screening_properties,assay required
BMG-00785,MAT-RH,MED-CLY,0.001,1800,0.001,0.0018,1.7982,reference_density_screening_properties,assay required
BMG-00786,MAT-RH,MED-CLY,0.001,1800,0.005,0.009,1.791,reference_density_screening_properties,assay required
BMG-00787,MAT-RH,MED-CLY,0.001,1800,0.01,0.018,1.782,reference_density_screening_properties,assay required
BMG-00788,MAT-RH,MED-CLY,0.001,1800,0.05,0.09,1.71,reference_density_screening_properties,assay required
BMG-00789,MAT-RH,MED-CLY,0.001,1800,0.1,0.18,1.62,reference_density_screening_properties,assay required
BMG-00790,MAT-RH,MED-CLY,0.001,1800,0.25,0.45,1.35,reference_density_screening_properties,assay required
BMG-00791,MAT-RH,MED-CLY,0.001,1800,0.5,0.9,0.9,reference_density_screening_properties,assay required
BMG-00792,MAT-RH,MED-BCL,0.001,1900,0.001,0.0019,1.8981,reference_density_screening_properties,assay required
BMG-00793,MAT-RH,MED-BCL,0.001,1900,0.005,0.0095,1.8905,reference_density_screening_properties,assay required
BMG-00794,MAT-RH,MED-BCL,0.001,1900,0.01,0.019,1.881,reference_density_screening_properties,assay required
BMG-00795,MAT-RH,MED-BCL,0.001,1900,0.05,0.095,1.805,reference_density_screening_properties,assay required
BMG-00796,MAT-RH,MED-BCL,0.001,1900,0.1,0.19,1.71,reference_density_screening_properties,assay required
BMG-00797,MAT-RH,MED-BCL,0.001,1900,0.25,0.475,1.425,reference_density_screening_properties,assay required
BMG-00798,MAT-RH,MED-BCL,0.001,1900,0.5,0.95,0.95,reference_density_screening_properties,assay required
BMG-00799,MAT-RH,MED-BAS,0.001,1700,0.001,0.0017,1.6983,reference_density_screening_properties,assay required
BMG-00800,MAT-RH,MED-BAS,0.001,1700,0.005,0.0085,1.6915,reference_density_screening_properties,assay required
BMG-00801,MAT-RH,MED-BAS,0.001,1700,0.01,0.017,1.683,reference_density_screening_properties,assay required
BMG-00802,MAT-RH,MED-BAS,0.001,1700,0.05,0.085,1.615,reference_density_screening_properties,assay required
BMG-00803,MAT-RH,MED-BAS,0.001,1700,0.1,0.17,1.53,reference_density_screening_properties,assay required
BMG-00804,MAT-RH,MED-BAS,0.001,1700,0.25,0.425,1.275,reference_density_screening_properties,assay required
BMG-00805,MAT-RH,MED-BAS,0.001,1700,0.5,0.85,0.85,reference_density_screening_properties,assay required
BMG-00806,MAT-RH,MED-CAR,0.001,1300,0.001,0.0013,1.2987,reference_density_screening_properties,assay required
BMG-00807,MAT-RH,MED-CAR,0.001,1300,0.005,0.0065,1.2935,reference_density_screening_properties,assay required
BMG-00808,MAT-RH,MED-CAR,0.001,1300,0.01,0.013,1.287,reference_density_screening_properties,assay required
BMG-00809,MAT-RH,MED-CAR,0.001,1300,0.05,0.065,1.235,reference_density_screening_properties,assay required
BMG-00810,MAT-RH,MED-CAR,0.001,1300,0.1,0.13,1.17,reference_density_screening_properties,assay required
BMG-00811,MAT-RH,MED-CAR,0.001,1300,0.25,0.325,0.975,reference_density_screening_properties,assay required
BMG-00812,MAT-RH,MED-CAR,0.001,1300,0.5,0.65,0.65,reference_density_screening_properties,assay required
BMG-00813,MAT-RH,MED-MET,0.001,2300,0.001,0.0023,2.2977,reference_density_screening_properties,assay required
BMG-00814,MAT-RH,MED-MET,0.001,2300,0.005,0.0115,2.2885,reference_density_screening_properties,assay required
BMG-00815,MAT-RH,MED-MET,0.001,2300,0.01,0.023,2.277,reference_density_screening_properties,assay required
BMG-00816,MAT-RH,MED-MET,0.001,2300,0.05,0.115,2.185,reference_density_screening_properties,assay required
BMG-00817,MAT-RH,MED-MET,0.001,2300,0.1,0.23,2.07,reference_density_screening_properties,assay required
BMG-00818,MAT-RH,MED-MET,0.001,2300,0.25,0.575,1.725,reference_density_screening_properties,assay required
BMG-00819,MAT-RH,MED-MET,0.001,2300,0.5,1.15,1.15,reference_density_screening_properties,assay required
BMG-00820,MAT-RH,MED-ANT,0.001,1500,0.001,0.0015,1.4985,reference_density_screening_properties,assay required
BMG-00821,MAT-RH,MED-ANT,0.001,1500,0.005,0.0075,1.4925,reference_density_screening_properties,assay required
BMG-00822,MAT-RH,MED-ANT,0.001,1500,0.01,0.015,1.485,reference_density_screening_properties,assay required
BMG-00823,MAT-RH,MED-ANT,0.001,1500,0.05,0.075,1.425,reference_density_screening_properties,assay required
BMG-00824,MAT-RH,MED-ANT,0.001,1500,0.1,0.15,1.35,reference_density_screening_properties,assay required
BMG-00825,MAT-RH,MED-ANT,0.001,1500,0.25,0.375,1.125,reference_density_screening_properties,assay required
BMG-00826,MAT-RH,MED-ANT,0.001,1500,0.5,0.75,0.75,reference_density_screening_properties,assay required
BMG-00827,MAT-RH,MED-GLS,0.001,1550,0.001,0.00155,1.54845,reference_density_screening_properties,assay required
BMG-00828,MAT-RH,MED-GLS,0.001,1550,0.005,0.00775,1.54225,reference_density_screening_properties,assay required
BMG-00829,MAT-RH,MED-GLS,0.001,1550,0.01,0.0155,1.5345,reference_density_screening_properties,assay required
BMG-00830,MAT-RH,MED-GLS,0.001,1550,0.05,0.0775,1.4725,reference_density_screening_properties,assay required
BMG-00831,MAT-RH,MED-GLS,0.001,1550,0.1,0.155,1.395,reference_density_screening_properties,assay required
BMG-00832,MAT-RH,MED-GLS,0.001,1550,0.25,0.3875,1.1625,reference_density_screening_properties,assay required
BMG-00833,MAT-RH,MED-GLS,0.001,1550,0.5,0.775,0.775,reference_density_screening_properties,assay required
BMG-00834,MAT-RH,MED-ICY,0.001,900,0.001,0.0009,0.8991,reference_density_screening_properties,assay required
BMG-00835,MAT-RH,MED-ICY,0.001,900,0.005,0.0045,0.8955,reference_density_screening_properties,assay required
BMG-00836,MAT-RH,MED-ICY,0.001,900,0.01,0.009,0.891,reference_density_screening_properties,assay required
BMG-00837,MAT-RH,MED-ICY,0.001,900,0.05,0.045,0.855,reference_density_screening_properties,assay required
BMG-00838,MAT-RH,MED-ICY,0.001,900,0.1,0.09,0.81,reference_density_screening_properties,assay required
BMG-00839,MAT-RH,MED-ICY,0.001,900,0.25,0.225,0.675,reference_density_screening_properties,assay required
BMG-00840,MAT-RH,MED-ICY,0.001,900,0.5,0.45,0.45,reference_density_screening_properties,assay required
BMG-00841,MAT-RU,MED-GRV,0.001,1600,0.001,0.0016,1.5984,reference_density_screening_properties,assay required
BMG-00842,MAT-RU,MED-GRV,0.001,1600,0.005,0.008,1.592,reference_density_screening_properties,assay required
BMG-00843,MAT-RU,MED-GRV,0.001,1600,0.01,0.016,1.584,reference_density_screening_properties,assay required
BMG-00844,MAT-RU,MED-GRV,0.001,1600,0.05,0.08,1.52,reference_density_screening_properties,assay required
BMG-00845,MAT-RU,MED-GRV,0.001,1600,0.1,0.16,1.44,reference_density_screening_properties,assay required
BMG-00846,MAT-RU,MED-GRV,0.001,1600,0.25,0.4,1.2,reference_density_screening_properties,assay required
BMG-00847,MAT-RU,MED-GRV,0.001,1600,0.5,0.8,0.8,reference_density_screening_properties,assay required
BMG-00848,MAT-RU,MED-SND,0.001,1650,0.001,0.00165,1.64835,reference_density_screening_properties,assay required
BMG-00849,MAT-RU,MED-SND,0.001,1650,0.005,0.00825,1.64175,reference_density_screening_properties,assay required
BMG-00850,MAT-RU,MED-SND,0.001,1650,0.01,0.0165,1.6335,reference_density_screening_properties,assay required
BMG-00851,MAT-RU,MED-SND,0.001,1650,0.05,0.0825,1.5675,reference_density_screening_properties,assay required
BMG-00852,MAT-RU,MED-SND,0.001,1650,0.1,0.165,1.485,reference_density_screening_properties,assay required
BMG-00853,MAT-RU,MED-SND,0.001,1650,0.25,0.4125,1.2375,reference_density_screening_properties,assay required
BMG-00854,MAT-RU,MED-SND,0.001,1650,0.5,0.825,0.825,reference_density_screening_properties,assay required
BMG-00855,MAT-RU,MED-CLY,0.001,1800,0.001,0.0018,1.7982,reference_density_screening_properties,assay required
BMG-00856,MAT-RU,MED-CLY,0.001,1800,0.005,0.009,1.791,reference_density_screening_properties,assay required
BMG-00857,MAT-RU,MED-CLY,0.001,1800,0.01,0.018,1.782,reference_density_screening_properties,assay required
BMG-00858,MAT-RU,MED-CLY,0.001,1800,0.05,0.09,1.71,reference_density_screening_properties,assay required
BMG-00859,MAT-RU,MED-CLY,0.001,1800,0.1,0.18,1.62,reference_density_screening_properties,assay required
BMG-00860,MAT-RU,MED-CLY,0.001,1800,0.25,0.45,1.35,reference_density_screening_properties,assay required
BMG-00861,MAT-RU,MED-CLY,0.001,1800,0.5,0.9,0.9,reference_density_screening_properties,assay required
BMG-00862,MAT-RU,MED-BCL,0.001,1900,0.001,0.0019,1.8981,reference_density_screening_properties,assay required
BMG-00863,MAT-RU,MED-BCL,0.001,1900,0.005,0.0095,1.8905,reference_density_screening_properties,assay required
BMG-00864,MAT-RU,MED-BCL,0.001,1900,0.01,0.019,1.881,reference_density_screening_properties,assay required
BMG-00865,MAT-RU,MED-BCL,0.001,1900,0.05,0.095,1.805,reference_density_screening_properties,assay required
BMG-00866,MAT-RU,MED-BCL,0.001,1900,0.1,0.19,1.71,reference_density_screening_properties,assay required
BMG-00867,MAT-RU,MED-BCL,0.001,1900,0.25,0.475,1.425,reference_density_screening_properties,assay required
BMG-00868,MAT-RU,MED-BCL,0.001,1900,0.5,0.95,0.95,reference_density_screening_properties,assay required
BMG-00869,MAT-RU,MED-BAS,0.001,1700,0.001,0.0017,1.6983,reference_density_screening_properties,assay required
BMG-00870,MAT-RU,MED-BAS,0.001,1700,0.005,0.0085,1.6915,reference_density_screening_properties,assay required
BMG-00871,MAT-RU,MED-BAS,0.001,1700,0.01,0.017,1.683,reference_density_screening_properties,assay required
BMG-00872,MAT-RU,MED-BAS,0.001,1700,0.05,0.085,1.615,reference_density_screening_properties,assay required
BMG-00873,MAT-RU,MED-BAS,0.001,1700,0.1,0.17,1.53,reference_density_screening_properties,assay required
BMG-00874,MAT-RU,MED-BAS,0.001,1700,0.25,0.425,1.275,reference_density_screening_properties,assay required
BMG-00875,MAT-RU,MED-BAS,0.001,1700,0.5,0.85,0.85,reference_density_screening_properties,assay required
BMG-00876,MAT-RU,MED-CAR,0.001,1300,0.001,0.0013,1.2987,reference_density_screening_properties,assay required
BMG-00877,MAT-RU,MED-CAR,0.001,1300,0.005,0.0065,1.2935,reference_density_screening_properties,assay required
BMG-00878,MAT-RU,MED-CAR,0.001,1300,0.01,0.013,1.287,reference_density_screening_properties,assay required
BMG-00879,MAT-RU,MED-CAR,0.001,1300,0.05,0.065,1.235,reference_density_screening_properties,assay required
BMG-00880,MAT-RU,MED-CAR,0.001,1300,0.1,0.13,1.17,reference_density_screening_properties,assay required
BMG-00881,MAT-RU,MED-CAR,0.001,1300,0.25,0.325,0.975,reference_density_screening_properties,assay required
BMG-00882,MAT-RU,MED-CAR,0.001,1300,0.5,0.65,0.65,reference_density_screening_properties,assay required
BMG-00883,MAT-RU,MED-MET,0.001,2300,0.001,0.0023,2.2977,reference_density_screening_properties,assay required
BMG-00884,MAT-RU,MED-MET,0.001,2300,0.005,0.0115,2.2885,reference_density_screening_properties,assay required
BMG-00885,MAT-RU,MED-MET,0.001,2300,0.01,0.023,2.277,reference_density_screening_properties,assay required
BMG-00886,MAT-RU,MED-MET,0.001,2300,0.05,0.115,2.185,reference_density_screening_properties,assay required
BMG-00887,MAT-RU,MED-MET,0.001,2300,0.1,0.23,2.07,reference_density_screening_properties,assay required
BMG-00888,MAT-RU,MED-MET,0.001,2300,0.25,0.575,1.725,reference_density_screening_properties,assay required
BMG-00889,MAT-RU,MED-MET,0.001,2300,0.5,1.15,1.15,reference_density_screening_properties,assay required
BMG-00890,MAT-RU,MED-ANT,0.001,1500,0.001,0.0015,1.4985,reference_density_screening_properties,assay required
BMG-00891,MAT-RU,MED-ANT,0.001,1500,0.005,0.0075,1.4925,reference_density_screening_properties,assay required
BMG-00892,MAT-RU,MED-ANT,0.001,1500,0.01,0.015,1.485,reference_density_screening_properties,assay required
BMG-00893,MAT-RU,MED-ANT,0.001,1500,0.05,0.075,1.425,reference_density_screening_properties,assay required
BMG-00894,MAT-RU,MED-ANT,0.001,1500,0.1,0.15,1.35,reference_density_screening_properties,assay required
BMG-00895,MAT-RU,MED-ANT,0.001,1500,0.25,0.375,1.125,reference_density_screening_properties,assay required
BMG-00896,MAT-RU,MED-ANT,0.001,1500,0.5,0.75,0.75,reference_density_screening_properties,assay required
BMG-00897,MAT-RU,MED-GLS,0.001,1550,0.001,0.00155,1.54845,reference_density_screening_properties,assay required
BMG-00898,MAT-RU,MED-GLS,0.001,1550,0.005,0.00775,1.54225,reference_density_screening_properties,assay required
BMG-00899,MAT-RU,MED-GLS,0.001,1550,0.01,0.0155,1.5345,reference_density_screening_properties,assay required
BMG-00900,MAT-RU,MED-GLS,0.001,1550,0.05,0.0775,1.4725,reference_density_screening_properties,assay required
BMG-00901,MAT-RU,MED-GLS,0.001,1550,0.1,0.155,1.395,reference_density_screening_properties,assay required
BMG-00902,MAT-RU,MED-GLS,0.001,1550,0.25,0.3875,1.1625,reference_density_screening_properties,assay required
BMG-00903,MAT-RU,MED-GLS,0.001,1550,0.5,0.775,0.775,reference_density_screening_properties,assay required
BMG-00904,MAT-RU,MED-ICY,0.001,900,0.001,0.0009,0.8991,reference_density_screening_properties,assay required
BMG-00905,MAT-RU,MED-ICY,0.001,900,0.005,0.0045,0.8955,reference_density_screening_properties,assay required
BMG-00906,MAT-RU,MED-ICY,0.001,900,0.01,0.009,0.891,reference_density_screening_properties,assay required
BMG-00907,MAT-RU,MED-ICY,0.001,900,0.05,0.045,0.855,reference_density_screening_properties,assay required
BMG-00908,MAT-RU,MED-ICY,0.001,900,0.1,0.09,0.81,reference_density_screening_properties,assay required
BMG-00909,MAT-RU,MED-ICY,0.001,900,0.25,0.225,0.675,reference_density_screening_properties,assay required
BMG-00910,MAT-RU,MED-ICY,0.001,900,0.5,0.45,0.45,reference_density_screening_properties,assay required
BMG-00911,MAT-OS,MED-GRV,0.001,1600,0.001,0.0016,1.5984,reference_density_screening_properties,assay and toxicity controls required
BMG-00912,MAT-OS,MED-GRV,0.001,1600,0.005,0.008,1.592,reference_density_screening_properties,assay and toxicity controls required
BMG-00913,MAT-OS,MED-GRV,0.001,1600,0.01,0.016,1.584,reference_density_screening_properties,assay and toxicity controls required
BMG-00914,MAT-OS,MED-GRV,0.001,1600,0.05,0.08,1.52,reference_density_screening_properties,assay and toxicity controls required
BMG-00915,MAT-OS,MED-GRV,0.001,1600,0.1,0.16,1.44,reference_density_screening_properties,assay and toxicity controls required
BMG-00916,MAT-OS,MED-GRV,0.001,1600,0.25,0.4,1.2,reference_density_screening_properties,assay and toxicity controls required
BMG-00917,MAT-OS,MED-GRV,0.001,1600,0.5,0.8,0.8,reference_density_screening_properties,assay and toxicity controls required
BMG-00918,MAT-OS,MED-SND,0.001,1650,0.001,0.00165,1.64835,reference_density_screening_properties,assay and toxicity controls required
BMG-00919,MAT-OS,MED-SND,0.001,1650,0.005,0.00825,1.64175,reference_density_screening_properties,assay and toxicity controls required
BMG-00920,MAT-OS,MED-SND,0.001,1650,0.01,0.0165,1.6335,reference_density_screening_properties,assay and toxicity controls required
BMG-00921,MAT-OS,MED-SND,0.001,1650,0.05,0.0825,1.5675,reference_density_screening_properties,assay and toxicity controls required
BMG-00922,MAT-OS,MED-SND,0.001,1650,0.1,0.165,1.485,reference_density_screening_properties,assay and toxicity controls required
BMG-00923,MAT-OS,MED-SND,0.001,1650,0.25,0.4125,1.2375,reference_density_screening_properties,assay and toxicity controls required
BMG-00924,MAT-OS,MED-SND,0.001,1650,0.5,0.825,0.825,reference_density_screening_properties,assay and toxicity controls required
BMG-00925,MAT-OS,MED-CLY,0.001,1800,0.001,0.0018,1.7982,reference_density_screening_properties,assay and toxicity controls required
BMG-00926,MAT-OS,MED-CLY,0.001,1800,0.005,0.009,1.791,reference_density_screening_properties,assay and toxicity controls required
BMG-00927,MAT-OS,MED-CLY,0.001,1800,0.01,0.018,1.782,reference_density_screening_properties,assay and toxicity controls required
BMG-00928,MAT-OS,MED-CLY,0.001,1800,0.05,0.09,1.71,reference_density_screening_properties,assay and toxicity controls required
BMG-00929,MAT-OS,MED-CLY,0.001,1800,0.1,0.18,1.62,reference_density_screening_properties,assay and toxicity controls required
BMG-00930,MAT-OS,MED-CLY,0.001,1800,0.25,0.45,1.35,reference_density_screening_properties,assay and toxicity controls required
BMG-00931,MAT-OS,MED-CLY,0.001,1800,0.5,0.9,0.9,reference_density_screening_properties,assay and toxicity controls required
BMG-00932,MAT-OS,MED-BCL,0.001,1900,0.001,0.0019,1.8981,reference_density_screening_properties,assay and toxicity controls required
BMG-00933,MAT-OS,MED-BCL,0.001,1900,0.005,0.0095,1.8905,reference_density_screening_properties,assay and toxicity controls required
BMG-00934,MAT-OS,MED-BCL,0.001,1900,0.01,0.019,1.881,reference_density_screening_properties,assay and toxicity controls required
BMG-00935,MAT-OS,MED-BCL,0.001,1900,0.05,0.095,1.805,reference_density_screening_properties,assay and toxicity controls required
BMG-00936,MAT-OS,MED-BCL,0.001,1900,0.1,0.19,1.71,reference_density_screening_properties,assay and toxicity controls required
BMG-00937,MAT-OS,MED-BCL,0.001,1900,0.25,0.475,1.425,reference_density_screening_properties,assay and toxicity controls required
BMG-00938,MAT-OS,MED-BCL,0.001,1900,0.5,0.95,0.95,reference_density_screening_properties,assay and toxicity controls required
BMG-00939,MAT-OS,MED-BAS,0.001,1700,0.001,0.0017,1.6983,reference_density_screening_properties,assay and toxicity controls required
BMG-00940,MAT-OS,MED-BAS,0.001,1700,0.005,0.0085,1.6915,reference_density_screening_properties,assay and toxicity controls required
BMG-00941,MAT-OS,MED-BAS,0.001,1700,0.01,0.017,1.683,reference_density_screening_properties,assay and toxicity controls required
BMG-00942,MAT-OS,MED-BAS,0.001,1700,0.05,0.085,1.615,reference_density_screening_properties,assay and toxicity controls required
BMG-00943,MAT-OS,MED-BAS,0.001,1700,0.1,0.17,1.53,reference_density_screening_properties,assay and toxicity controls required
BMG-00944,MAT-OS,MED-BAS,0.001,1700,0.25,0.425,1.275,reference_density_screening_properties,assay and toxicity controls required
BMG-00945,MAT-OS,MED-BAS,0.001,1700,0.5,0.85,0.85,reference_density_screening_properties,assay and toxicity controls required
BMG-00946,MAT-OS,MED-CAR,0.001,1300,0.001,0.0013,1.2987,reference_density_screening_properties,assay and toxicity controls required
BMG-00947,MAT-OS,MED-CAR,0.001,1300,0.005,0.0065,1.2935,reference_density_screening_properties,assay and toxicity controls required
BMG-00948,MAT-OS,MED-CAR,0.001,1300,0.01,0.013,1.287,reference_density_screening_properties,assay and toxicity controls required
BMG-00949,MAT-OS,MED-CAR,0.001,1300,0.05,0.065,1.235,reference_density_screening_properties,assay and toxicity controls required
BMG-00950,MAT-OS,MED-CAR,0.001,1300,0.1,0.13,1.17,reference_density_screening_properties,assay and toxicity controls required
BMG-00951,MAT-OS,MED-CAR,0.001,1300,0.25,0.325,0.975,reference_density_screening_properties,assay and toxicity controls required
BMG-00952,MAT-OS,MED-CAR,0.001,1300,0.5,0.65,0.65,reference_density_screening_properties,assay and toxicity controls required
BMG-00953,MAT-OS,MED-MET,0.001,2300,0.001,0.0023,2.2977,reference_density_screening_properties,assay and toxicity controls required
BMG-00954,MAT-OS,MED-MET,0.001,2300,0.005,0.0115,2.2885,reference_density_screening_properties,assay and toxicity controls required
BMG-00955,MAT-OS,MED-MET,0.001,2300,0.01,0.023,2.277,reference_density_screening_properties,assay and toxicity controls required
BMG-00956,MAT-OS,MED-MET,0.001,2300,0.05,0.115,2.185,reference_density_screening_properties,assay and toxicity controls required
BMG-00957,MAT-OS,MED-MET,0.001,2300,0.1,0.23,2.07,reference_density_screening_properties,assay and toxicity controls required
BMG-00958,MAT-OS,MED-MET,0.001,2300,0.25,0.575,1.725,reference_density_screening_properties,assay and toxicity controls required
BMG-00959,MAT-OS,MED-MET,0.001,2300,0.5,1.15,1.15,reference_density_screening_properties,assay and toxicity controls required
BMG-00960,MAT-OS,MED-ANT,0.001,1500,0.001,0.0015,1.4985,reference_density_screening_properties,assay and toxicity controls required
BMG-00961,MAT-OS,MED-ANT,0.001,1500,0.005,0.0075,1.4925,reference_density_screening_properties,assay and toxicity controls required
BMG-00962,MAT-OS,MED-ANT,0.001,1500,0.01,0.015,1.485,reference_density_screening_properties,assay and toxicity controls required
BMG-00963,MAT-OS,MED-ANT,0.001,1500,0.05,0.075,1.425,reference_density_screening_properties,assay and toxicity controls required
BMG-00964,MAT-OS,MED-ANT,0.001,1500,0.1,0.15,1.35,reference_density_screening_properties,assay and toxicity controls required
BMG-00965,MAT-OS,MED-ANT,0.001,1500,0.25,0.375,1.125,reference_density_screening_properties,assay and toxicity controls required
BMG-00966,MAT-OS,MED-ANT,0.001,1500,0.5,0.75,0.75,reference_density_screening_properties,assay and toxicity controls required
BMG-00967,MAT-OS,MED-GLS,0.001,1550,0.001,0.00155,1.54845,reference_density_screening_properties,assay and toxicity controls required
BMG-00968,MAT-OS,MED-GLS,0.001,1550,0.005,0.00775,1.54225,reference_density_screening_properties,assay and toxicity controls required
BMG-00969,MAT-OS,MED-GLS,0.001,1550,0.01,0.0155,1.5345,reference_density_screening_properties,assay and toxicity controls required
BMG-00970,MAT-OS,MED-GLS,0.001,1550,0.05,0.0775,1.4725,reference_density_screening_properties,assay and toxicity controls required
BMG-00971,MAT-OS,MED-GLS,0.001,1550,0.1,0.155,1.395,reference_density_screening_properties,assay and toxicity controls required
BMG-00972,MAT-OS,MED-GLS,0.001,1550,0.25,0.3875,1.1625,reference_density_screening_properties,assay and toxicity controls required
BMG-00973,MAT-OS,MED-GLS,0.001,1550,0.5,0.775,0.775,reference_density_screening_properties,assay and toxicity controls required
BMG-00974,MAT-OS,MED-ICY,0.001,900,0.001,0.0009,0.8991,reference_density_screening_properties,assay and toxicity controls required
BMG-00975,MAT-OS,MED-ICY,0.001,900,0.005,0.0045,0.8955,reference_density_screening_properties,assay and toxicity controls required
BMG-00976,MAT-OS,MED-ICY,0.001,900,0.01,0.009,0.891,reference_density_screening_properties,assay and toxicity controls required
BMG-00977,MAT-OS,MED-ICY,0.001,900,0.05,0.045,0.855,reference_density_screening_properties,assay and toxicity controls required
BMG-00978,MAT-OS,MED-ICY,0.001,900,0.1,0.09,0.81,reference_density_screening_properties,assay and toxicity controls required
BMG-00979,MAT-OS,MED-ICY,0.001,900,0.25,0.225,0.675,reference_density_screening_properties,assay and toxicity controls required
BMG-00980,MAT-OS,MED-ICY,0.001,900,0.5,0.45,0.45,reference_density_screening_properties,assay and toxicity controls required
BMG-00981,MAT-AL,MED-GRV,0.001,1600,0.001,0.0016,1.5984,reference_density_screening_properties,mineral-bound Al is not elemental Al
BMG-00982,MAT-AL,MED-GRV,0.001,1600,0.005,0.008,1.592,reference_density_screening_properties,mineral-bound Al is not elemental Al
BMG-00983,MAT-AL,MED-GRV,0.001,1600,0.01,0.016,1.584,reference_density_screening_properties,mineral-bound Al is not elemental Al
BMG-00984,MAT-AL,MED-GRV,0.001,1600,0.05,0.08,1.52,reference_density_screening_properties,mineral-bound Al is not elemental Al
BMG-00985,MAT-AL,MED-GRV,0.001,1600,0.1,0.16,1.44,reference_density_screening_properties,mineral-bound Al is not elemental Al
BMG-00986,MAT-AL,MED-GRV,0.001,1600,0.25,0.4,1.2,reference_density_screening_properties,mineral-bound Al is not elemental Al
BMG-00987,MAT-AL,MED-GRV,0.001,1600,0.5,0.8,0.8,reference_density_screening_properties,mineral-bound Al is not elemental Al
BMG-00988,MAT-AL,MED-SND,0.001,1650,0.001,0.00165,1.64835,reference_density_screening_properties,mineral-bound Al is not elemental Al
BMG-00989,MAT-AL,MED-SND,0.001,1650,0.005,0.00825,1.64175,reference_density_screening_properties,mineral-bound Al is not elemental Al
BMG-00990,MAT-AL,MED-SND,0.001,1650,0.01,0.0165,1.6335,reference_density_screening_properties,mineral-bound Al is not elemental Al
BMG-00991,MAT-AL,MED-SND,0.001,1650,0.05,0.0825,1.5675,reference_density_screening_properties,mineral-bound Al is not elemental Al
BMG-00992,MAT-AL,MED-SND,0.001,1650,0.1,0.165,1.485,reference_density_screening_properties,mineral-bound Al is not elemental Al
BMG-00993,MAT-AL,MED-SND,0.001,1650,0.25,0.4125,1.2375,reference_density_screening_properties,mineral-bound Al is not elemental Al
BMG-00994,MAT-AL,MED-SND,0.001,1650,0.5,0.825,0.825,reference_density_screening_properties,mineral-bound Al is not elemental Al
BMG-00995,MAT-AL,MED-CLY,0.001,1800,0.001,0.0018,1.7982,reference_density_screening_properties,mineral-bound Al is not elemental Al
BMG-00996,MAT-AL,MED-CLY,0.001,1800,0.005,0.009,1.791,reference_density_screening_properties,mineral-bound Al is not elemental Al
BMG-00997,MAT-AL,MED-CLY,0.001,1800,0.01,0.018,1.782,reference_density_screening_properties,mineral-bound Al is not elemental Al
BMG-00998,MAT-AL,MED-CLY,0.001,1800,0.05,0.09,1.71,reference_density_screening_properties,mineral-bound Al is not elemental Al
BMG-00999,MAT-AL,MED-CLY,0.001,1800,0.1,0.18,1.62,reference_density_screening_properties,mineral-bound Al is not elemental Al
BMG-01000,MAT-AL,MED-CLY,0.001,1800,0.25,0.45,1.35,reference_density_screening_properties,mineral-bound Al is not elemental Al
BMG-01001,MAT-AL,MED-CLY,0.001,1800,0.5,0.9,0.9,reference_density_screening_properties,mineral-bound Al is not elemental Al
BMG-01002,MAT-AL,MED-BCL,0.001,1900,0.001,0.0019,1.8981,reference_density_screening_properties,mineral-bound Al is not elemental Al
BMG-01003,MAT-AL,MED-BCL,0.001,1900,0.005,0.0095,1.8905,reference_density_screening_properties,mineral-bound Al is not elemental Al
BMG-01004,MAT-AL,MED-BCL,0.001,1900,0.01,0.019,1.881,reference_density_screening_properties,mineral-bound Al is not elemental Al
BMG-01005,MAT-AL,MED-BCL,0.001,1900,0.05,0.095,1.805,reference_density_screening_properties,mineral-bound Al is not elemental Al
BMG-01006,MAT-AL,MED-BCL,0.001,1900,0.1,0.19,1.71,reference_density_screening_properties,mineral-bound Al is not elemental Al
BMG-01007,MAT-AL,MED-BCL,0.001,1900,0.25,0.475,1.425,reference_density_screening_properties,mineral-bound Al is not elemental Al
BMG-01008,MAT-AL,MED-BCL,0.001,1900,0.5,0.95,0.95,reference_density_screening_properties,mineral-bound Al is not elemental Al
BMG-01009,MAT-AL,MED-BAS,0.001,1700,0.001,0.0017,1.6983,reference_density_screening_properties,mineral-bound Al is not elemental Al
BMG-01010,MAT-AL,MED-BAS,0.001,1700,0.005,0.0085,1.6915,reference_density_screening_properties,mineral-bound Al is not elemental Al
BMG-01011,MAT-AL,MED-BAS,0.001,1700,0.01,0.017,1.683,reference_density_screening_properties,mineral-bound Al is not elemental Al
BMG-01012,MAT-AL,MED-BAS,0.001,1700,0.05,0.085,1.615,reference_density_screening_properties,mineral-bound Al is not elemental Al
BMG-01013,MAT-AL,MED-BAS,0.001,1700,0.1,0.17,1.53,reference_density_screening_properties,mineral-bound Al is not elemental Al
BMG-01014,MAT-AL,MED-BAS,0.001,1700,0.25,0.425,1.275,reference_density_screening_properties,mineral-bound Al is not elemental Al
BMG-01015,MAT-AL,MED-BAS,0.001,1700,0.5,0.85,0.85,reference_density_screening_properties,mineral-bound Al is not elemental Al
BMG-01016,MAT-AL,MED-CAR,0.001,1300,0.001,0.0013,1.2987,reference_density_screening_properties,mineral-bound Al is not elemental Al
BMG-01017,MAT-AL,MED-CAR,0.001,1300,0.005,0.0065,1.2935,reference_density_screening_properties,mineral-bound Al is not elemental Al
BMG-01018,MAT-AL,MED-CAR,0.001,1300,0.01,0.013,1.287,reference_density_screening_properties,mineral-bound Al is not elemental Al
BMG-01019,MAT-AL,MED-CAR,0.001,1300,0.05,0.065,1.235,reference_density_screening_properties,mineral-bound Al is not elemental Al
BMG-01020,MAT-AL,MED-CAR,0.001,1300,0.1,0.13,1.17,reference_density_screening_properties,mineral-bound Al is not elemental Al
BMG-01021,MAT-AL,MED-CAR,0.001,1300,0.25,0.325,0.975,reference_density_screening_properties,mineral-bound Al is not elemental Al
BMG-01022,MAT-AL,MED-CAR,0.001,1300,0.5,0.65,0.65,reference_density_screening_properties,mineral-bound Al is not elemental Al
BMG-01023,MAT-AL,MED-MET,0.001,2300,0.001,0.0023,2.2977,reference_density_screening_properties,mineral-bound Al is not elemental Al
BMG-01024,MAT-AL,MED-MET,0.001,2300,0.005,0.0115,2.2885,reference_density_screening_properties,mineral-bound Al is not elemental Al
BMG-01025,MAT-AL,MED-MET,0.001,2300,0.01,0.023,2.277,reference_density_screening_properties,mineral-bound Al is not elemental Al
BMG-01026,MAT-AL,MED-MET,0.001,2300,0.05,0.115,2.185,reference_density_screening_properties,mineral-bound Al is not elemental Al
BMG-01027,MAT-AL,MED-MET,0.001,2300,0.1,0.23,2.07,reference_density_screening_properties,mineral-bound Al is not elemental Al
BMG-01028,MAT-AL,MED-MET,0.001,2300,0.25,0.575,1.725,reference_density_screening_properties,mineral-bound Al is not elemental Al
BMG-01029,MAT-AL,MED-MET,0.001,2300,0.5,1.15,1.15,reference_density_screening_properties,mineral-bound Al is not elemental Al
BMG-01030,MAT-AL,MED-ANT,0.001,1500,0.001,0.0015,1.4985,reference_density_screening_properties,mineral-bound Al is not elemental Al
BMG-01031,MAT-AL,MED-ANT,0.001,1500,0.005,0.0075,1.4925,reference_density_screening_properties,mineral-bound Al is not elemental Al
BMG-01032,MAT-AL,MED-ANT,0.001,1500,0.01,0.015,1.485,reference_density_screening_properties,mineral-bound Al is not elemental Al
BMG-01033,MAT-AL,MED-ANT,0.001,1500,0.05,0.075,1.425,reference_density_screening_properties,mineral-bound Al is not elemental Al
BMG-01034,MAT-AL,MED-ANT,0.001,1500,0.1,0.15,1.35,reference_density_screening_properties,mineral-bound Al is not elemental Al
BMG-01035,MAT-AL,MED-ANT,0.001,1500,0.25,0.375,1.125,reference_density_screening_properties,mineral-bound Al is not elemental Al
BMG-01036,MAT-AL,MED-ANT,0.001,1500,0.5,0.75,0.75,reference_density_screening_properties,mineral-bound Al is not elemental Al
BMG-01037,MAT-AL,MED-GLS,0.001,1550,0.001,0.00155,1.54845,reference_density_screening_properties,mineral-bound Al is not elemental Al
BMG-01038,MAT-AL,MED-GLS,0.001,1550,0.005,0.00775,1.54225,reference_density_screening_properties,mineral-bound Al is not elemental Al
BMG-01039,MAT-AL,MED-GLS,0.001,1550,0.01,0.0155,1.5345,reference_density_screening_properties,mineral-bound Al is not elemental Al
BMG-01040,MAT-AL,MED-GLS,0.001,1550,0.05,0.0775,1.4725,reference_density_screening_properties,mineral-bound Al is not elemental Al
BMG-01041,MAT-AL,MED-GLS,0.001,1550,0.1,0.155,1.395,reference_density_screening_properties,mineral-bound Al is not elemental Al
BMG-01042,MAT-AL,MED-GLS,0.001,1550,0.25,0.3875,1.1625,reference_density_screening_properties,mineral-bound Al is not elemental Al
BMG-01043,MAT-AL,MED-GLS,0.001,1550,0.5,0.775,0.775,reference_density_screening_properties,mineral-bound Al is not elemental Al
BMG-01044,MAT-AL,MED-ICY,0.001,900,0.001,0.0009,0.8991,reference_density_screening_properties,mineral-bound Al is not elemental Al
BMG-01045,MAT-AL,MED-ICY,0.001,900,0.005,0.0045,0.8955,reference_density_screening_properties,mineral-bound Al is not elemental Al
BMG-01046,MAT-AL,MED-ICY,0.001,900,0.01,0.009,0.891,reference_density_screening_properties,mineral-bound Al is not elemental Al
BMG-01047,MAT-AL,MED-ICY,0.001,900,0.05,0.045,0.855,reference_density_screening_properties,mineral-bound Al is not elemental Al
BMG-01048,MAT-AL,MED-ICY,0.001,900,0.1,0.09,0.81,reference_density_screening_properties,mineral-bound Al is not elemental Al
BMG-01049,MAT-AL,MED-ICY,0.001,900,0.25,0.225,0.675,reference_density_screening_properties,mineral-bound Al is not elemental Al
BMG-01050,MAT-AL,MED-ICY,0.001,900,0.5,0.45,0.45,reference_density_screening_properties,mineral-bound Al is not elemental Al
BMG-01051,MAT-MG,MED-GRV,0.001,1600,0.001,0.0016,1.5984,reference_density_screening_properties,mineral-bound Mg is not elemental Mg
BMG-01052,MAT-MG,MED-GRV,0.001,1600,0.005,0.008,1.592,reference_density_screening_properties,mineral-bound Mg is not elemental Mg
BMG-01053,MAT-MG,MED-GRV,0.001,1600,0.01,0.016,1.584,reference_density_screening_properties,mineral-bound Mg is not elemental Mg
BMG-01054,MAT-MG,MED-GRV,0.001,1600,0.05,0.08,1.52,reference_density_screening_properties,mineral-bound Mg is not elemental Mg
BMG-01055,MAT-MG,MED-GRV,0.001,1600,0.1,0.16,1.44,reference_density_screening_properties,mineral-bound Mg is not elemental Mg
BMG-01056,MAT-MG,MED-GRV,0.001,1600,0.25,0.4,1.2,reference_density_screening_properties,mineral-bound Mg is not elemental Mg
BMG-01057,MAT-MG,MED-GRV,0.001,1600,0.5,0.8,0.8,reference_density_screening_properties,mineral-bound Mg is not elemental Mg
BMG-01058,MAT-MG,MED-SND,0.001,1650,0.001,0.00165,1.64835,reference_density_screening_properties,mineral-bound Mg is not elemental Mg
BMG-01059,MAT-MG,MED-SND,0.001,1650,0.005,0.00825,1.64175,reference_density_screening_properties,mineral-bound Mg is not elemental Mg
BMG-01060,MAT-MG,MED-SND,0.001,1650,0.01,0.0165,1.6335,reference_density_screening_properties,mineral-bound Mg is not elemental Mg
BMG-01061,MAT-MG,MED-SND,0.001,1650,0.05,0.0825,1.5675,reference_density_screening_properties,mineral-bound Mg is not elemental Mg
BMG-01062,MAT-MG,MED-SND,0.001,1650,0.1,0.165,1.485,reference_density_screening_properties,mineral-bound Mg is not elemental Mg
BMG-01063,MAT-MG,MED-SND,0.001,1650,0.25,0.4125,1.2375,reference_density_screening_properties,mineral-bound Mg is not elemental Mg
BMG-01064,MAT-MG,MED-SND,0.001,1650,0.5,0.825,0.825,reference_density_screening_properties,mineral-bound Mg is not elemental Mg
BMG-01065,MAT-MG,MED-CLY,0.001,1800,0.001,0.0018,1.7982,reference_density_screening_properties,mineral-bound Mg is not elemental Mg
BMG-01066,MAT-MG,MED-CLY,0.001,1800,0.005,0.009,1.791,reference_density_screening_properties,mineral-bound Mg is not elemental Mg
BMG-01067,MAT-MG,MED-CLY,0.001,1800,0.01,0.018,1.782,reference_density_screening_properties,mineral-bound Mg is not elemental Mg
BMG-01068,MAT-MG,MED-CLY,0.001,1800,0.05,0.09,1.71,reference_density_screening_properties,mineral-bound Mg is not elemental Mg
BMG-01069,MAT-MG,MED-CLY,0.001,1800,0.1,0.18,1.62,reference_density_screening_properties,mineral-bound Mg is not elemental Mg
BMG-01070,MAT-MG,MED-CLY,0.001,1800,0.25,0.45,1.35,reference_density_screening_properties,mineral-bound Mg is not elemental Mg
BMG-01071,MAT-MG,MED-CLY,0.001,1800,0.5,0.9,0.9,reference_density_screening_properties,mineral-bound Mg is not elemental Mg
BMG-01072,MAT-MG,MED-BCL,0.001,1900,0.001,0.0019,1.8981,reference_density_screening_properties,mineral-bound Mg is not elemental Mg
BMG-01073,MAT-MG,MED-BCL,0.001,1900,0.005,0.0095,1.8905,reference_density_screening_properties,mineral-bound Mg is not elemental Mg
BMG-01074,MAT-MG,MED-BCL,0.001,1900,0.01,0.019,1.881,reference_density_screening_properties,mineral-bound Mg is not elemental Mg
BMG-01075,MAT-MG,MED-BCL,0.001,1900,0.05,0.095,1.805,reference_density_screening_properties,mineral-bound Mg is not elemental Mg
BMG-01076,MAT-MG,MED-BCL,0.001,1900,0.1,0.19,1.71,reference_density_screening_properties,mineral-bound Mg is not elemental Mg
BMG-01077,MAT-MG,MED-BCL,0.001,1900,0.25,0.475,1.425,reference_density_screening_properties,mineral-bound Mg is not elemental Mg
BMG-01078,MAT-MG,MED-BCL,0.001,1900,0.5,0.95,0.95,reference_density_screening_properties,mineral-bound Mg is not elemental Mg
BMG-01079,MAT-MG,MED-BAS,0.001,1700,0.001,0.0017,1.6983,reference_density_screening_properties,mineral-bound Mg is not elemental Mg
BMG-01080,MAT-MG,MED-BAS,0.001,1700,0.005,0.0085,1.6915,reference_density_screening_properties,mineral-bound Mg is not elemental Mg
BMG-01081,MAT-MG,MED-BAS,0.001,1700,0.01,0.017,1.683,reference_density_screening_properties,mineral-bound Mg is not elemental Mg
BMG-01082,MAT-MG,MED-BAS,0.001,1700,0.05,0.085,1.615,reference_density_screening_properties,mineral-bound Mg is not elemental Mg
BMG-01083,MAT-MG,MED-BAS,0.001,1700,0.1,0.17,1.53,reference_density_screening_properties,mineral-bound Mg is not elemental Mg
BMG-01084,MAT-MG,MED-BAS,0.001,1700,0.25,0.425,1.275,reference_density_screening_properties,mineral-bound Mg is not elemental Mg
BMG-01085,MAT-MG,MED-BAS,0.001,1700,0.5,0.85,0.85,reference_density_screening_properties,mineral-bound Mg is not elemental Mg
BMG-01086,MAT-MG,MED-CAR,0.001,1300,0.001,0.0013,1.2987,reference_density_screening_properties,mineral-bound Mg is not elemental Mg
BMG-01087,MAT-MG,MED-CAR,0.001,1300,0.005,0.0065,1.2935,reference_density_screening_properties,mineral-bound Mg is not elemental Mg
BMG-01088,MAT-MG,MED-CAR,0.001,1300,0.01,0.013,1.287,reference_density_screening_properties,mineral-bound Mg is not elemental Mg
BMG-01089,MAT-MG,MED-CAR,0.001,1300,0.05,0.065,1.235,reference_density_screening_properties,mineral-bound Mg is not elemental Mg
BMG-01090,MAT-MG,MED-CAR,0.001,1300,0.1,0.13,1.17,reference_density_screening_properties,mineral-bound Mg is not elemental Mg
BMG-01091,MAT-MG,MED-CAR,0.001,1300,0.25,0.325,0.975,reference_density_screening_properties,mineral-bound Mg is not elemental Mg
BMG-01092,MAT-MG,MED-CAR,0.001,1300,0.5,0.65,0.65,reference_density_screening_properties,mineral-bound Mg is not elemental Mg
BMG-01093,MAT-MG,MED-MET,0.001,2300,0.001,0.0023,2.2977,reference_density_screening_properties,mineral-bound Mg is not elemental Mg
BMG-01094,MAT-MG,MED-MET,0.001,2300,0.005,0.0115,2.2885,reference_density_screening_properties,mineral-bound Mg is not elemental Mg
BMG-01095,MAT-MG,MED-MET,0.001,2300,0.01,0.023,2.277,reference_density_screening_properties,mineral-bound Mg is not elemental Mg
BMG-01096,MAT-MG,MED-MET,0.001,2300,0.05,0.115,2.185,reference_density_screening_properties,mineral-bound Mg is not elemental Mg
BMG-01097,MAT-MG,MED-MET,0.001,2300,0.1,0.23,2.07,reference_density_screening_properties,mineral-bound Mg is not elemental Mg
BMG-01098,MAT-MG,MED-MET,0.001,2300,0.25,0.575,1.725,reference_density_screening_properties,mineral-bound Mg is not elemental Mg
BMG-01099,MAT-MG,MED-MET,0.001,2300,0.5,1.15,1.15,reference_density_screening_properties,mineral-bound Mg is not elemental Mg
BMG-01100,MAT-MG,MED-ANT,0.001,1500,0.001,0.0015,1.4985,reference_density_screening_properties,mineral-bound Mg is not elemental Mg
BMG-01101,MAT-MG,MED-ANT,0.001,1500,0.005,0.0075,1.4925,reference_density_screening_properties,mineral-bound Mg is not elemental Mg
BMG-01102,MAT-MG,MED-ANT,0.001,1500,0.01,0.015,1.485,reference_density_screening_properties,mineral-bound Mg is not elemental Mg
BMG-01103,MAT-MG,MED-ANT,0.001,1500,0.05,0.075,1.425,reference_density_screening_properties,mineral-bound Mg is not elemental Mg
BMG-01104,MAT-MG,MED-ANT,0.001,1500,0.1,0.15,1.35,reference_density_screening_properties,mineral-bound Mg is not elemental Mg
BMG-01105,MAT-MG,MED-ANT,0.001,1500,0.25,0.375,1.125,reference_density_screening_properties,mineral-bound Mg is not elemental Mg
BMG-01106,MAT-MG,MED-ANT,0.001,1500,0.5,0.75,0.75,reference_density_screening_properties,mineral-bound Mg is not elemental Mg
BMG-01107,MAT-MG,MED-GLS,0.001,1550,0.001,0.00155,1.54845,reference_density_screening_properties,mineral-bound Mg is not elemental Mg
BMG-01108,MAT-MG,MED-GLS,0.001,1550,0.005,0.00775,1.54225,reference_density_screening_properties,mineral-bound Mg is not elemental Mg
BMG-01109,MAT-MG,MED-GLS,0.001,1550,0.01,0.0155,1.5345,reference_density_screening_properties,mineral-bound Mg is not elemental Mg
BMG-01110,MAT-MG,MED-GLS,0.001,1550,0.05,0.0775,1.4725,reference_density_screening_properties,mineral-bound Mg is not elemental Mg
BMG-01111,MAT-MG,MED-GLS,0.001,1550,0.1,0.155,1.395,reference_density_screening_properties,mineral-bound Mg is not elemental Mg
BMG-01112,MAT-MG,MED-GLS,0.001,1550,0.25,0.3875,1.1625,reference_density_screening_properties,mineral-bound Mg is not elemental Mg
BMG-01113,MAT-MG,MED-GLS,0.001,1550,0.5,0.775,0.775,reference_density_screening_properties,mineral-bound Mg is not elemental Mg
BMG-01114,MAT-MG,MED-ICY,0.001,900,0.001,0.0009,0.8991,reference_density_screening_properties,mineral-bound Mg is not elemental Mg
BMG-01115,MAT-MG,MED-ICY,0.001,900,0.005,0.0045,0.8955,reference_density_screening_properties,mineral-bound Mg is not elemental Mg
BMG-01116,MAT-MG,MED-ICY,0.001,900,0.01,0.009,0.891,reference_density_screening_properties,mineral-bound Mg is not elemental Mg
BMG-01117,MAT-MG,MED-ICY,0.001,900,0.05,0.045,0.855,reference_density_screening_properties,mineral-bound Mg is not elemental Mg
BMG-01118,MAT-MG,MED-ICY,0.001,900,0.1,0.09,0.81,reference_density_screening_properties,mineral-bound Mg is not elemental Mg
BMG-01119,MAT-MG,MED-ICY,0.001,900,0.25,0.225,0.675,reference_density_screening_properties,mineral-bound Mg is not elemental Mg
BMG-01120,MAT-MG,MED-ICY,0.001,900,0.5,0.45,0.45,reference_density_screening_properties,mineral-bound Mg is not elemental Mg
BMG-01121,MAT-TI,MED-GRV,0.001,1600,0.001,0.0016,1.5984,reference_density_screening_properties,phase and oxidation state required
BMG-01122,MAT-TI,MED-GRV,0.001,1600,0.005,0.008,1.592,reference_density_screening_properties,phase and oxidation state required
BMG-01123,MAT-TI,MED-GRV,0.001,1600,0.01,0.016,1.584,reference_density_screening_properties,phase and oxidation state required
BMG-01124,MAT-TI,MED-GRV,0.001,1600,0.05,0.08,1.52,reference_density_screening_properties,phase and oxidation state required
BMG-01125,MAT-TI,MED-GRV,0.001,1600,0.1,0.16,1.44,reference_density_screening_properties,phase and oxidation state required
BMG-01126,MAT-TI,MED-GRV,0.001,1600,0.25,0.4,1.2,reference_density_screening_properties,phase and oxidation state required
BMG-01127,MAT-TI,MED-GRV,0.001,1600,0.5,0.8,0.8,reference_density_screening_properties,phase and oxidation state required
BMG-01128,MAT-TI,MED-SND,0.001,1650,0.001,0.00165,1.64835,reference_density_screening_properties,phase and oxidation state required
BMG-01129,MAT-TI,MED-SND,0.001,1650,0.005,0.00825,1.64175,reference_density_screening_properties,phase and oxidation state required
BMG-01130,MAT-TI,MED-SND,0.001,1650,0.01,0.0165,1.6335,reference_density_screening_properties,phase and oxidation state required
BMG-01131,MAT-TI,MED-SND,0.001,1650,0.05,0.0825,1.5675,reference_density_screening_properties,phase and oxidation state required
BMG-01132,MAT-TI,MED-SND,0.001,1650,0.1,0.165,1.485,reference_density_screening_properties,phase and oxidation state required
BMG-01133,MAT-TI,MED-SND,0.001,1650,0.25,0.4125,1.2375,reference_density_screening_properties,phase and oxidation state required
BMG-01134,MAT-TI,MED-SND,0.001,1650,0.5,0.825,0.825,reference_density_screening_properties,phase and oxidation state required
BMG-01135,MAT-TI,MED-CLY,0.001,1800,0.001,0.0018,1.7982,reference_density_screening_properties,phase and oxidation state required
BMG-01136,MAT-TI,MED-CLY,0.001,1800,0.005,0.009,1.791,reference_density_screening_properties,phase and oxidation state required
BMG-01137,MAT-TI,MED-CLY,0.001,1800,0.01,0.018,1.782,reference_density_screening_properties,phase and oxidation state required
BMG-01138,MAT-TI,MED-CLY,0.001,1800,0.05,0.09,1.71,reference_density_screening_properties,phase and oxidation state required
BMG-01139,MAT-TI,MED-CLY,0.001,1800,0.1,0.18,1.62,reference_density_screening_properties,phase and oxidation state required
BMG-01140,MAT-TI,MED-CLY,0.001,1800,0.25,0.45,1.35,reference_density_screening_properties,phase and oxidation state required
BMG-01141,MAT-TI,MED-CLY,0.001,1800,0.5,0.9,0.9,reference_density_screening_properties,phase and oxidation state required
BMG-01142,MAT-TI,MED-BCL,0.001,1900,0.001,0.0019,1.8981,reference_density_screening_properties,phase and oxidation state required
BMG-01143,MAT-TI,MED-BCL,0.001,1900,0.005,0.0095,1.8905,reference_density_screening_properties,phase and oxidation state required
BMG-01144,MAT-TI,MED-BCL,0.001,1900,0.01,0.019,1.881,reference_density_screening_properties,phase and oxidation state required
BMG-01145,MAT-TI,MED-BCL,0.001,1900,0.05,0.095,1.805,reference_density_screening_properties,phase and oxidation state required
BMG-01146,MAT-TI,MED-BCL,0.001,1900,0.1,0.19,1.71,reference_density_screening_properties,phase and oxidation state required
BMG-01147,MAT-TI,MED-BCL,0.001,1900,0.25,0.475,1.425,reference_density_screening_properties,phase and oxidation state required
BMG-01148,MAT-TI,MED-BCL,0.001,1900,0.5,0.95,0.95,reference_density_screening_properties,phase and oxidation state required
BMG-01149,MAT-TI,MED-BAS,0.001,1700,0.001,0.0017,1.6983,reference_density_screening_properties,phase and oxidation state required
BMG-01150,MAT-TI,MED-BAS,0.001,1700,0.005,0.0085,1.6915,reference_density_screening_properties,phase and oxidation state required
BMG-01151,MAT-TI,MED-BAS,0.001,1700,0.01,0.017,1.683,reference_density_screening_properties,phase and oxidation state required
BMG-01152,MAT-TI,MED-BAS,0.001,1700,0.05,0.085,1.615,reference_density_screening_properties,phase and oxidation state required
BMG-01153,MAT-TI,MED-BAS,0.001,1700,0.1,0.17,1.53,reference_density_screening_properties,phase and oxidation state required
BMG-01154,MAT-TI,MED-BAS,0.001,1700,0.25,0.425,1.275,reference_density_screening_properties,phase and oxidation state required
BMG-01155,MAT-TI,MED-BAS,0.001,1700,0.5,0.85,0.85,reference_density_screening_properties,phase and oxidation state required
BMG-01156,MAT-TI,MED-CAR,0.001,1300,0.001,0.0013,1.2987,reference_density_screening_properties,phase and oxidation state required
BMG-01157,MAT-TI,MED-CAR,0.001,1300,0.005,0.0065,1.2935,reference_density_screening_properties,phase and oxidation state required
BMG-01158,MAT-TI,MED-CAR,0.001,1300,0.01,0.013,1.287,reference_density_screening_properties,phase and oxidation state required
BMG-01159,MAT-TI,MED-CAR,0.001,1300,0.05,0.065,1.235,reference_density_screening_properties,phase and oxidation state required
BMG-01160,MAT-TI,MED-CAR,0.001,1300,0.1,0.13,1.17,reference_density_screening_properties,phase and oxidation state required
BMG-01161,MAT-TI,MED-CAR,0.001,1300,0.25,0.325,0.975,reference_density_screening_properties,phase and oxidation state required
BMG-01162,MAT-TI,MED-CAR,0.001,1300,0.5,0.65,0.65,reference_density_screening_properties,phase and oxidation state required
BMG-01163,MAT-TI,MED-MET,0.001,2300,0.001,0.0023,2.2977,reference_density_screening_properties,phase and oxidation state required
BMG-01164,MAT-TI,MED-MET,0.001,2300,0.005,0.0115,2.2885,reference_density_screening_properties,phase and oxidation state required
BMG-01165,MAT-TI,MED-MET,0.001,2300,0.01,0.023,2.277,reference_density_screening_properties,phase and oxidation state required
BMG-01166,MAT-TI,MED-MET,0.001,2300,0.05,0.115,2.185,reference_density_screening_properties,phase and oxidation state required
BMG-01167,MAT-TI,MED-MET,0.001,2300,0.1,0.23,2.07,reference_density_screening_properties,phase and oxidation state required
BMG-01168,MAT-TI,MED-MET,0.001,2300,0.25,0.575,1.725,reference_density_screening_properties,phase and oxidation state required
BMG-01169,MAT-TI,MED-MET,0.001,2300,0.5,1.15,1.15,reference_density_screening_properties,phase and oxidation state required
BMG-01170,MAT-TI,MED-ANT,0.001,1500,0.001,0.0015,1.4985,reference_density_screening_properties,phase and oxidation state required
BMG-01171,MAT-TI,MED-ANT,0.001,1500,0.005,0.0075,1.4925,reference_density_screening_properties,phase and oxidation state required
BMG-01172,MAT-TI,MED-ANT,0.001,1500,0.01,0.015,1.485,reference_density_screening_properties,phase and oxidation state required
BMG-01173,MAT-TI,MED-ANT,0.001,1500,0.05,0.075,1.425,reference_density_screening_properties,phase and oxidation state required
BMG-01174,MAT-TI,MED-ANT,0.001,1500,0.1,0.15,1.35,reference_density_screening_properties,phase and oxidation state required
BMG-01175,MAT-TI,MED-ANT,0.001,1500,0.25,0.375,1.125,reference_density_screening_properties,phase and oxidation state required
BMG-01176,MAT-TI,MED-ANT,0.001,1500,0.5,0.75,0.75,reference_density_screening_properties,phase and oxidation state required
BMG-01177,MAT-TI,MED-GLS,0.001,1550,0.001,0.00155,1.54845,reference_density_screening_properties,phase and oxidation state required
BMG-01178,MAT-TI,MED-GLS,0.001,1550,0.005,0.00775,1.54225,reference_density_screening_properties,phase and oxidation state required
BMG-01179,MAT-TI,MED-GLS,0.001,1550,0.01,0.0155,1.5345,reference_density_screening_properties,phase and oxidation state required
BMG-01180,MAT-TI,MED-GLS,0.001,1550,0.05,0.0775,1.4725,reference_density_screening_properties,phase and oxidation state required
BMG-01181,MAT-TI,MED-GLS,0.001,1550,0.1,0.155,1.395,reference_density_screening_properties,phase and oxidation state required
BMG-01182,MAT-TI,MED-GLS,0.001,1550,0.25,0.3875,1.1625,reference_density_screening_properties,phase and oxidation state required
BMG-01183,MAT-TI,MED-GLS,0.001,1550,0.5,0.775,0.775,reference_density_screening_properties,phase and oxidation state required
BMG-01184,MAT-TI,MED-ICY,0.001,900,0.001,0.0009,0.8991,reference_density_screening_properties,phase and oxidation state required
BMG-01185,MAT-TI,MED-ICY,0.001,900,0.005,0.0045,0.8955,reference_density_screening_properties,phase and oxidation state required
BMG-01186,MAT-TI,MED-ICY,0.001,900,0.01,0.009,0.891,reference_density_screening_properties,phase and oxidation state required
BMG-01187,MAT-TI,MED-ICY,0.001,900,0.05,0.045,0.855,reference_density_screening_properties,phase and oxidation state required
BMG-01188,MAT-TI,MED-ICY,0.001,900,0.1,0.09,0.81,reference_density_screening_properties,phase and oxidation state required
BMG-01189,MAT-TI,MED-ICY,0.001,900,0.25,0.225,0.675,reference_density_screening_properties,phase and oxidation state required
BMG-01190,MAT-TI,MED-ICY,0.001,900,0.5,0.45,0.45,reference_density_screening_properties,phase and oxidation state required
BMG-01191,MAT-SI,MED-GRV,0.001,1600,0.001,0.0016,1.5984,reference_density_only,do not use a single conductivity without purity/doping
BMG-01192,MAT-SI,MED-GRV,0.001,1600,0.005,0.008,1.592,reference_density_only,do not use a single conductivity without purity/doping
BMG-01193,MAT-SI,MED-GRV,0.001,1600,0.01,0.016,1.584,reference_density_only,do not use a single conductivity without purity/doping
BMG-01194,MAT-SI,MED-GRV,0.001,1600,0.05,0.08,1.52,reference_density_only,do not use a single conductivity without purity/doping
BMG-01195,MAT-SI,MED-GRV,0.001,1600,0.1,0.16,1.44,reference_density_only,do not use a single conductivity without purity/doping
BMG-01196,MAT-SI,MED-GRV,0.001,1600,0.25,0.4,1.2,reference_density_only,do not use a single conductivity without purity/doping
BMG-01197,MAT-SI,MED-GRV,0.001,1600,0.5,0.8,0.8,reference_density_only,do not use a single conductivity without purity/doping
BMG-01198,MAT-SI,MED-SND,0.001,1650,0.001,0.00165,1.64835,reference_density_only,do not use a single conductivity without purity/doping
BMG-01199,MAT-SI,MED-SND,0.001,1650,0.005,0.00825,1.64175,reference_density_only,do not use a single conductivity without purity/doping
BMG-01200,MAT-SI,MED-SND,0.001,1650,0.01,0.0165,1.6335,reference_density_only,do not use a single conductivity without purity/doping
BMG-01201,MAT-SI,MED-SND,0.001,1650,0.05,0.0825,1.5675,reference_density_only,do not use a single conductivity without purity/doping
BMG-01202,MAT-SI,MED-SND,0.001,1650,0.1,0.165,1.485,reference_density_only,do not use a single conductivity without purity/doping
BMG-01203,MAT-SI,MED-SND,0.001,1650,0.25,0.4125,1.2375,reference_density_only,do not use a single conductivity without purity/doping
BMG-01204,MAT-SI,MED-SND,0.001,1650,0.5,0.825,0.825,reference_density_only,do not use a single conductivity without purity/doping
BMG-01205,MAT-SI,MED-CLY,0.001,1800,0.001,0.0018,1.7982,reference_density_only,do not use a single conductivity without purity/doping
BMG-01206,MAT-SI,MED-CLY,0.001,1800,0.005,0.009,1.791,reference_density_only,do not use a single conductivity without purity/doping
BMG-01207,MAT-SI,MED-CLY,0.001,1800,0.01,0.018,1.782,reference_density_only,do not use a single conductivity without purity/doping
BMG-01208,MAT-SI,MED-CLY,0.001,1800,0.05,0.09,1.71,reference_density_only,do not use a single conductivity without purity/doping
BMG-01209,MAT-SI,MED-CLY,0.001,1800,0.1,0.18,1.62,reference_density_only,do not use a single conductivity without purity/doping
BMG-01210,MAT-SI,MED-CLY,0.001,1800,0.25,0.45,1.35,reference_density_only,do not use a single conductivity without purity/doping
BMG-01211,MAT-SI,MED-CLY,0.001,1800,0.5,0.9,0.9,reference_density_only,do not use a single conductivity without purity/doping
BMG-01212,MAT-SI,MED-BCL,0.001,1900,0.001,0.0019,1.8981,reference_density_only,do not use a single conductivity without purity/doping
BMG-01213,MAT-SI,MED-BCL,0.001,1900,0.005,0.0095,1.8905,reference_density_only,do not use a single conductivity without purity/doping
BMG-01214,MAT-SI,MED-BCL,0.001,1900,0.01,0.019,1.881,reference_density_only,do not use a single conductivity without purity/doping
BMG-01215,MAT-SI,MED-BCL,0.001,1900,0.05,0.095,1.805,reference_density_only,do not use a single conductivity without purity/doping
BMG-01216,MAT-SI,MED-BCL,0.001,1900,0.1,0.19,1.71,reference_density_only,do not use a single conductivity without purity/doping
BMG-01217,MAT-SI,MED-BCL,0.001,1900,0.25,0.475,1.425,reference_density_only,do not use a single conductivity without purity/doping
BMG-01218,MAT-SI,MED-BCL,0.001,1900,0.5,0.95,0.95,reference_density_only,do not use a single conductivity without purity/doping
BMG-01219,MAT-SI,MED-BAS,0.001,1700,0.001,0.0017,1.6983,reference_density_only,do not use a single conductivity without purity/doping
BMG-01220,MAT-SI,MED-BAS,0.001,1700,0.005,0.0085,1.6915,reference_density_only,do not use a single conductivity without purity/doping
BMG-01221,MAT-SI,MED-BAS,0.001,1700,0.01,0.017,1.683,reference_density_only,do not use a single conductivity without purity/doping
BMG-01222,MAT-SI,MED-BAS,0.001,1700,0.05,0.085,1.615,reference_density_only,do not use a single conductivity without purity/doping
BMG-01223,MAT-SI,MED-BAS,0.001,1700,0.1,0.17,1.53,reference_density_only,do not use a single conductivity without purity/doping
BMG-01224,MAT-SI,MED-BAS,0.001,1700,0.25,0.425,1.275,reference_density_only,do not use a single conductivity without purity/doping
BMG-01225,MAT-SI,MED-BAS,0.001,1700,0.5,0.85,0.85,reference_density_only,do not use a single conductivity without purity/doping
BMG-01226,MAT-SI,MED-CAR,0.001,1300,0.001,0.0013,1.2987,reference_density_only,do not use a single conductivity without purity/doping
BMG-01227,MAT-SI,MED-CAR,0.001,1300,0.005,0.0065,1.2935,reference_density_only,do not use a single conductivity without purity/doping
BMG-01228,MAT-SI,MED-CAR,0.001,1300,0.01,0.013,1.287,reference_density_only,do not use a single conductivity without purity/doping
BMG-01229,MAT-SI,MED-CAR,0.001,1300,0.05,0.065,1.235,reference_density_only,do not use a single conductivity without purity/doping
BMG-01230,MAT-SI,MED-CAR,0.001,1300,0.1,0.13,1.17,reference_density_only,do not use a single conductivity without purity/doping
BMG-01231,MAT-SI,MED-CAR,0.001,1300,0.25,0.325,0.975,reference_density_only,do not use a single conductivity without purity/doping
BMG-01232,MAT-SI,MED-CAR,0.001,1300,0.5,0.65,0.65,reference_density_only,do not use a single conductivity without purity/doping
BMG-01233,MAT-SI,MED-MET,0.001,2300,0.001,0.0023,2.2977,reference_density_only,do not use a single conductivity without purity/doping
BMG-01234,MAT-SI,MED-MET,0.001,2300,0.005,0.0115,2.2885,reference_density_only,do not use a single conductivity without purity/doping
BMG-01235,MAT-SI,MED-MET,0.001,2300,0.01,0.023,2.277,reference_density_only,do not use a single conductivity without purity/doping
BMG-01236,MAT-SI,MED-MET,0.001,2300,0.05,0.115,2.185,reference_density_only,do not use a single conductivity without purity/doping
BMG-01237,MAT-SI,MED-MET,0.001,2300,0.1,0.23,2.07,reference_density_only,do not use a single conductivity without purity/doping
BMG-01238,MAT-SI,MED-MET,0.001,2300,0.25,0.575,1.725,reference_density_only,do not use a single conductivity without purity/doping
BMG-01239,MAT-SI,MED-MET,0.001,2300,0.5,1.15,1.15,reference_density_only,do not use a single conductivity without purity/doping
BMG-01240,MAT-SI,MED-ANT,0.001,1500,0.001,0.0015,1.4985,reference_density_only,do not use a single conductivity without purity/doping
BMG-01241,MAT-SI,MED-ANT,0.001,1500,0.005,0.0075,1.4925,reference_density_only,do not use a single conductivity without purity/doping
BMG-01242,MAT-SI,MED-ANT,0.001,1500,0.01,0.015,1.485,reference_density_only,do not use a single conductivity without purity/doping
BMG-01243,MAT-SI,MED-ANT,0.001,1500,0.05,0.075,1.425,reference_density_only,do not use a single conductivity without purity/doping
BMG-01244,MAT-SI,MED-ANT,0.001,1500,0.1,0.15,1.35,reference_density_only,do not use a single conductivity without purity/doping
BMG-01245,MAT-SI,MED-ANT,0.001,1500,0.25,0.375,1.125,reference_density_only,do not use a single conductivity without purity/doping
BMG-01246,MAT-SI,MED-ANT,0.001,1500,0.5,0.75,0.75,reference_density_only,do not use a single conductivity without purity/doping
BMG-01247,MAT-SI,MED-GLS,0.001,1550,0.001,0.00155,1.54845,reference_density_only,do not use a single conductivity without purity/doping
BMG-01248,MAT-SI,MED-GLS,0.001,1550,0.005,0.00775,1.54225,reference_density_only,do not use a single conductivity without purity/doping
BMG-01249,MAT-SI,MED-GLS,0.001,1550,0.01,0.0155,1.5345,reference_density_only,do not use a single conductivity without purity/doping
BMG-01250,MAT-SI,MED-GLS,0.001,1550,0.05,0.0775,1.4725,reference_density_only,do not use a single conductivity without purity/doping
BMG-01251,MAT-SI,MED-GLS,0.001,1550,0.1,0.155,1.395,reference_density_only,do not use a single conductivity without purity/doping
BMG-01252,MAT-SI,MED-GLS,0.001,1550,0.25,0.3875,1.1625,reference_density_only,do not use a single conductivity without purity/doping
BMG-01253,MAT-SI,MED-GLS,0.001,1550,0.5,0.775,0.775,reference_density_only,do not use a single conductivity without purity/doping
BMG-01254,MAT-SI,MED-ICY,0.001,900,0.001,0.0009,0.8991,reference_density_only,do not use a single conductivity without purity/doping
BMG-01255,MAT-SI,MED-ICY,0.001,900,0.005,0.0045,0.8955,reference_density_only,do not use a single conductivity without purity/doping
BMG-01256,MAT-SI,MED-ICY,0.001,900,0.01,0.009,0.891,reference_density_only,do not use a single conductivity without purity/doping
BMG-01257,MAT-SI,MED-ICY,0.001,900,0.05,0.045,0.855,reference_density_only,do not use a single conductivity without purity/doping
BMG-01258,MAT-SI,MED-ICY,0.001,900,0.1,0.09,0.81,reference_density_only,do not use a single conductivity without purity/doping
BMG-01259,MAT-SI,MED-ICY,0.001,900,0.25,0.225,0.675,reference_density_only,do not use a single conductivity without purity/doping
BMG-01260,MAT-SI,MED-ICY,0.001,900,0.5,0.45,0.45,reference_density_only,do not use a single conductivity without purity/doping
BMG-01261,MAT-S,MED-GRV,0.001,1600,0.001,0.0016,1.5984,reference_density_only,phase and temperature required
BMG-01262,MAT-S,MED-GRV,0.001,1600,0.005,0.008,1.592,reference_density_only,phase and temperature required
BMG-01263,MAT-S,MED-GRV,0.001,1600,0.01,0.016,1.584,reference_density_only,phase and temperature required
BMG-01264,MAT-S,MED-GRV,0.001,1600,0.05,0.08,1.52,reference_density_only,phase and temperature required
BMG-01265,MAT-S,MED-GRV,0.001,1600,0.1,0.16,1.44,reference_density_only,phase and temperature required
BMG-01266,MAT-S,MED-GRV,0.001,1600,0.25,0.4,1.2,reference_density_only,phase and temperature required
BMG-01267,MAT-S,MED-GRV,0.001,1600,0.5,0.8,0.8,reference_density_only,phase and temperature required
BMG-01268,MAT-S,MED-SND,0.001,1650,0.001,0.00165,1.64835,reference_density_only,phase and temperature required
BMG-01269,MAT-S,MED-SND,0.001,1650,0.005,0.00825,1.64175,reference_density_only,phase and temperature required
BMG-01270,MAT-S,MED-SND,0.001,1650,0.01,0.0165,1.6335,reference_density_only,phase and temperature required
BMG-01271,MAT-S,MED-SND,0.001,1650,0.05,0.0825,1.5675,reference_density_only,phase and temperature required
BMG-01272,MAT-S,MED-SND,0.001,1650,0.1,0.165,1.485,reference_density_only,phase and temperature required
BMG-01273,MAT-S,MED-SND,0.001,1650,0.25,0.4125,1.2375,reference_density_only,phase and temperature required
BMG-01274,MAT-S,MED-SND,0.001,1650,0.5,0.825,0.825,reference_density_only,phase and temperature required
BMG-01275,MAT-S,MED-CLY,0.001,1800,0.001,0.0018,1.7982,reference_density_only,phase and temperature required
BMG-01276,MAT-S,MED-CLY,0.001,1800,0.005,0.009,1.791,reference_density_only,phase and temperature required
BMG-01277,MAT-S,MED-CLY,0.001,1800,0.01,0.018,1.782,reference_density_only,phase and temperature required
BMG-01278,MAT-S,MED-CLY,0.001,1800,0.05,0.09,1.71,reference_density_only,phase and temperature required
BMG-01279,MAT-S,MED-CLY,0.001,1800,0.1,0.18,1.62,reference_density_only,phase and temperature required
BMG-01280,MAT-S,MED-CLY,0.001,1800,0.25,0.45,1.35,reference_density_only,phase and temperature required
BMG-01281,MAT-S,MED-CLY,0.001,1800,0.5,0.9,0.9,reference_density_only,phase and temperature required
BMG-01282,MAT-S,MED-BCL,0.001,1900,0.001,0.0019,1.8981,reference_density_only,phase and temperature required
BMG-01283,MAT-S,MED-BCL,0.001,1900,0.005,0.0095,1.8905,reference_density_only,phase and temperature required
BMG-01284,MAT-S,MED-BCL,0.001,1900,0.01,0.019,1.881,reference_density_only,phase and temperature required
BMG-01285,MAT-S,MED-BCL,0.001,1900,0.05,0.095,1.805,reference_density_only,phase and temperature required
BMG-01286,MAT-S,MED-BCL,0.001,1900,0.1,0.19,1.71,reference_density_only,phase and temperature required
BMG-01287,MAT-S,MED-BCL,0.001,1900,0.25,0.475,1.425,reference_density_only,phase and temperature required
BMG-01288,MAT-S,MED-BCL,0.001,1900,0.5,0.95,0.95,reference_density_only,phase and temperature required
BMG-01289,MAT-S,MED-BAS,0.001,1700,0.001,0.0017,1.6983,reference_density_only,phase and temperature required
BMG-01290,MAT-S,MED-BAS,0.001,1700,0.005,0.0085,1.6915,reference_density_only,phase and temperature required
BMG-01291,MAT-S,MED-BAS,0.001,1700,0.01,0.017,1.683,reference_density_only,phase and temperature required
BMG-01292,MAT-S,MED-BAS,0.001,1700,0.05,0.085,1.615,reference_density_only,phase and temperature required
BMG-01293,MAT-S,MED-BAS,0.001,1700,0.1,0.17,1.53,reference_density_only,phase and temperature required
BMG-01294,MAT-S,MED-BAS,0.001,1700,0.25,0.425,1.275,reference_density_only,phase and temperature required
BMG-01295,MAT-S,MED-BAS,0.001,1700,0.5,0.85,0.85,reference_density_only,phase and temperature required
BMG-01296,MAT-S,MED-CAR,0.001,1300,0.001,0.0013,1.2987,reference_density_only,phase and temperature required
BMG-01297,MAT-S,MED-CAR,0.001,1300,0.005,0.0065,1.2935,reference_density_only,phase and temperature required
BMG-01298,MAT-S,MED-CAR,0.001,1300,0.01,0.013,1.287,reference_density_only,phase and temperature required
BMG-01299,MAT-S,MED-CAR,0.001,1300,0.05,0.065,1.235,reference_density_only,phase and temperature required
BMG-01300,MAT-S,MED-CAR,0.001,1300,0.1,0.13,1.17,reference_density_only,phase and temperature required
BMG-01301,MAT-S,MED-CAR,0.001,1300,0.25,0.325,0.975,reference_density_only,phase and temperature required
BMG-01302,MAT-S,MED-CAR,0.001,1300,0.5,0.65,0.65,reference_density_only,phase and temperature required
BMG-01303,MAT-S,MED-MET,0.001,2300,0.001,0.0023,2.2977,reference_density_only,phase and temperature required
BMG-01304,MAT-S,MED-MET,0.001,2300,0.005,0.0115,2.2885,reference_density_only,phase and temperature required
BMG-01305,MAT-S,MED-MET,0.001,2300,0.01,0.023,2.277,reference_density_only,phase and temperature required
BMG-01306,MAT-S,MED-MET,0.001,2300,0.05,0.115,2.185,reference_density_only,phase and temperature required
BMG-01307,MAT-S,MED-MET,0.001,2300,0.1,0.23,2.07,reference_density_only,phase and temperature required
BMG-01308,MAT-S,MED-MET,0.001,2300,0.25,0.575,1.725,reference_density_only,phase and temperature required
BMG-01309,MAT-S,MED-MET,0.001,2300,0.5,1.15,1.15,reference_density_only,phase and temperature required
BMG-01310,MAT-S,MED-ANT,0.001,1500,0.001,0.0015,1.4985,reference_density_only,phase and temperature required
BMG-01311,MAT-S,MED-ANT,0.001,1500,0.005,0.0075,1.4925,reference_density_only,phase and temperature required
BMG-01312,MAT-S,MED-ANT,0.001,1500,0.01,0.015,1.485,reference_density_only,phase and temperature required
BMG-01313,MAT-S,MED-ANT,0.001,1500,0.05,0.075,1.425,reference_density_only,phase and temperature required
BMG-01314,MAT-S,MED-ANT,0.001,1500,0.1,0.15,1.35,reference_density_only,phase and temperature required
BMG-01315,MAT-S,MED-ANT,0.001,1500,0.25,0.375,1.125,reference_density_only,phase and temperature required
BMG-01316,MAT-S,MED-ANT,0.001,1500,0.5,0.75,0.75,reference_density_only,phase and temperature required
BMG-01317,MAT-S,MED-GLS,0.001,1550,0.001,0.00155,1.54845,reference_density_only,phase and temperature required
BMG-01318,MAT-S,MED-GLS,0.001,1550,0.005,0.00775,1.54225,reference_density_only,phase and temperature required
BMG-01319,MAT-S,MED-GLS,0.001,1550,0.01,0.0155,1.5345,reference_density_only,phase and temperature required
BMG-01320,MAT-S,MED-GLS,0.001,1550,0.05,0.0775,1.4725,reference_density_only,phase and temperature required
BMG-01321,MAT-S,MED-GLS,0.001,1550,0.1,0.155,1.395,reference_density_only,phase and temperature required
BMG-01322,MAT-S,MED-GLS,0.001,1550,0.25,0.3875,1.1625,reference_density_only,phase and temperature required
BMG-01323,MAT-S,MED-GLS,0.001,1550,0.5,0.775,0.775,reference_density_only,phase and temperature required
BMG-01324,MAT-S,MED-ICY,0.001,900,0.001,0.0009,0.8991,reference_density_only,phase and temperature required
BMG-01325,MAT-S,MED-ICY,0.001,900,0.005,0.0045,0.8955,reference_density_only,phase and temperature required
BMG-01326,MAT-S,MED-ICY,0.001,900,0.01,0.009,0.891,reference_density_only,phase and temperature required
BMG-01327,MAT-S,MED-ICY,0.001,900,0.05,0.045,0.855,reference_density_only,phase and temperature required
BMG-01328,MAT-S,MED-ICY,0.001,900,0.1,0.09,0.81,reference_density_only,phase and temperature required
BMG-01329,MAT-S,MED-ICY,0.001,900,0.25,0.225,0.675,reference_density_only,phase and temperature required
BMG-01330,MAT-S,MED-ICY,0.001,900,0.5,0.45,0.45,reference_density_only,phase and temperature required
BMG-01331,MAT-CR,MED-GRV,0.001,1600,0.001,0.0016,1.5984,reference_density_screening_properties,assay required
BMG-01332,MAT-CR,MED-GRV,0.001,1600,0.005,0.008,1.592,reference_density_screening_properties,assay required
BMG-01333,MAT-CR,MED-GRV,0.001,1600,0.01,0.016,1.584,reference_density_screening_properties,assay required
BMG-01334,MAT-CR,MED-GRV,0.001,1600,0.05,0.08,1.52,reference_density_screening_properties,assay required
BMG-01335,MAT-CR,MED-GRV,0.001,1600,0.1,0.16,1.44,reference_density_screening_properties,assay required
BMG-01336,MAT-CR,MED-GRV,0.001,1600,0.25,0.4,1.2,reference_density_screening_properties,assay required
BMG-01337,MAT-CR,MED-GRV,0.001,1600,0.5,0.8,0.8,reference_density_screening_properties,assay required
BMG-01338,MAT-CR,MED-SND,0.001,1650,0.001,0.00165,1.64835,reference_density_screening_properties,assay required
BMG-01339,MAT-CR,MED-SND,0.001,1650,0.005,0.00825,1.64175,reference_density_screening_properties,assay required
BMG-01340,MAT-CR,MED-SND,0.001,1650,0.01,0.0165,1.6335,reference_density_screening_properties,assay required
BMG-01341,MAT-CR,MED-SND,0.001,1650,0.05,0.0825,1.5675,reference_density_screening_properties,assay required
BMG-01342,MAT-CR,MED-SND,0.001,1650,0.1,0.165,1.485,reference_density_screening_properties,assay required
BMG-01343,MAT-CR,MED-SND,0.001,1650,0.25,0.4125,1.2375,reference_density_screening_properties,assay required
BMG-01344,MAT-CR,MED-SND,0.001,1650,0.5,0.825,0.825,reference_density_screening_properties,assay required
BMG-01345,MAT-CR,MED-CLY,0.001,1800,0.001,0.0018,1.7982,reference_density_screening_properties,assay required
BMG-01346,MAT-CR,MED-CLY,0.001,1800,0.005,0.009,1.791,reference_density_screening_properties,assay required
BMG-01347,MAT-CR,MED-CLY,0.001,1800,0.01,0.018,1.782,reference_density_screening_properties,assay required
BMG-01348,MAT-CR,MED-CLY,0.001,1800,0.05,0.09,1.71,reference_density_screening_properties,assay required
BMG-01349,MAT-CR,MED-CLY,0.001,1800,0.1,0.18,1.62,reference_density_screening_properties,assay required
BMG-01350,MAT-CR,MED-CLY,0.001,1800,0.25,0.45,1.35,reference_density_screening_properties,assay required
BMG-01351,MAT-CR,MED-CLY,0.001,1800,0.5,0.9,0.9,reference_density_screening_properties,assay required
BMG-01352,MAT-CR,MED-BCL,0.001,1900,0.001,0.0019,1.8981,reference_density_screening_properties,assay required
BMG-01353,MAT-CR,MED-BCL,0.001,1900,0.005,0.0095,1.8905,reference_density_screening_properties,assay required
BMG-01354,MAT-CR,MED-BCL,0.001,1900,0.01,0.019,1.881,reference_density_screening_properties,assay required
BMG-01355,MAT-CR,MED-BCL,0.001,1900,0.05,0.095,1.805,reference_density_screening_properties,assay required
BMG-01356,MAT-CR,MED-BCL,0.001,1900,0.1,0.19,1.71,reference_density_screening_properties,assay required
BMG-01357,MAT-CR,MED-BCL,0.001,1900,0.25,0.475,1.425,reference_density_screening_properties,assay required
BMG-01358,MAT-CR,MED-BCL,0.001,1900,0.5,0.95,0.95,reference_density_screening_properties,assay required
BMG-01359,MAT-CR,MED-BAS,0.001,1700,0.001,0.0017,1.6983,reference_density_screening_properties,assay required
BMG-01360,MAT-CR,MED-BAS,0.001,1700,0.005,0.0085,1.6915,reference_density_screening_properties,assay required
BMG-01361,MAT-CR,MED-BAS,0.001,1700,0.01,0.017,1.683,reference_density_screening_properties,assay required
BMG-01362,MAT-CR,MED-BAS,0.001,1700,0.05,0.085,1.615,reference_density_screening_properties,assay required
BMG-01363,MAT-CR,MED-BAS,0.001,1700,0.1,0.17,1.53,reference_density_screening_properties,assay required
BMG-01364,MAT-CR,MED-BAS,0.001,1700,0.25,0.425,1.275,reference_density_screening_properties,assay required
BMG-01365,MAT-CR,MED-BAS,0.001,1700,0.5,0.85,0.85,reference_density_screening_properties,assay required
BMG-01366,MAT-CR,MED-CAR,0.001,1300,0.001,0.0013,1.2987,reference_density_screening_properties,assay required
BMG-01367,MAT-CR,MED-CAR,0.001,1300,0.005,0.0065,1.2935,reference_density_screening_properties,assay required
BMG-01368,MAT-CR,MED-CAR,0.001,1300,0.01,0.013,1.287,reference_density_screening_properties,assay required
BMG-01369,MAT-CR,MED-CAR,0.001,1300,0.05,0.065,1.235,reference_density_screening_properties,assay required
BMG-01370,MAT-CR,MED-CAR,0.001,1300,0.1,0.13,1.17,reference_density_screening_properties,assay required
BMG-01371,MAT-CR,MED-CAR,0.001,1300,0.25,0.325,0.975,reference_density_screening_properties,assay required
BMG-01372,MAT-CR,MED-CAR,0.001,1300,0.5,0.65,0.65,reference_density_screening_properties,assay required
BMG-01373,MAT-CR,MED-MET,0.001,2300,0.001,0.0023,2.2977,reference_density_screening_properties,assay required
BMG-01374,MAT-CR,MED-MET,0.001,2300,0.005,0.0115,2.2885,reference_density_screening_properties,assay required
BMG-01375,MAT-CR,MED-MET,0.001,2300,0.01,0.023,2.277,reference_density_screening_properties,assay required
BMG-01376,MAT-CR,MED-MET,0.001,2300,0.05,0.115,2.185,reference_density_screening_properties,assay required
BMG-01377,MAT-CR,MED-MET,0.001,2300,0.1,0.23,2.07,reference_density_screening_properties,assay required
BMG-01378,MAT-CR,MED-MET,0.001,2300,0.25,0.575,1.725,reference_density_screening_properties,assay required
BMG-01379,MAT-CR,MED-MET,0.001,2300,0.5,1.15,1.15,reference_density_screening_properties,assay required
BMG-01380,MAT-CR,MED-ANT,0.001,1500,0.001,0.0015,1.4985,reference_density_screening_properties,assay required
BMG-01381,MAT-CR,MED-ANT,0.001,1500,0.005,0.0075,1.4925,reference_density_screening_properties,assay required
BMG-01382,MAT-CR,MED-ANT,0.001,1500,0.01,0.015,1.485,reference_density_screening_properties,assay required
BMG-01383,MAT-CR,MED-ANT,0.001,1500,0.05,0.075,1.425,reference_density_screening_properties,assay required
BMG-01384,MAT-CR,MED-ANT,0.001,1500,0.1,0.15,1.35,reference_density_screening_properties,assay required
BMG-01385,MAT-CR,MED-ANT,0.001,1500,0.25,0.375,1.125,reference_density_screening_properties,assay required
BMG-01386,MAT-CR,MED-ANT,0.001,1500,0.5,0.75,0.75,reference_density_screening_properties,assay required
BMG-01387,MAT-CR,MED-GLS,0.001,1550,0.001,0.00155,1.54845,reference_density_screening_properties,assay required
BMG-01388,MAT-CR,MED-GLS,0.001,1550,0.005,0.00775,1.54225,reference_density_screening_properties,assay required
BMG-01389,MAT-CR,MED-GLS,0.001,1550,0.01,0.0155,1.5345,reference_density_screening_properties,assay required
BMG-01390,MAT-CR,MED-GLS,0.001,1550,0.05,0.0775,1.4725,reference_density_screening_properties,assay required
BMG-01391,MAT-CR,MED-GLS,0.001,1550,0.1,0.155,1.395,reference_density_screening_properties,assay required
BMG-01392,MAT-CR,MED-GLS,0.001,1550,0.25,0.3875,1.1625,reference_density_screening_properties,assay required
BMG-01393,MAT-CR,MED-GLS,0.001,1550,0.5,0.775,0.775,reference_density_screening_properties,assay required
BMG-01394,MAT-CR,MED-ICY,0.001,900,0.001,0.0009,0.8991,reference_density_screening_properties,assay required
BMG-01395,MAT-CR,MED-ICY,0.001,900,0.005,0.0045,0.8955,reference_density_screening_properties,assay required
BMG-01396,MAT-CR,MED-ICY,0.001,900,0.01,0.009,0.891,reference_density_screening_properties,assay required
BMG-01397,MAT-CR,MED-ICY,0.001,900,0.05,0.045,0.855,reference_density_screening_properties,assay required
BMG-01398,MAT-CR,MED-ICY,0.001,900,0.1,0.09,0.81,reference_density_screening_properties,assay required
BMG-01399,MAT-CR,MED-ICY,0.001,900,0.25,0.225,0.675,reference_density_screening_properties,assay required
BMG-01400,MAT-CR,MED-ICY,0.001,900,0.5,0.45,0.45,reference_density_screening_properties,assay required
BMG-01401,MAT-MN,MED-GRV,0.001,1600,0.001,0.0016,1.5984,reference_density_screening_properties,assay required
BMG-01402,MAT-MN,MED-GRV,0.001,1600,0.005,0.008,1.592,reference_density_screening_properties,assay required
BMG-01403,MAT-MN,MED-GRV,0.001,1600,0.01,0.016,1.584,reference_density_screening_properties,assay required
BMG-01404,MAT-MN,MED-GRV,0.001,1600,0.05,0.08,1.52,reference_density_screening_properties,assay required
BMG-01405,MAT-MN,MED-GRV,0.001,1600,0.1,0.16,1.44,reference_density_screening_properties,assay required
BMG-01406,MAT-MN,MED-GRV,0.001,1600,0.25,0.4,1.2,reference_density_screening_properties,assay required
BMG-01407,MAT-MN,MED-GRV,0.001,1600,0.5,0.8,0.8,reference_density_screening_properties,assay required
BMG-01408,MAT-MN,MED-SND,0.001,1650,0.001,0.00165,1.64835,reference_density_screening_properties,assay required
BMG-01409,MAT-MN,MED-SND,0.001,1650,0.005,0.00825,1.64175,reference_density_screening_properties,assay required
BMG-01410,MAT-MN,MED-SND,0.001,1650,0.01,0.0165,1.6335,reference_density_screening_properties,assay required
BMG-01411,MAT-MN,MED-SND,0.001,1650,0.05,0.0825,1.5675,reference_density_screening_properties,assay required
BMG-01412,MAT-MN,MED-SND,0.001,1650,0.1,0.165,1.485,reference_density_screening_properties,assay required
BMG-01413,MAT-MN,MED-SND,0.001,1650,0.25,0.4125,1.2375,reference_density_screening_properties,assay required
BMG-01414,MAT-MN,MED-SND,0.001,1650,0.5,0.825,0.825,reference_density_screening_properties,assay required
BMG-01415,MAT-MN,MED-CLY,0.001,1800,0.001,0.0018,1.7982,reference_density_screening_properties,assay required
BMG-01416,MAT-MN,MED-CLY,0.001,1800,0.005,0.009,1.791,reference_density_screening_properties,assay required
BMG-01417,MAT-MN,MED-CLY,0.001,1800,0.01,0.018,1.782,reference_density_screening_properties,assay required
BMG-01418,MAT-MN,MED-CLY,0.001,1800,0.05,0.09,1.71,reference_density_screening_properties,assay required
BMG-01419,MAT-MN,MED-CLY,0.001,1800,0.1,0.18,1.62,reference_density_screening_properties,assay required
BMG-01420,MAT-MN,MED-CLY,0.001,1800,0.25,0.45,1.35,reference_density_screening_properties,assay required
BMG-01421,MAT-MN,MED-CLY,0.001,1800,0.5,0.9,0.9,reference_density_screening_properties,assay required
BMG-01422,MAT-MN,MED-BCL,0.001,1900,0.001,0.0019,1.8981,reference_density_screening_properties,assay required
BMG-01423,MAT-MN,MED-BCL,0.001,1900,0.005,0.0095,1.8905,reference_density_screening_properties,assay required
BMG-01424,MAT-MN,MED-BCL,0.001,1900,0.01,0.019,1.881,reference_density_screening_properties,assay required
BMG-01425,MAT-MN,MED-BCL,0.001,1900,0.05,0.095,1.805,reference_density_screening_properties,assay required
BMG-01426,MAT-MN,MED-BCL,0.001,1900,0.1,0.19,1.71,reference_density_screening_properties,assay required
BMG-01427,MAT-MN,MED-BCL,0.001,1900,0.25,0.475,1.425,reference_density_screening_properties,assay required
BMG-01428,MAT-MN,MED-BCL,0.001,1900,0.5,0.95,0.95,reference_density_screening_properties,assay required
BMG-01429,MAT-MN,MED-BAS,0.001,1700,0.001,0.0017,1.6983,reference_density_screening_properties,assay required
BMG-01430,MAT-MN,MED-BAS,0.001,1700,0.005,0.0085,1.6915,reference_density_screening_properties,assay required
BMG-01431,MAT-MN,MED-BAS,0.001,1700,0.01,0.017,1.683,reference_density_screening_properties,assay required
BMG-01432,MAT-MN,MED-BAS,0.001,1700,0.05,0.085,1.615,reference_density_screening_properties,assay required
BMG-01433,MAT-MN,MED-BAS,0.001,1700,0.1,0.17,1.53,reference_density_screening_properties,assay required
BMG-01434,MAT-MN,MED-BAS,0.001,1700,0.25,0.425,1.275,reference_density_screening_properties,assay required
BMG-01435,MAT-MN,MED-BAS,0.001,1700,0.5,0.85,0.85,reference_density_screening_properties,assay required
BMG-01436,MAT-MN,MED-CAR,0.001,1300,0.001,0.0013,1.2987,reference_density_screening_properties,assay required
BMG-01437,MAT-MN,MED-CAR,0.001,1300,0.005,0.0065,1.2935,reference_density_screening_properties,assay required
BMG-01438,MAT-MN,MED-CAR,0.001,1300,0.01,0.013,1.287,reference_density_screening_properties,assay required
BMG-01439,MAT-MN,MED-CAR,0.001,1300,0.05,0.065,1.235,reference_density_screening_properties,assay required
BMG-01440,MAT-MN,MED-CAR,0.001,1300,0.1,0.13,1.17,reference_density_screening_properties,assay required
BMG-01441,MAT-MN,MED-CAR,0.001,1300,0.25,0.325,0.975,reference_density_screening_properties,assay required
BMG-01442,MAT-MN,MED-CAR,0.001,1300,0.5,0.65,0.65,reference_density_screening_properties,assay required
BMG-01443,MAT-MN,MED-MET,0.001,2300,0.001,0.0023,2.2977,reference_density_screening_properties,assay required
BMG-01444,MAT-MN,MED-MET,0.001,2300,0.005,0.0115,2.2885,reference_density_screening_properties,assay required
BMG-01445,MAT-MN,MED-MET,0.001,2300,0.01,0.023,2.277,reference_density_screening_properties,assay required
BMG-01446,MAT-MN,MED-MET,0.001,2300,0.05,0.115,2.185,reference_density_screening_properties,assay required
BMG-01447,MAT-MN,MED-MET,0.001,2300,0.1,0.23,2.07,reference_density_screening_properties,assay required
BMG-01448,MAT-MN,MED-MET,0.001,2300,0.25,0.575,1.725,reference_density_screening_properties,assay required
BMG-01449,MAT-MN,MED-MET,0.001,2300,0.5,1.15,1.15,reference_density_screening_properties,assay required
BMG-01450,MAT-MN,MED-ANT,0.001,1500,0.001,0.0015,1.4985,reference_density_screening_properties,assay required
BMG-01451,MAT-MN,MED-ANT,0.001,1500,0.005,0.0075,1.4925,reference_density_screening_properties,assay required
BMG-01452,MAT-MN,MED-ANT,0.001,1500,0.01,0.015,1.485,reference_density_screening_properties,assay required
BMG-01453,MAT-MN,MED-ANT,0.001,1500,0.05,0.075,1.425,reference_density_screening_properties,assay required
BMG-01454,MAT-MN,MED-ANT,0.001,1500,0.1,0.15,1.35,reference_density_screening_properties,assay required
BMG-01455,MAT-MN,MED-ANT,0.001,1500,0.25,0.375,1.125,reference_density_screening_properties,assay required
BMG-01456,MAT-MN,MED-ANT,0.001,1500,0.5,0.75,0.75,reference_density_screening_properties,assay required
BMG-01457,MAT-MN,MED-GLS,0.001,1550,0.001,0.00155,1.54845,reference_density_screening_properties,assay required
BMG-01458,MAT-MN,MED-GLS,0.001,1550,0.005,0.00775,1.54225,reference_density_screening_properties,assay required
BMG-01459,MAT-MN,MED-GLS,0.001,1550,0.01,0.0155,1.5345,reference_density_screening_properties,assay required
BMG-01460,MAT-MN,MED-GLS,0.001,1550,0.05,0.0775,1.4725,reference_density_screening_properties,assay required
BMG-01461,MAT-MN,MED-GLS,0.001,1550,0.1,0.155,1.395,reference_density_screening_properties,assay required
BMG-01462,MAT-MN,MED-GLS,0.001,1550,0.25,0.3875,1.1625,reference_density_screening_properties,assay required
BMG-01463,MAT-MN,MED-GLS,0.001,1550,0.5,0.775,0.775,reference_density_screening_properties,assay required
BMG-01464,MAT-MN,MED-ICY,0.001,900,0.001,0.0009,0.8991,reference_density_screening_properties,assay required
BMG-01465,MAT-MN,MED-ICY,0.001,900,0.005,0.0045,0.8955,reference_density_screening_properties,assay required
BMG-01466,MAT-MN,MED-ICY,0.001,900,0.01,0.009,0.891,reference_density_screening_properties,assay required
BMG-01467,MAT-MN,MED-ICY,0.001,900,0.05,0.045,0.855,reference_density_screening_properties,assay required
BMG-01468,MAT-MN,MED-ICY,0.001,900,0.1,0.09,0.81,reference_density_screening_properties,assay required
BMG-01469,MAT-MN,MED-ICY,0.001,900,0.25,0.225,0.675,reference_density_screening_properties,assay required
BMG-01470,MAT-MN,MED-ICY,0.001,900,0.5,0.45,0.45,reference_density_screening_properties,assay required
BMG-01471,MAT-PR,MED-GRV,0.001,1600,0.001,0.0016,1.5984,reference_density_screening_properties,mineral host and assay required
BMG-01472,MAT-PR,MED-GRV,0.001,1600,0.005,0.008,1.592,reference_density_screening_properties,mineral host and assay required
BMG-01473,MAT-PR,MED-GRV,0.001,1600,0.01,0.016,1.584,reference_density_screening_properties,mineral host and assay required
BMG-01474,MAT-PR,MED-GRV,0.001,1600,0.05,0.08,1.52,reference_density_screening_properties,mineral host and assay required
BMG-01475,MAT-PR,MED-GRV,0.001,1600,0.1,0.16,1.44,reference_density_screening_properties,mineral host and assay required
BMG-01476,MAT-PR,MED-GRV,0.001,1600,0.25,0.4,1.2,reference_density_screening_properties,mineral host and assay required
BMG-01477,MAT-PR,MED-GRV,0.001,1600,0.5,0.8,0.8,reference_density_screening_properties,mineral host and assay required
BMG-01478,MAT-PR,MED-SND,0.001,1650,0.001,0.00165,1.64835,reference_density_screening_properties,mineral host and assay required
BMG-01479,MAT-PR,MED-SND,0.001,1650,0.005,0.00825,1.64175,reference_density_screening_properties,mineral host and assay required
BMG-01480,MAT-PR,MED-SND,0.001,1650,0.01,0.0165,1.6335,reference_density_screening_properties,mineral host and assay required
BMG-01481,MAT-PR,MED-SND,0.001,1650,0.05,0.0825,1.5675,reference_density_screening_properties,mineral host and assay required
BMG-01482,MAT-PR,MED-SND,0.001,1650,0.1,0.165,1.485,reference_density_screening_properties,mineral host and assay required
BMG-01483,MAT-PR,MED-SND,0.001,1650,0.25,0.4125,1.2375,reference_density_screening_properties,mineral host and assay required
BMG-01484,MAT-PR,MED-SND,0.001,1650,0.5,0.825,0.825,reference_density_screening_properties,mineral host and assay required
BMG-01485,MAT-PR,MED-CLY,0.001,1800,0.001,0.0018,1.7982,reference_density_screening_properties,mineral host and assay required
BMG-01486,MAT-PR,MED-CLY,0.001,1800,0.005,0.009,1.791,reference_density_screening_properties,mineral host and assay required
BMG-01487,MAT-PR,MED-CLY,0.001,1800,0.01,0.018,1.782,reference_density_screening_properties,mineral host and assay required
BMG-01488,MAT-PR,MED-CLY,0.001,1800,0.05,0.09,1.71,reference_density_screening_properties,mineral host and assay required
BMG-01489,MAT-PR,MED-CLY,0.001,1800,0.1,0.18,1.62,reference_density_screening_properties,mineral host and assay required
BMG-01490,MAT-PR,MED-CLY,0.001,1800,0.25,0.45,1.35,reference_density_screening_properties,mineral host and assay required
BMG-01491,MAT-PR,MED-CLY,0.001,1800,0.5,0.9,0.9,reference_density_screening_properties,mineral host and assay required
BMG-01492,MAT-PR,MED-BCL,0.001,1900,0.001,0.0019,1.8981,reference_density_screening_properties,mineral host and assay required
BMG-01493,MAT-PR,MED-BCL,0.001,1900,0.005,0.0095,1.8905,reference_density_screening_properties,mineral host and assay required
BMG-01494,MAT-PR,MED-BCL,0.001,1900,0.01,0.019,1.881,reference_density_screening_properties,mineral host and assay required
BMG-01495,MAT-PR,MED-BCL,0.001,1900,0.05,0.095,1.805,reference_density_screening_properties,mineral host and assay required
BMG-01496,MAT-PR,MED-BCL,0.001,1900,0.1,0.19,1.71,reference_density_screening_properties,mineral host and assay required
BMG-01497,MAT-PR,MED-BCL,0.001,1900,0.25,0.475,1.425,reference_density_screening_properties,mineral host and assay required
BMG-01498,MAT-PR,MED-BCL,0.001,1900,0.5,0.95,0.95,reference_density_screening_properties,mineral host and assay required
BMG-01499,MAT-PR,MED-BAS,0.001,1700,0.001,0.0017,1.6983,reference_density_screening_properties,mineral host and assay required
BMG-01500,MAT-PR,MED-BAS,0.001,1700,0.005,0.0085,1.6915,reference_density_screening_properties,mineral host and assay required
BMG-01501,MAT-PR,MED-BAS,0.001,1700,0.01,0.017,1.683,reference_density_screening_properties,mineral host and assay required
BMG-01502,MAT-PR,MED-BAS,0.001,1700,0.05,0.085,1.615,reference_density_screening_properties,mineral host and assay required
BMG-01503,MAT-PR,MED-BAS,0.001,1700,0.1,0.17,1.53,reference_density_screening_properties,mineral host and assay required
BMG-01504,MAT-PR,MED-BAS,0.001,1700,0.25,0.425,1.275,reference_density_screening_properties,mineral host and assay required
BMG-01505,MAT-PR,MED-BAS,0.001,1700,0.5,0.85,0.85,reference_density_screening_properties,mineral host and assay required
BMG-01506,MAT-PR,MED-CAR,0.001,1300,0.001,0.0013,1.2987,reference_density_screening_properties,mineral host and assay required
BMG-01507,MAT-PR,MED-CAR,0.001,1300,0.005,0.0065,1.2935,reference_density_screening_properties,mineral host and assay required
BMG-01508,MAT-PR,MED-CAR,0.001,1300,0.01,0.013,1.287,reference_density_screening_properties,mineral host and assay required
BMG-01509,MAT-PR,MED-CAR,0.001,1300,0.05,0.065,1.235,reference_density_screening_properties,mineral host and assay required
BMG-01510,MAT-PR,MED-CAR,0.001,1300,0.1,0.13,1.17,reference_density_screening_properties,mineral host and assay required
BMG-01511,MAT-PR,MED-CAR,0.001,1300,0.25,0.325,0.975,reference_density_screening_properties,mineral host and assay required
BMG-01512,MAT-PR,MED-CAR,0.001,1300,0.5,0.65,0.65,reference_density_screening_properties,mineral host and assay required
BMG-01513,MAT-PR,MED-MET,0.001,2300,0.001,0.0023,2.2977,reference_density_screening_properties,mineral host and assay required
BMG-01514,MAT-PR,MED-MET,0.001,2300,0.005,0.0115,2.2885,reference_density_screening_properties,mineral host and assay required
BMG-01515,MAT-PR,MED-MET,0.001,2300,0.01,0.023,2.277,reference_density_screening_properties,mineral host and assay required
BMG-01516,MAT-PR,MED-MET,0.001,2300,0.05,0.115,2.185,reference_density_screening_properties,mineral host and assay required
BMG-01517,MAT-PR,MED-MET,0.001,2300,0.1,0.23,2.07,reference_density_screening_properties,mineral host and assay required
BMG-01518,MAT-PR,MED-MET,0.001,2300,0.25,0.575,1.725,reference_density_screening_properties,mineral host and assay required
BMG-01519,MAT-PR,MED-MET,0.001,2300,0.5,1.15,1.15,reference_density_screening_properties,mineral host and assay required
BMG-01520,MAT-PR,MED-ANT,0.001,1500,0.001,0.0015,1.4985,reference_density_screening_properties,mineral host and assay required
BMG-01521,MAT-PR,MED-ANT,0.001,1500,0.005,0.0075,1.4925,reference_density_screening_properties,mineral host and assay required
BMG-01522,MAT-PR,MED-ANT,0.001,1500,0.01,0.015,1.485,reference_density_screening_properties,mineral host and assay required
BMG-01523,MAT-PR,MED-ANT,0.001,1500,0.05,0.075,1.425,reference_density_screening_properties,mineral host and assay required
BMG-01524,MAT-PR,MED-ANT,0.001,1500,0.1,0.15,1.35,reference_density_screening_properties,mineral host and assay required
BMG-01525,MAT-PR,MED-ANT,0.001,1500,0.25,0.375,1.125,reference_density_screening_properties,mineral host and assay required
BMG-01526,MAT-PR,MED-ANT,0.001,1500,0.5,0.75,0.75,reference_density_screening_properties,mineral host and assay required
BMG-01527,MAT-PR,MED-GLS,0.001,1550,0.001,0.00155,1.54845,reference_density_screening_properties,mineral host and assay required
BMG-01528,MAT-PR,MED-GLS,0.001,1550,0.005,0.00775,1.54225,reference_density_screening_properties,mineral host and assay required
BMG-01529,MAT-PR,MED-GLS,0.001,1550,0.01,0.0155,1.5345,reference_density_screening_properties,mineral host and assay required
BMG-01530,MAT-PR,MED-GLS,0.001,1550,0.05,0.0775,1.4725,reference_density_screening_properties,mineral host and assay required
BMG-01531,MAT-PR,MED-GLS,0.001,1550,0.1,0.155,1.395,reference_density_screening_properties,mineral host and assay required
BMG-01532,MAT-PR,MED-GLS,0.001,1550,0.25,0.3875,1.1625,reference_density_screening_properties,mineral host and assay required
BMG-01533,MAT-PR,MED-GLS,0.001,1550,0.5,0.775,0.775,reference_density_screening_properties,mineral host and assay required
BMG-01534,MAT-PR,MED-ICY,0.001,900,0.001,0.0009,0.8991,reference_density_screening_properties,mineral host and assay required
BMG-01535,MAT-PR,MED-ICY,0.001,900,0.005,0.0045,0.8955,reference_density_screening_properties,mineral host and assay required
BMG-01536,MAT-PR,MED-ICY,0.001,900,0.01,0.009,0.891,reference_density_screening_properties,mineral host and assay required
BMG-01537,MAT-PR,MED-ICY,0.001,900,0.05,0.045,0.855,reference_density_screening_properties,mineral host and assay required
BMG-01538,MAT-PR,MED-ICY,0.001,900,0.1,0.09,0.81,reference_density_screening_properties,mineral host and assay required
BMG-01539,MAT-PR,MED-ICY,0.001,900,0.25,0.225,0.675,reference_density_screening_properties,mineral host and assay required
BMG-01540,MAT-PR,MED-ICY,0.001,900,0.5,0.45,0.45,reference_density_screening_properties,mineral host and assay required
BMG-01541,MAT-DY,MED-GRV,0.001,1600,0.001,0.0016,1.5984,reference_density_screening_properties,mineral host and assay required
BMG-01542,MAT-DY,MED-GRV,0.001,1600,0.005,0.008,1.592,reference_density_screening_properties,mineral host and assay required
BMG-01543,MAT-DY,MED-GRV,0.001,1600,0.01,0.016,1.584,reference_density_screening_properties,mineral host and assay required
BMG-01544,MAT-DY,MED-GRV,0.001,1600,0.05,0.08,1.52,reference_density_screening_properties,mineral host and assay required
BMG-01545,MAT-DY,MED-GRV,0.001,1600,0.1,0.16,1.44,reference_density_screening_properties,mineral host and assay required
BMG-01546,MAT-DY,MED-GRV,0.001,1600,0.25,0.4,1.2,reference_density_screening_properties,mineral host and assay required
BMG-01547,MAT-DY,MED-GRV,0.001,1600,0.5,0.8,0.8,reference_density_screening_properties,mineral host and assay required
BMG-01548,MAT-DY,MED-SND,0.001,1650,0.001,0.00165,1.64835,reference_density_screening_properties,mineral host and assay required
BMG-01549,MAT-DY,MED-SND,0.001,1650,0.005,0.00825,1.64175,reference_density_screening_properties,mineral host and assay required
BMG-01550,MAT-DY,MED-SND,0.001,1650,0.01,0.0165,1.6335,reference_density_screening_properties,mineral host and assay required
BMG-01551,MAT-DY,MED-SND,0.001,1650,0.05,0.0825,1.5675,reference_density_screening_properties,mineral host and assay required
BMG-01552,MAT-DY,MED-SND,0.001,1650,0.1,0.165,1.485,reference_density_screening_properties,mineral host and assay required
BMG-01553,MAT-DY,MED-SND,0.001,1650,0.25,0.4125,1.2375,reference_density_screening_properties,mineral host and assay required
BMG-01554,MAT-DY,MED-SND,0.001,1650,0.5,0.825,0.825,reference_density_screening_properties,mineral host and assay required
BMG-01555,MAT-DY,MED-CLY,0.001,1800,0.001,0.0018,1.7982,reference_density_screening_properties,mineral host and assay required
BMG-01556,MAT-DY,MED-CLY,0.001,1800,0.005,0.009,1.791,reference_density_screening_properties,mineral host and assay required
BMG-01557,MAT-DY,MED-CLY,0.001,1800,0.01,0.018,1.782,reference_density_screening_properties,mineral host and assay required
BMG-01558,MAT-DY,MED-CLY,0.001,1800,0.05,0.09,1.71,reference_density_screening_properties,mineral host and assay required
BMG-01559,MAT-DY,MED-CLY,0.001,1800,0.1,0.18,1.62,reference_density_screening_properties,mineral host and assay required
BMG-01560,MAT-DY,MED-CLY,0.001,1800,0.25,0.45,1.35,reference_density_screening_properties,mineral host and assay required
BMG-01561,MAT-DY,MED-CLY,0.001,1800,0.5,0.9,0.9,reference_density_screening_properties,mineral host and assay required
BMG-01562,MAT-DY,MED-BCL,0.001,1900,0.001,0.0019,1.8981,reference_density_screening_properties,mineral host and assay required
BMG-01563,MAT-DY,MED-BCL,0.001,1900,0.005,0.0095,1.8905,reference_density_screening_properties,mineral host and assay required
BMG-01564,MAT-DY,MED-BCL,0.001,1900,0.01,0.019,1.881,reference_density_screening_properties,mineral host and assay required
BMG-01565,MAT-DY,MED-BCL,0.001,1900,0.05,0.095,1.805,reference_density_screening_properties,mineral host and assay required
BMG-01566,MAT-DY,MED-BCL,0.001,1900,0.1,0.19,1.71,reference_density_screening_properties,mineral host and assay required
BMG-01567,MAT-DY,MED-BCL,0.001,1900,0.25,0.475,1.425,reference_density_screening_properties,mineral host and assay required
BMG-01568,MAT-DY,MED-BCL,0.001,1900,0.5,0.95,0.95,reference_density_screening_properties,mineral host and assay required
BMG-01569,MAT-DY,MED-BAS,0.001,1700,0.001,0.0017,1.6983,reference_density_screening_properties,mineral host and assay required
BMG-01570,MAT-DY,MED-BAS,0.001,1700,0.005,0.0085,1.6915,reference_density_screening_properties,mineral host and assay required
BMG-01571,MAT-DY,MED-BAS,0.001,1700,0.01,0.017,1.683,reference_density_screening_properties,mineral host and assay required
BMG-01572,MAT-DY,MED-BAS,0.001,1700,0.05,0.085,1.615,reference_density_screening_properties,mineral host and assay required
BMG-01573,MAT-DY,MED-BAS,0.001,1700,0.1,0.17,1.53,reference_density_screening_properties,mineral host and assay required
BMG-01574,MAT-DY,MED-BAS,0.001,1700,0.25,0.425,1.275,reference_density_screening_properties,mineral host and assay required
BMG-01575,MAT-DY,MED-BAS,0.001,1700,0.5,0.85,0.85,reference_density_screening_properties,mineral host and assay required
BMG-01576,MAT-DY,MED-CAR,0.001,1300,0.001,0.0013,1.2987,reference_density_screening_properties,mineral host and assay required
BMG-01577,MAT-DY,MED-CAR,0.001,1300,0.005,0.0065,1.2935,reference_density_screening_properties,mineral host and assay required
BMG-01578,MAT-DY,MED-CAR,0.001,1300,0.01,0.013,1.287,reference_density_screening_properties,mineral host and assay required
BMG-01579,MAT-DY,MED-CAR,0.001,1300,0.05,0.065,1.235,reference_density_screening_properties,mineral host and assay required
BMG-01580,MAT-DY,MED-CAR,0.001,1300,0.1,0.13,1.17,reference_density_screening_properties,mineral host and assay required
BMG-01581,MAT-DY,MED-CAR,0.001,1300,0.25,0.325,0.975,reference_density_screening_properties,mineral host and assay required
BMG-01582,MAT-DY,MED-CAR,0.001,1300,0.5,0.65,0.65,reference_density_screening_properties,mineral host and assay required
BMG-01583,MAT-DY,MED-MET,0.001,2300,0.001,0.0023,2.2977,reference_density_screening_properties,mineral host and assay required
BMG-01584,MAT-DY,MED-MET,0.001,2300,0.005,0.0115,2.2885,reference_density_screening_properties,mineral host and assay required
BMG-01585,MAT-DY,MED-MET,0.001,2300,0.01,0.023,2.277,reference_density_screening_properties,mineral host and assay required
BMG-01586,MAT-DY,MED-MET,0.001,2300,0.05,0.115,2.185,reference_density_screening_properties,mineral host and assay required
BMG-01587,MAT-DY,MED-MET,0.001,2300,0.1,0.23,2.07,reference_density_screening_properties,mineral host and assay required
BMG-01588,MAT-DY,MED-MET,0.001,2300,0.25,0.575,1.725,reference_density_screening_properties,mineral host and assay required
BMG-01589,MAT-DY,MED-MET,0.001,2300,0.5,1.15,1.15,reference_density_screening_properties,mineral host and assay required
BMG-01590,MAT-DY,MED-ANT,0.001,1500,0.001,0.0015,1.4985,reference_density_screening_properties,mineral host and assay required
BMG-01591,MAT-DY,MED-ANT,0.001,1500,0.005,0.0075,1.4925,reference_density_screening_properties,mineral host and assay required
BMG-01592,MAT-DY,MED-ANT,0.001,1500,0.01,0.015,1.485,reference_density_screening_properties,mineral host and assay required
BMG-01593,MAT-DY,MED-ANT,0.001,1500,0.05,0.075,1.425,reference_density_screening_properties,mineral host and assay required
BMG-01594,MAT-DY,MED-ANT,0.001,1500,0.1,0.15,1.35,reference_density_screening_properties,mineral host and assay required
BMG-01595,MAT-DY,MED-ANT,0.001,1500,0.25,0.375,1.125,reference_density_screening_properties,mineral host and assay required
BMG-01596,MAT-DY,MED-ANT,0.001,1500,0.5,0.75,0.75,reference_density_screening_properties,mineral host and assay required
BMG-01597,MAT-DY,MED-GLS,0.001,1550,0.001,0.00155,1.54845,reference_density_screening_properties,mineral host and assay required
BMG-01598,MAT-DY,MED-GLS,0.001,1550,0.005,0.00775,1.54225,reference_density_screening_properties,mineral host and assay required
BMG-01599,MAT-DY,MED-GLS,0.001,1550,0.01,0.0155,1.5345,reference_density_screening_properties,mineral host and assay required
BMG-01600,MAT-DY,MED-GLS,0.001,1550,0.05,0.0775,1.4725,reference_density_screening_properties,mineral host and assay required
BMG-01601,MAT-DY,MED-GLS,0.001,1550,0.1,0.155,1.395,reference_density_screening_properties,mineral host and assay required
BMG-01602,MAT-DY,MED-GLS,0.001,1550,0.25,0.3875,1.1625,reference_density_screening_properties,mineral host and assay required
BMG-01603,MAT-DY,MED-GLS,0.001,1550,0.5,0.775,0.775,reference_density_screening_properties,mineral host and assay required
BMG-01604,MAT-DY,MED-ICY,0.001,900,0.001,0.0009,0.8991,reference_density_screening_properties,mineral host and assay required
BMG-01605,MAT-DY,MED-ICY,0.001,900,0.005,0.0045,0.8955,reference_density_screening_properties,mineral host and assay required
BMG-01606,MAT-DY,MED-ICY,0.001,900,0.01,0.009,0.891,reference_density_screening_properties,mineral host and assay required
BMG-01607,MAT-DY,MED-ICY,0.001,900,0.05,0.045,0.855,reference_density_screening_properties,mineral host and assay required
BMG-01608,MAT-DY,MED-ICY,0.001,900,0.1,0.09,0.81,reference_density_screening_properties,mineral host and assay required
BMG-01609,MAT-DY,MED-ICY,0.001,900,0.25,0.225,0.675,reference_density_screening_properties,mineral host and assay required
BMG-01610,MAT-DY,MED-ICY,0.001,900,0.5,0.45,0.45,reference_density_screening_properties,mineral host and assay required
BMG-01611,MAT-TB,MED-GRV,0.001,1600,0.001,0.0016,1.5984,reference_density_screening_properties,mineral host and assay required
BMG-01612,MAT-TB,MED-GRV,0.001,1600,0.005,0.008,1.592,reference_density_screening_properties,mineral host and assay required
BMG-01613,MAT-TB,MED-GRV,0.001,1600,0.01,0.016,1.584,reference_density_screening_properties,mineral host and assay required
BMG-01614,MAT-TB,MED-GRV,0.001,1600,0.05,0.08,1.52,reference_density_screening_properties,mineral host and assay required
BMG-01615,MAT-TB,MED-GRV,0.001,1600,0.1,0.16,1.44,reference_density_screening_properties,mineral host and assay required
BMG-01616,MAT-TB,MED-GRV,0.001,1600,0.25,0.4,1.2,reference_density_screening_properties,mineral host and assay required
BMG-01617,MAT-TB,MED-GRV,0.001,1600,0.5,0.8,0.8,reference_density_screening_properties,mineral host and assay required
BMG-01618,MAT-TB,MED-SND,0.001,1650,0.001,0.00165,1.64835,reference_density_screening_properties,mineral host and assay required
BMG-01619,MAT-TB,MED-SND,0.001,1650,0.005,0.00825,1.64175,reference_density_screening_properties,mineral host and assay required
BMG-01620,MAT-TB,MED-SND,0.001,1650,0.01,0.0165,1.6335,reference_density_screening_properties,mineral host and assay required
BMG-01621,MAT-TB,MED-SND,0.001,1650,0.05,0.0825,1.5675,reference_density_screening_properties,mineral host and assay required
BMG-01622,MAT-TB,MED-SND,0.001,1650,0.1,0.165,1.485,reference_density_screening_properties,mineral host and assay required
BMG-01623,MAT-TB,MED-SND,0.001,1650,0.25,0.4125,1.2375,reference_density_screening_properties,mineral host and assay required
BMG-01624,MAT-TB,MED-SND,0.001,1650,0.5,0.825,0.825,reference_density_screening_properties,mineral host and assay required
BMG-01625,MAT-TB,MED-CLY,0.001,1800,0.001,0.0018,1.7982,reference_density_screening_properties,mineral host and assay required
BMG-01626,MAT-TB,MED-CLY,0.001,1800,0.005,0.009,1.791,reference_density_screening_properties,mineral host and assay required
BMG-01627,MAT-TB,MED-CLY,0.001,1800,0.01,0.018,1.782,reference_density_screening_properties,mineral host and assay required
BMG-01628,MAT-TB,MED-CLY,0.001,1800,0.05,0.09,1.71,reference_density_screening_properties,mineral host and assay required
BMG-01629,MAT-TB,MED-CLY,0.001,1800,0.1,0.18,1.62,reference_density_screening_properties,mineral host and assay required
BMG-01630,MAT-TB,MED-CLY,0.001,1800,0.25,0.45,1.35,reference_density_screening_properties,mineral host and assay required
BMG-01631,MAT-TB,MED-CLY,0.001,1800,0.5,0.9,0.9,reference_density_screening_properties,mineral host and assay required
BMG-01632,MAT-TB,MED-BCL,0.001,1900,0.001,0.0019,1.8981,reference_density_screening_properties,mineral host and assay required
BMG-01633,MAT-TB,MED-BCL,0.001,1900,0.005,0.0095,1.8905,reference_density_screening_properties,mineral host and assay required
BMG-01634,MAT-TB,MED-BCL,0.001,1900,0.01,0.019,1.881,reference_density_screening_properties,mineral host and assay required
BMG-01635,MAT-TB,MED-BCL,0.001,1900,0.05,0.095,1.805,reference_density_screening_properties,mineral host and assay required
BMG-01636,MAT-TB,MED-BCL,0.001,1900,0.1,0.19,1.71,reference_density_screening_properties,mineral host and assay required
BMG-01637,MAT-TB,MED-BCL,0.001,1900,0.25,0.475,1.425,reference_density_screening_properties,mineral host and assay required
BMG-01638,MAT-TB,MED-BCL,0.001,1900,0.5,0.95,0.95,reference_density_screening_properties,mineral host and assay required
BMG-01639,MAT-TB,MED-BAS,0.001,1700,0.001,0.0017,1.6983,reference_density_screening_properties,mineral host and assay required
BMG-01640,MAT-TB,MED-BAS,0.001,1700,0.005,0.0085,1.6915,reference_density_screening_properties,mineral host and assay required
BMG-01641,MAT-TB,MED-BAS,0.001,1700,0.01,0.017,1.683,reference_density_screening_properties,mineral host and assay required
BMG-01642,MAT-TB,MED-BAS,0.001,1700,0.05,0.085,1.615,reference_density_screening_properties,mineral host and assay required
BMG-01643,MAT-TB,MED-BAS,0.001,1700,0.1,0.17,1.53,reference_density_screening_properties,mineral host and assay required
BMG-01644,MAT-TB,MED-BAS,0.001,1700,0.25,0.425,1.275,reference_density_screening_properties,mineral host and assay required
BMG-01645,MAT-TB,MED-BAS,0.001,1700,0.5,0.85,0.85,reference_density_screening_properties,mineral host and assay required
BMG-01646,MAT-TB,MED-CAR,0.001,1300,0.001,0.0013,1.2987,reference_density_screening_properties,mineral host and assay required
BMG-01647,MAT-TB,MED-CAR,0.001,1300,0.005,0.0065,1.2935,reference_density_screening_properties,mineral host and assay required
BMG-01648,MAT-TB,MED-CAR,0.001,1300,0.01,0.013,1.287,reference_density_screening_properties,mineral host and assay required
BMG-01649,MAT-TB,MED-CAR,0.001,1300,0.05,0.065,1.235,reference_density_screening_properties,mineral host and assay required
BMG-01650,MAT-TB,MED-CAR,0.001,1300,0.1,0.13,1.17,reference_density_screening_properties,mineral host and assay required
BMG-01651,MAT-TB,MED-CAR,0.001,1300,0.25,0.325,0.975,reference_density_screening_properties,mineral host and assay required
BMG-01652,MAT-TB,MED-CAR,0.001,1300,0.5,0.65,0.65,reference_density_screening_properties,mineral host and assay required
BMG-01653,MAT-TB,MED-MET,0.001,2300,0.001,0.0023,2.2977,reference_density_screening_properties,mineral host and assay required
BMG-01654,MAT-TB,MED-MET,0.001,2300,0.005,0.0115,2.2885,reference_density_screening_properties,mineral host and assay required
BMG-01655,MAT-TB,MED-MET,0.001,2300,0.01,0.023,2.277,reference_density_screening_properties,mineral host and assay required
BMG-01656,MAT-TB,MED-MET,0.001,2300,0.05,0.115,2.185,reference_density_screening_properties,mineral host and assay required
BMG-01657,MAT-TB,MED-MET,0.001,2300,0.1,0.23,2.07,reference_density_screening_properties,mineral host and assay required
BMG-01658,MAT-TB,MED-MET,0.001,2300,0.25,0.575,1.725,reference_density_screening_properties,mineral host and assay required
BMG-01659,MAT-TB,MED-MET,0.001,2300,0.5,1.15,1.15,reference_density_screening_properties,mineral host and assay required
BMG-01660,MAT-TB,MED-ANT,0.001,1500,0.001,0.0015,1.4985,reference_density_screening_properties,mineral host and assay required
BMG-01661,MAT-TB,MED-ANT,0.001,1500,0.005,0.0075,1.4925,reference_density_screening_properties,mineral host and assay required
BMG-01662,MAT-TB,MED-ANT,0.001,1500,0.01,0.015,1.485,reference_density_screening_properties,mineral host and assay required
BMG-01663,MAT-TB,MED-ANT,0.001,1500,0.05,0.075,1.425,reference_density_screening_properties,mineral host and assay required
BMG-01664,MAT-TB,MED-ANT,0.001,1500,0.1,0.15,1.35,reference_density_screening_properties,mineral host and assay required
BMG-01665,MAT-TB,MED-ANT,0.001,1500,0.25,0.375,1.125,reference_density_screening_properties,mineral host and assay required
BMG-01666,MAT-TB,MED-ANT,0.001,1500,0.5,0.75,0.75,reference_density_screening_properties,mineral host and assay required
BMG-01667,MAT-TB,MED-GLS,0.001,1550,0.001,0.00155,1.54845,reference_density_screening_properties,mineral host and assay required
BMG-01668,MAT-TB,MED-GLS,0.001,1550,0.005,0.00775,1.54225,reference_density_screening_properties,mineral host and assay required
BMG-01669,MAT-TB,MED-GLS,0.001,1550,0.01,0.0155,1.5345,reference_density_screening_properties,mineral host and assay required
BMG-01670,MAT-TB,MED-GLS,0.001,1550,0.05,0.0775,1.4725,reference_density_screening_properties,mineral host and assay required
BMG-01671,MAT-TB,MED-GLS,0.001,1550,0.1,0.155,1.395,reference_density_screening_properties,mineral host and assay required
BMG-01672,MAT-TB,MED-GLS,0.001,1550,0.25,0.3875,1.1625,reference_density_screening_properties,mineral host and assay required
BMG-01673,MAT-TB,MED-GLS,0.001,1550,0.5,0.775,0.775,reference_density_screening_properties,mineral host and assay required
BMG-01674,MAT-TB,MED-ICY,0.001,900,0.001,0.0009,0.8991,reference_density_screening_properties,mineral host and assay required
BMG-01675,MAT-TB,MED-ICY,0.001,900,0.005,0.0045,0.8955,reference_density_screening_properties,mineral host and assay required
BMG-01676,MAT-TB,MED-ICY,0.001,900,0.01,0.009,0.891,reference_density_screening_properties,mineral host and assay required
BMG-01677,MAT-TB,MED-ICY,0.001,900,0.05,0.045,0.855,reference_density_screening_properties,mineral host and assay required
BMG-01678,MAT-TB,MED-ICY,0.001,900,0.1,0.09,0.81,reference_density_screening_properties,mineral host and assay required
BMG-01679,MAT-TB,MED-ICY,0.001,900,0.25,0.225,0.675,reference_density_screening_properties,mineral host and assay required
BMG-01680,MAT-TB,MED-ICY,0.001,900,0.5,0.45,0.45,reference_density_screening_properties,mineral host and assay required
BMG-01681,PHA-FENI,MED-GRV,0.001,1600,0.001,0.0016,1.5984,engineering_screening_range,"alloy composition, grain state and hysteresis required"
BMG-01682,PHA-FENI,MED-GRV,0.001,1600,0.005,0.008,1.592,engineering_screening_range,"alloy composition, grain state and hysteresis required"
BMG-01683,PHA-FENI,MED-GRV,0.001,1600,0.01,0.016,1.584,engineering_screening_range,"alloy composition, grain state and hysteresis required"
BMG-01684,PHA-FENI,MED-GRV,0.001,1600,0.05,0.08,1.52,engineering_screening_range,"alloy composition, grain state and hysteresis required"
BMG-01685,PHA-FENI,MED-GRV,0.001,1600,0.1,0.16,1.44,engineering_screening_range,"alloy composition, grain state and hysteresis required"
BMG-01686,PHA-FENI,MED-GRV,0.001,1600,0.25,0.4,1.2,engineering_screening_range,"alloy composition, grain state and hysteresis required"
BMG-01687,PHA-FENI,MED-GRV,0.001,1600,0.5,0.8,0.8,engineering_screening_range,"alloy composition, grain state and hysteresis required"
BMG-01688,PHA-FENI,MED-SND,0.001,1650,0.001,0.00165,1.64835,engineering_screening_range,"alloy composition, grain state and hysteresis required"
BMG-01689,PHA-FENI,MED-SND,0.001,1650,0.005,0.00825,1.64175,engineering_screening_range,"alloy composition, grain state and hysteresis required"
BMG-01690,PHA-FENI,MED-SND,0.001,1650,0.01,0.0165,1.6335,engineering_screening_range,"alloy composition, grain state and hysteresis required"
BMG-01691,PHA-FENI,MED-SND,0.001,1650,0.05,0.0825,1.5675,engineering_screening_range,"alloy composition, grain state and hysteresis required"
BMG-01692,PHA-FENI,MED-SND,0.001,1650,0.1,0.165,1.485,engineering_screening_range,"alloy composition, grain state and hysteresis required"
BMG-01693,PHA-FENI,MED-SND,0.001,1650,0.25,0.4125,1.2375,engineering_screening_range,"alloy composition, grain state and hysteresis required"
BMG-01694,PHA-FENI,MED-SND,0.001,1650,0.5,0.825,0.825,engineering_screening_range,"alloy composition, grain state and hysteresis required"
BMG-01695,PHA-FENI,MED-CLY,0.001,1800,0.001,0.0018,1.7982,engineering_screening_range,"alloy composition, grain state and hysteresis required"
BMG-01696,PHA-FENI,MED-CLY,0.001,1800,0.005,0.009,1.791,engineering_screening_range,"alloy composition, grain state and hysteresis required"
BMG-01697,PHA-FENI,MED-CLY,0.001,1800,0.01,0.018,1.782,engineering_screening_range,"alloy composition, grain state and hysteresis required"
BMG-01698,PHA-FENI,MED-CLY,0.001,1800,0.05,0.09,1.71,engineering_screening_range,"alloy composition, grain state and hysteresis required"
BMG-01699,PHA-FENI,MED-CLY,0.001,1800,0.1,0.18,1.62,engineering_screening_range,"alloy composition, grain state and hysteresis required"
BMG-01700,PHA-FENI,MED-CLY,0.001,1800,0.25,0.45,1.35,engineering_screening_range,"alloy composition, grain state and hysteresis required"
BMG-01701,PHA-FENI,MED-CLY,0.001,1800,0.5,0.9,0.9,engineering_screening_range,"alloy composition, grain state and hysteresis required"
BMG-01702,PHA-FENI,MED-BCL,0.001,1900,0.001,0.0019,1.8981,engineering_screening_range,"alloy composition, grain state and hysteresis required"
BMG-01703,PHA-FENI,MED-BCL,0.001,1900,0.005,0.0095,1.8905,engineering_screening_range,"alloy composition, grain state and hysteresis required"
BMG-01704,PHA-FENI,MED-BCL,0.001,1900,0.01,0.019,1.881,engineering_screening_range,"alloy composition, grain state and hysteresis required"
BMG-01705,PHA-FENI,MED-BCL,0.001,1900,0.05,0.095,1.805,engineering_screening_range,"alloy composition, grain state and hysteresis required"
BMG-01706,PHA-FENI,MED-BCL,0.001,1900,0.1,0.19,1.71,engineering_screening_range,"alloy composition, grain state and hysteresis required"
BMG-01707,PHA-FENI,MED-BCL,0.001,1900,0.25,0.475,1.425,engineering_screening_range,"alloy composition, grain state and hysteresis required"
BMG-01708,PHA-FENI,MED-BCL,0.001,1900,0.5,0.95,0.95,engineering_screening_range,"alloy composition, grain state and hysteresis required"
BMG-01709,PHA-FENI,MED-BAS,0.001,1700,0.001,0.0017,1.6983,engineering_screening_range,"alloy composition, grain state and hysteresis required"
BMG-01710,PHA-FENI,MED-BAS,0.001,1700,0.005,0.0085,1.6915,engineering_screening_range,"alloy composition, grain state and hysteresis required"
BMG-01711,PHA-FENI,MED-BAS,0.001,1700,0.01,0.017,1.683,engineering_screening_range,"alloy composition, grain state and hysteresis required"
BMG-01712,PHA-FENI,MED-BAS,0.001,1700,0.05,0.085,1.615,engineering_screening_range,"alloy composition, grain state and hysteresis required"
BMG-01713,PHA-FENI,MED-BAS,0.001,1700,0.1,0.17,1.53,engineering_screening_range,"alloy composition, grain state and hysteresis required"
BMG-01714,PHA-FENI,MED-BAS,0.001,1700,0.25,0.425,1.275,engineering_screening_range,"alloy composition, grain state and hysteresis required"
BMG-01715,PHA-FENI,MED-BAS,0.001,1700,0.5,0.85,0.85,engineering_screening_range,"alloy composition, grain state and hysteresis required"
BMG-01716,PHA-FENI,MED-CAR,0.001,1300,0.001,0.0013,1.2987,engineering_screening_range,"alloy composition, grain state and hysteresis required"
BMG-01717,PHA-FENI,MED-CAR,0.001,1300,0.005,0.0065,1.2935,engineering_screening_range,"alloy composition, grain state and hysteresis required"
BMG-01718,PHA-FENI,MED-CAR,0.001,1300,0.01,0.013,1.287,engineering_screening_range,"alloy composition, grain state and hysteresis required"
BMG-01719,PHA-FENI,MED-CAR,0.001,1300,0.05,0.065,1.235,engineering_screening_range,"alloy composition, grain state and hysteresis required"
BMG-01720,PHA-FENI,MED-CAR,0.001,1300,0.1,0.13,1.17,engineering_screening_range,"alloy composition, grain state and hysteresis required"
BMG-01721,PHA-FENI,MED-CAR,0.001,1300,0.25,0.325,0.975,engineering_screening_range,"alloy composition, grain state and hysteresis required"
BMG-01722,PHA-FENI,MED-CAR,0.001,1300,0.5,0.65,0.65,engineering_screening_range,"alloy composition, grain state and hysteresis required"
BMG-01723,PHA-FENI,MED-MET,0.001,2300,0.001,0.0023,2.2977,engineering_screening_range,"alloy composition, grain state and hysteresis required"
BMG-01724,PHA-FENI,MED-MET,0.001,2300,0.005,0.0115,2.2885,engineering_screening_range,"alloy composition, grain state and hysteresis required"
BMG-01725,PHA-FENI,MED-MET,0.001,2300,0.01,0.023,2.277,engineering_screening_range,"alloy composition, grain state and hysteresis required"
BMG-01726,PHA-FENI,MED-MET,0.001,2300,0.05,0.115,2.185,engineering_screening_range,"alloy composition, grain state and hysteresis required"
BMG-01727,PHA-FENI,MED-MET,0.001,2300,0.1,0.23,2.07,engineering_screening_range,"alloy composition, grain state and hysteresis required"
BMG-01728,PHA-FENI,MED-MET,0.001,2300,0.25,0.575,1.725,engineering_screening_range,"alloy composition, grain state and hysteresis required"
BMG-01729,PHA-FENI,MED-MET,0.001,2300,0.5,1.15,1.15,engineering_screening_range,"alloy composition, grain state and hysteresis required"
BMG-01730,PHA-FENI,MED-ANT,0.001,1500,0.001,0.0015,1.4985,engineering_screening_range,"alloy composition, grain state and hysteresis required"
BMG-01731,PHA-FENI,MED-ANT,0.001,1500,0.005,0.0075,1.4925,engineering_screening_range,"alloy composition, grain state and hysteresis required"
BMG-01732,PHA-FENI,MED-ANT,0.001,1500,0.01,0.015,1.485,engineering_screening_range,"alloy composition, grain state and hysteresis required"
BMG-01733,PHA-FENI,MED-ANT,0.001,1500,0.05,0.075,1.425,engineering_screening_range,"alloy composition, grain state and hysteresis required"
BMG-01734,PHA-FENI,MED-ANT,0.001,1500,0.1,0.15,1.35,engineering_screening_range,"alloy composition, grain state and hysteresis required"
BMG-01735,PHA-FENI,MED-ANT,0.001,1500,0.25,0.375,1.125,engineering_screening_range,"alloy composition, grain state and hysteresis required"
BMG-01736,PHA-FENI,MED-ANT,0.001,1500,0.5,0.75,0.75,engineering_screening_range,"alloy composition, grain state and hysteresis required"
BMG-01737,PHA-FENI,MED-GLS,0.001,1550,0.001,0.00155,1.54845,engineering_screening_range,"alloy composition, grain state and hysteresis required"
BMG-01738,PHA-FENI,MED-GLS,0.001,1550,0.005,0.00775,1.54225,engineering_screening_range,"alloy composition, grain state and hysteresis required"
BMG-01739,PHA-FENI,MED-GLS,0.001,1550,0.01,0.0155,1.5345,engineering_screening_range,"alloy composition, grain state and hysteresis required"
BMG-01740,PHA-FENI,MED-GLS,0.001,1550,0.05,0.0775,1.4725,engineering_screening_range,"alloy composition, grain state and hysteresis required"
BMG-01741,PHA-FENI,MED-GLS,0.001,1550,0.1,0.155,1.395,engineering_screening_range,"alloy composition, grain state and hysteresis required"
BMG-01742,PHA-FENI,MED-GLS,0.001,1550,0.25,0.3875,1.1625,engineering_screening_range,"alloy composition, grain state and hysteresis required"
BMG-01743,PHA-FENI,MED-GLS,0.001,1550,0.5,0.775,0.775,engineering_screening_range,"alloy composition, grain state and hysteresis required"
BMG-01744,PHA-FENI,MED-ICY,0.001,900,0.001,0.0009,0.8991,engineering_screening_range,"alloy composition, grain state and hysteresis required"
BMG-01745,PHA-FENI,MED-ICY,0.001,900,0.005,0.0045,0.8955,engineering_screening_range,"alloy composition, grain state and hysteresis required"
BMG-01746,PHA-FENI,MED-ICY,0.001,900,0.01,0.009,0.891,engineering_screening_range,"alloy composition, grain state and hysteresis required"
BMG-01747,PHA-FENI,MED-ICY,0.001,900,0.05,0.045,0.855,engineering_screening_range,"alloy composition, grain state and hysteresis required"
BMG-01748,PHA-FENI,MED-ICY,0.001,900,0.1,0.09,0.81,engineering_screening_range,"alloy composition, grain state and hysteresis required"
BMG-01749,PHA-FENI,MED-ICY,0.001,900,0.25,0.225,0.675,engineering_screening_range,"alloy composition, grain state and hysteresis required"
BMG-01750,PHA-FENI,MED-ICY,0.001,900,0.5,0.45,0.45,engineering_screening_range,"alloy composition, grain state and hysteresis required"
BMG-01751,PHA-MAG,MED-GRV,0.001,1600,0.001,0.0016,1.5984,phase_reference_screening,"measure grade, grain size and magnetic curve"
BMG-01752,PHA-MAG,MED-GRV,0.001,1600,0.005,0.008,1.592,phase_reference_screening,"measure grade, grain size and magnetic curve"
BMG-01753,PHA-MAG,MED-GRV,0.001,1600,0.01,0.016,1.584,phase_reference_screening,"measure grade, grain size and magnetic curve"
BMG-01754,PHA-MAG,MED-GRV,0.001,1600,0.05,0.08,1.52,phase_reference_screening,"measure grade, grain size and magnetic curve"
BMG-01755,PHA-MAG,MED-GRV,0.001,1600,0.1,0.16,1.44,phase_reference_screening,"measure grade, grain size and magnetic curve"
BMG-01756,PHA-MAG,MED-GRV,0.001,1600,0.25,0.4,1.2,phase_reference_screening,"measure grade, grain size and magnetic curve"
BMG-01757,PHA-MAG,MED-GRV,0.001,1600,0.5,0.8,0.8,phase_reference_screening,"measure grade, grain size and magnetic curve"
BMG-01758,PHA-MAG,MED-SND,0.001,1650,0.001,0.00165,1.64835,phase_reference_screening,"measure grade, grain size and magnetic curve"
BMG-01759,PHA-MAG,MED-SND,0.001,1650,0.005,0.00825,1.64175,phase_reference_screening,"measure grade, grain size and magnetic curve"
BMG-01760,PHA-MAG,MED-SND,0.001,1650,0.01,0.0165,1.6335,phase_reference_screening,"measure grade, grain size and magnetic curve"
BMG-01761,PHA-MAG,MED-SND,0.001,1650,0.05,0.0825,1.5675,phase_reference_screening,"measure grade, grain size and magnetic curve"
BMG-01762,PHA-MAG,MED-SND,0.001,1650,0.1,0.165,1.485,phase_reference_screening,"measure grade, grain size and magnetic curve"
BMG-01763,PHA-MAG,MED-SND,0.001,1650,0.25,0.4125,1.2375,phase_reference_screening,"measure grade, grain size and magnetic curve"
BMG-01764,PHA-MAG,MED-SND,0.001,1650,0.5,0.825,0.825,phase_reference_screening,"measure grade, grain size and magnetic curve"
BMG-01765,PHA-MAG,MED-CLY,0.001,1800,0.001,0.0018,1.7982,phase_reference_screening,"measure grade, grain size and magnetic curve"
BMG-01766,PHA-MAG,MED-CLY,0.001,1800,0.005,0.009,1.791,phase_reference_screening,"measure grade, grain size and magnetic curve"
BMG-01767,PHA-MAG,MED-CLY,0.001,1800,0.01,0.018,1.782,phase_reference_screening,"measure grade, grain size and magnetic curve"
BMG-01768,PHA-MAG,MED-CLY,0.001,1800,0.05,0.09,1.71,phase_reference_screening,"measure grade, grain size and magnetic curve"
BMG-01769,PHA-MAG,MED-CLY,0.001,1800,0.1,0.18,1.62,phase_reference_screening,"measure grade, grain size and magnetic curve"
BMG-01770,PHA-MAG,MED-CLY,0.001,1800,0.25,0.45,1.35,phase_reference_screening,"measure grade, grain size and magnetic curve"
BMG-01771,PHA-MAG,MED-CLY,0.001,1800,0.5,0.9,0.9,phase_reference_screening,"measure grade, grain size and magnetic curve"
BMG-01772,PHA-MAG,MED-BCL,0.001,1900,0.001,0.0019,1.8981,phase_reference_screening,"measure grade, grain size and magnetic curve"
BMG-01773,PHA-MAG,MED-BCL,0.001,1900,0.005,0.0095,1.8905,phase_reference_screening,"measure grade, grain size and magnetic curve"
BMG-01774,PHA-MAG,MED-BCL,0.001,1900,0.01,0.019,1.881,phase_reference_screening,"measure grade, grain size and magnetic curve"
BMG-01775,PHA-MAG,MED-BCL,0.001,1900,0.05,0.095,1.805,phase_reference_screening,"measure grade, grain size and magnetic curve"
BMG-01776,PHA-MAG,MED-BCL,0.001,1900,0.1,0.19,1.71,phase_reference_screening,"measure grade, grain size and magnetic curve"
BMG-01777,PHA-MAG,MED-BCL,0.001,1900,0.25,0.475,1.425,phase_reference_screening,"measure grade, grain size and magnetic curve"
BMG-01778,PHA-MAG,MED-BCL,0.001,1900,0.5,0.95,0.95,phase_reference_screening,"measure grade, grain size and magnetic curve"
BMG-01779,PHA-MAG,MED-BAS,0.001,1700,0.001,0.0017,1.6983,phase_reference_screening,"measure grade, grain size and magnetic curve"
BMG-01780,PHA-MAG,MED-BAS,0.001,1700,0.005,0.0085,1.6915,phase_reference_screening,"measure grade, grain size and magnetic curve"
BMG-01781,PHA-MAG,MED-BAS,0.001,1700,0.01,0.017,1.683,phase_reference_screening,"measure grade, grain size and magnetic curve"
BMG-01782,PHA-MAG,MED-BAS,0.001,1700,0.05,0.085,1.615,phase_reference_screening,"measure grade, grain size and magnetic curve"
BMG-01783,PHA-MAG,MED-BAS,0.001,1700,0.1,0.17,1.53,phase_reference_screening,"measure grade, grain size and magnetic curve"
BMG-01784,PHA-MAG,MED-BAS,0.001,1700,0.25,0.425,1.275,phase_reference_screening,"measure grade, grain size and magnetic curve"
BMG-01785,PHA-MAG,MED-BAS,0.001,1700,0.5,0.85,0.85,phase_reference_screening,"measure grade, grain size and magnetic curve"
BMG-01786,PHA-MAG,MED-CAR,0.001,1300,0.001,0.0013,1.2987,phase_reference_screening,"measure grade, grain size and magnetic curve"
BMG-01787,PHA-MAG,MED-CAR,0.001,1300,0.005,0.0065,1.2935,phase_reference_screening,"measure grade, grain size and magnetic curve"
BMG-01788,PHA-MAG,MED-CAR,0.001,1300,0.01,0.013,1.287,phase_reference_screening,"measure grade, grain size and magnetic curve"
BMG-01789,PHA-MAG,MED-CAR,0.001,1300,0.05,0.065,1.235,phase_reference_screening,"measure grade, grain size and magnetic curve"
BMG-01790,PHA-MAG,MED-CAR,0.001,1300,0.1,0.13,1.17,phase_reference_screening,"measure grade, grain size and magnetic curve"
BMG-01791,PHA-MAG,MED-CAR,0.001,1300,0.25,0.325,0.975,phase_reference_screening,"measure grade, grain size and magnetic curve"
BMG-01792,PHA-MAG,MED-CAR,0.001,1300,0.5,0.65,0.65,phase_reference_screening,"measure grade, grain size and magnetic curve"
BMG-01793,PHA-MAG,MED-MET,0.001,2300,0.001,0.0023,2.2977,phase_reference_screening,"measure grade, grain size and magnetic curve"
BMG-01794,PHA-MAG,MED-MET,0.001,2300,0.005,0.0115,2.2885,phase_reference_screening,"measure grade, grain size and magnetic curve"
BMG-01795,PHA-MAG,MED-MET,0.001,2300,0.01,0.023,2.277,phase_reference_screening,"measure grade, grain size and magnetic curve"
BMG-01796,PHA-MAG,MED-MET,0.001,2300,0.05,0.115,2.185,phase_reference_screening,"measure grade, grain size and magnetic curve"
BMG-01797,PHA-MAG,MED-MET,0.001,2300,0.1,0.23,2.07,phase_reference_screening,"measure grade, grain size and magnetic curve"
BMG-01798,PHA-MAG,MED-MET,0.001,2300,0.25,0.575,1.725,phase_reference_screening,"measure grade, grain size and magnetic curve"
BMG-01799,PHA-MAG,MED-MET,0.001,2300,0.5,1.15,1.15,phase_reference_screening,"measure grade, grain size and magnetic curve"
BMG-01800,PHA-MAG,MED-ANT,0.001,1500,0.001,0.0015,1.4985,phase_reference_screening,"measure grade, grain size and magnetic curve"
BMG-01801,PHA-MAG,MED-ANT,0.001,1500,0.005,0.0075,1.4925,phase_reference_screening,"measure grade, grain size and magnetic curve"
BMG-01802,PHA-MAG,MED-ANT,0.001,1500,0.01,0.015,1.485,phase_reference_screening,"measure grade, grain size and magnetic curve"
BMG-01803,PHA-MAG,MED-ANT,0.001,1500,0.05,0.075,1.425,phase_reference_screening,"measure grade, grain size and magnetic curve"
BMG-01804,PHA-MAG,MED-ANT,0.001,1500,0.1,0.15,1.35,phase_reference_screening,"measure grade, grain size and magnetic curve"
BMG-01805,PHA-MAG,MED-ANT,0.001,1500,0.25,0.375,1.125,phase_reference_screening,"measure grade, grain size and magnetic curve"
BMG-01806,PHA-MAG,MED-ANT,0.001,1500,0.5,0.75,0.75,phase_reference_screening,"measure grade, grain size and magnetic curve"
BMG-01807,PHA-MAG,MED-GLS,0.001,1550,0.001,0.00155,1.54845,phase_reference_screening,"measure grade, grain size and magnetic curve"
BMG-01808,PHA-MAG,MED-GLS,0.001,1550,0.005,0.00775,1.54225,phase_reference_screening,"measure grade, grain size and magnetic curve"
BMG-01809,PHA-MAG,MED-GLS,0.001,1550,0.01,0.0155,1.5345,phase_reference_screening,"measure grade, grain size and magnetic curve"
BMG-01810,PHA-MAG,MED-GLS,0.001,1550,0.05,0.0775,1.4725,phase_reference_screening,"measure grade, grain size and magnetic curve"
BMG-01811,PHA-MAG,MED-GLS,0.001,1550,0.1,0.155,1.395,phase_reference_screening,"measure grade, grain size and magnetic curve"
BMG-01812,PHA-MAG,MED-GLS,0.001,1550,0.25,0.3875,1.1625,phase_reference_screening,"measure grade, grain size and magnetic curve"
BMG-01813,PHA-MAG,MED-GLS,0.001,1550,0.5,0.775,0.775,phase_reference_screening,"measure grade, grain size and magnetic curve"
BMG-01814,PHA-MAG,MED-ICY,0.001,900,0.001,0.0009,0.8991,phase_reference_screening,"measure grade, grain size and magnetic curve"
BMG-01815,PHA-MAG,MED-ICY,0.001,900,0.005,0.0045,0.8955,phase_reference_screening,"measure grade, grain size and magnetic curve"
BMG-01816,PHA-MAG,MED-ICY,0.001,900,0.01,0.009,0.891,phase_reference_screening,"measure grade, grain size and magnetic curve"
BMG-01817,PHA-MAG,MED-ICY,0.001,900,0.05,0.045,0.855,phase_reference_screening,"measure grade, grain size and magnetic curve"
BMG-01818,PHA-MAG,MED-ICY,0.001,900,0.1,0.09,0.81,phase_reference_screening,"measure grade, grain size and magnetic curve"
BMG-01819,PHA-MAG,MED-ICY,0.001,900,0.25,0.225,0.675,phase_reference_screening,"measure grade, grain size and magnetic curve"
BMG-01820,PHA-MAG,MED-ICY,0.001,900,0.5,0.45,0.45,phase_reference_screening,"measure grade, grain size and magnetic curve"
BMG-01821,PHA-HEM,MED-GRV,0.001,1600,0.001,0.0016,1.5984,engineering_screening_range,phase purity required
BMG-01822,PHA-HEM,MED-GRV,0.001,1600,0.005,0.008,1.592,engineering_screening_range,phase purity required
BMG-01823,PHA-HEM,MED-GRV,0.001,1600,0.01,0.016,1.584,engineering_screening_range,phase purity required
BMG-01824,PHA-HEM,MED-GRV,0.001,1600,0.05,0.08,1.52,engineering_screening_range,phase purity required
BMG-01825,PHA-HEM,MED-GRV,0.001,1600,0.1,0.16,1.44,engineering_screening_range,phase purity required
BMG-01826,PHA-HEM,MED-GRV,0.001,1600,0.25,0.4,1.2,engineering_screening_range,phase purity required
BMG-01827,PHA-HEM,MED-GRV,0.001,1600,0.5,0.8,0.8,engineering_screening_range,phase purity required
BMG-01828,PHA-HEM,MED-SND,0.001,1650,0.001,0.00165,1.64835,engineering_screening_range,phase purity required
BMG-01829,PHA-HEM,MED-SND,0.001,1650,0.005,0.00825,1.64175,engineering_screening_range,phase purity required
BMG-01830,PHA-HEM,MED-SND,0.001,1650,0.01,0.0165,1.6335,engineering_screening_range,phase purity required
BMG-01831,PHA-HEM,MED-SND,0.001,1650,0.05,0.0825,1.5675,engineering_screening_range,phase purity required
BMG-01832,PHA-HEM,MED-SND,0.001,1650,0.1,0.165,1.485,engineering_screening_range,phase purity required
BMG-01833,PHA-HEM,MED-SND,0.001,1650,0.25,0.4125,1.2375,engineering_screening_range,phase purity required
BMG-01834,PHA-HEM,MED-SND,0.001,1650,0.5,0.825,0.825,engineering_screening_range,phase purity required
BMG-01835,PHA-HEM,MED-CLY,0.001,1800,0.001,0.0018,1.7982,engineering_screening_range,phase purity required
BMG-01836,PHA-HEM,MED-CLY,0.001,1800,0.005,0.009,1.791,engineering_screening_range,phase purity required
BMG-01837,PHA-HEM,MED-CLY,0.001,1800,0.01,0.018,1.782,engineering_screening_range,phase purity required
BMG-01838,PHA-HEM,MED-CLY,0.001,1800,0.05,0.09,1.71,engineering_screening_range,phase purity required
BMG-01839,PHA-HEM,MED-CLY,0.001,1800,0.1,0.18,1.62,engineering_screening_range,phase purity required
BMG-01840,PHA-HEM,MED-CLY,0.001,1800,0.25,0.45,1.35,engineering_screening_range,phase purity required
BMG-01841,PHA-HEM,MED-CLY,0.001,1800,0.5,0.9,0.9,engineering_screening_range,phase purity required
BMG-01842,PHA-HEM,MED-BCL,0.001,1900,0.001,0.0019,1.8981,engineering_screening_range,phase purity required
BMG-01843,PHA-HEM,MED-BCL,0.001,1900,0.005,0.0095,1.8905,engineering_screening_range,phase purity required
BMG-01844,PHA-HEM,MED-BCL,0.001,1900,0.01,0.019,1.881,engineering_screening_range,phase purity required
BMG-01845,PHA-HEM,MED-BCL,0.001,1900,0.05,0.095,1.805,engineering_screening_range,phase purity required
BMG-01846,PHA-HEM,MED-BCL,0.001,1900,0.1,0.19,1.71,engineering_screening_range,phase purity required
BMG-01847,PHA-HEM,MED-BCL,0.001,1900,0.25,0.475,1.425,engineering_screening_range,phase purity required
BMG-01848,PHA-HEM,MED-BCL,0.001,1900,0.5,0.95,0.95,engineering_screening_range,phase purity required
BMG-01849,PHA-HEM,MED-BAS,0.001,1700,0.001,0.0017,1.6983,engineering_screening_range,phase purity required
BMG-01850,PHA-HEM,MED-BAS,0.001,1700,0.005,0.0085,1.6915,engineering_screening_range,phase purity required
BMG-01851,PHA-HEM,MED-BAS,0.001,1700,0.01,0.017,1.683,engineering_screening_range,phase purity required
BMG-01852,PHA-HEM,MED-BAS,0.001,1700,0.05,0.085,1.615,engineering_screening_range,phase purity required
BMG-01853,PHA-HEM,MED-BAS,0.001,1700,0.1,0.17,1.53,engineering_screening_range,phase purity required
BMG-01854,PHA-HEM,MED-BAS,0.001,1700,0.25,0.425,1.275,engineering_screening_range,phase purity required
BMG-01855,PHA-HEM,MED-BAS,0.001,1700,0.5,0.85,0.85,engineering_screening_range,phase purity required
BMG-01856,PHA-HEM,MED-CAR,0.001,1300,0.001,0.0013,1.2987,engineering_screening_range,phase purity required
BMG-01857,PHA-HEM,MED-CAR,0.001,1300,0.005,0.0065,1.2935,engineering_screening_range,phase purity required
BMG-01858,PHA-HEM,MED-CAR,0.001,1300,0.01,0.013,1.287,engineering_screening_range,phase purity required
BMG-01859,PHA-HEM,MED-CAR,0.001,1300,0.05,0.065,1.235,engineering_screening_range,phase purity required
BMG-01860,PHA-HEM,MED-CAR,0.001,1300,0.1,0.13,1.17,engineering_screening_range,phase purity required
BMG-01861,PHA-HEM,MED-CAR,0.001,1300,0.25,0.325,0.975,engineering_screening_range,phase purity required
BMG-01862,PHA-HEM,MED-CAR,0.001,1300,0.5,0.65,0.65,engineering_screening_range,phase purity required
BMG-01863,PHA-HEM,MED-MET,0.001,2300,0.001,0.0023,2.2977,engineering_screening_range,phase purity required
BMG-01864,PHA-HEM,MED-MET,0.001,2300,0.005,0.0115,2.2885,engineering_screening_range,phase purity required
BMG-01865,PHA-HEM,MED-MET,0.001,2300,0.01,0.023,2.277,engineering_screening_range,phase purity required
BMG-01866,PHA-HEM,MED-MET,0.001,2300,0.05,0.115,2.185,engineering_screening_range,phase purity required
BMG-01867,PHA-HEM,MED-MET,0.001,2300,0.1,0.23,2.07,engineering_screening_range,phase purity required
BMG-01868,PHA-HEM,MED-MET,0.001,2300,0.25,0.575,1.725,engineering_screening_range,phase purity required
BMG-01869,PHA-HEM,MED-MET,0.001,2300,0.5,1.15,1.15,engineering_screening_range,phase purity required
BMG-01870,PHA-HEM,MED-ANT,0.001,1500,0.001,0.0015,1.4985,engineering_screening_range,phase purity required
BMG-01871,PHA-HEM,MED-ANT,0.001,1500,0.005,0.0075,1.4925,engineering_screening_range,phase purity required
BMG-01872,PHA-HEM,MED-ANT,0.001,1500,0.01,0.015,1.485,engineering_screening_range,phase purity required
BMG-01873,PHA-HEM,MED-ANT,0.001,1500,0.05,0.075,1.425,engineering_screening_range,phase purity required
BMG-01874,PHA-HEM,MED-ANT,0.001,1500,0.1,0.15,1.35,engineering_screening_range,phase purity required
BMG-01875,PHA-HEM,MED-ANT,0.001,1500,0.25,0.375,1.125,engineering_screening_range,phase purity required
BMG-01876,PHA-HEM,MED-ANT,0.001,1500,0.5,0.75,0.75,engineering_screening_range,phase purity required
BMG-01877,PHA-HEM,MED-GLS,0.001,1550,0.001,0.00155,1.54845,engineering_screening_range,phase purity required
BMG-01878,PHA-HEM,MED-GLS,0.001,1550,0.005,0.00775,1.54225,engineering_screening_range,phase purity required
BMG-01879,PHA-HEM,MED-GLS,0.001,1550,0.01,0.0155,1.5345,engineering_screening_range,phase purity required
BMG-01880,PHA-HEM,MED-GLS,0.001,1550,0.05,0.0775,1.4725,engineering_screening_range,phase purity required
BMG-01881,PHA-HEM,MED-GLS,0.001,1550,0.1,0.155,1.395,engineering_screening_range,phase purity required
BMG-01882,PHA-HEM,MED-GLS,0.001,1550,0.25,0.3875,1.1625,engineering_screening_range,phase purity required
BMG-01883,PHA-HEM,MED-GLS,0.001,1550,0.5,0.775,0.775,engineering_screening_range,phase purity required
BMG-01884,PHA-HEM,MED-ICY,0.001,900,0.001,0.0009,0.8991,engineering_screening_range,phase purity required
BMG-01885,PHA-HEM,MED-ICY,0.001,900,0.005,0.0045,0.8955,engineering_screening_range,phase purity required
BMG-01886,PHA-HEM,MED-ICY,0.001,900,0.01,0.009,0.891,engineering_screening_range,phase purity required
BMG-01887,PHA-HEM,MED-ICY,0.001,900,0.05,0.045,0.855,engineering_screening_range,phase purity required
BMG-01888,PHA-HEM,MED-ICY,0.001,900,0.1,0.09,0.81,engineering_screening_range,phase purity required
BMG-01889,PHA-HEM,MED-ICY,0.001,900,0.25,0.225,0.675,engineering_screening_range,phase purity required
BMG-01890,PHA-HEM,MED-ICY,0.001,900,0.5,0.45,0.45,engineering_screening_range,phase purity required
BMG-01891,PHA-TRO,MED-GRV,0.001,1600,0.001,0.0016,1.5984,engineering_screening_range,confirm mineralogy and stoichiometry
BMG-01892,PHA-TRO,MED-GRV,0.001,1600,0.005,0.008,1.592,engineering_screening_range,confirm mineralogy and stoichiometry
BMG-01893,PHA-TRO,MED-GRV,0.001,1600,0.01,0.016,1.584,engineering_screening_range,confirm mineralogy and stoichiometry
BMG-01894,PHA-TRO,MED-GRV,0.001,1600,0.05,0.08,1.52,engineering_screening_range,confirm mineralogy and stoichiometry
BMG-01895,PHA-TRO,MED-GRV,0.001,1600,0.1,0.16,1.44,engineering_screening_range,confirm mineralogy and stoichiometry
BMG-01896,PHA-TRO,MED-GRV,0.001,1600,0.25,0.4,1.2,engineering_screening_range,confirm mineralogy and stoichiometry
BMG-01897,PHA-TRO,MED-GRV,0.001,1600,0.5,0.8,0.8,engineering_screening_range,confirm mineralogy and stoichiometry
BMG-01898,PHA-TRO,MED-SND,0.001,1650,0.001,0.00165,1.64835,engineering_screening_range,confirm mineralogy and stoichiometry
BMG-01899,PHA-TRO,MED-SND,0.001,1650,0.005,0.00825,1.64175,engineering_screening_range,confirm mineralogy and stoichiometry
BMG-01900,PHA-TRO,MED-SND,0.001,1650,0.01,0.0165,1.6335,engineering_screening_range,confirm mineralogy and stoichiometry
BMG-01901,PHA-TRO,MED-SND,0.001,1650,0.05,0.0825,1.5675,engineering_screening_range,confirm mineralogy and stoichiometry
BMG-01902,PHA-TRO,MED-SND,0.001,1650,0.1,0.165,1.485,engineering_screening_range,confirm mineralogy and stoichiometry
BMG-01903,PHA-TRO,MED-SND,0.001,1650,0.25,0.4125,1.2375,engineering_screening_range,confirm mineralogy and stoichiometry
BMG-01904,PHA-TRO,MED-SND,0.001,1650,0.5,0.825,0.825,engineering_screening_range,confirm mineralogy and stoichiometry
BMG-01905,PHA-TRO,MED-CLY,0.001,1800,0.001,0.0018,1.7982,engineering_screening_range,confirm mineralogy and stoichiometry
BMG-01906,PHA-TRO,MED-CLY,0.001,1800,0.005,0.009,1.791,engineering_screening_range,confirm mineralogy and stoichiometry
BMG-01907,PHA-TRO,MED-CLY,0.001,1800,0.01,0.018,1.782,engineering_screening_range,confirm mineralogy and stoichiometry
BMG-01908,PHA-TRO,MED-CLY,0.001,1800,0.05,0.09,1.71,engineering_screening_range,confirm mineralogy and stoichiometry
BMG-01909,PHA-TRO,MED-CLY,0.001,1800,0.1,0.18,1.62,engineering_screening_range,confirm mineralogy and stoichiometry
BMG-01910,PHA-TRO,MED-CLY,0.001,1800,0.25,0.45,1.35,engineering_screening_range,confirm mineralogy and stoichiometry
BMG-01911,PHA-TRO,MED-CLY,0.001,1800,0.5,0.9,0.9,engineering_screening_range,confirm mineralogy and stoichiometry
BMG-01912,PHA-TRO,MED-BCL,0.001,1900,0.001,0.0019,1.8981,engineering_screening_range,confirm mineralogy and stoichiometry
BMG-01913,PHA-TRO,MED-BCL,0.001,1900,0.005,0.0095,1.8905,engineering_screening_range,confirm mineralogy and stoichiometry
BMG-01914,PHA-TRO,MED-BCL,0.001,1900,0.01,0.019,1.881,engineering_screening_range,confirm mineralogy and stoichiometry
BMG-01915,PHA-TRO,MED-BCL,0.001,1900,0.05,0.095,1.805,engineering_screening_range,confirm mineralogy and stoichiometry
BMG-01916,PHA-TRO,MED-BCL,0.001,1900,0.1,0.19,1.71,engineering_screening_range,confirm mineralogy and stoichiometry
BMG-01917,PHA-TRO,MED-BCL,0.001,1900,0.25,0.475,1.425,engineering_screening_range,confirm mineralogy and stoichiometry
BMG-01918,PHA-TRO,MED-BCL,0.001,1900,0.5,0.95,0.95,engineering_screening_range,confirm mineralogy and stoichiometry
BMG-01919,PHA-TRO,MED-BAS,0.001,1700,0.001,0.0017,1.6983,engineering_screening_range,confirm mineralogy and stoichiometry
BMG-01920,PHA-TRO,MED-BAS,0.001,1700,0.005,0.0085,1.6915,engineering_screening_range,confirm mineralogy and stoichiometry
BMG-01921,PHA-TRO,MED-BAS,0.001,1700,0.01,0.017,1.683,engineering_screening_range,confirm mineralogy and stoichiometry
BMG-01922,PHA-TRO,MED-BAS,0.001,1700,0.05,0.085,1.615,engineering_screening_range,confirm mineralogy and stoichiometry
BMG-01923,PHA-TRO,MED-BAS,0.001,1700,0.1,0.17,1.53,engineering_screening_range,confirm mineralogy and stoichiometry
BMG-01924,PHA-TRO,MED-BAS,0.001,1700,0.25,0.425,1.275,engineering_screening_range,confirm mineralogy and stoichiometry
BMG-01925,PHA-TRO,MED-BAS,0.001,1700,0.5,0.85,0.85,engineering_screening_range,confirm mineralogy and stoichiometry
BMG-01926,PHA-TRO,MED-CAR,0.001,1300,0.001,0.0013,1.2987,engineering_screening_range,confirm mineralogy and stoichiometry
BMG-01927,PHA-TRO,MED-CAR,0.001,1300,0.005,0.0065,1.2935,engineering_screening_range,confirm mineralogy and stoichiometry
BMG-01928,PHA-TRO,MED-CAR,0.001,1300,0.01,0.013,1.287,engineering_screening_range,confirm mineralogy and stoichiometry
BMG-01929,PHA-TRO,MED-CAR,0.001,1300,0.05,0.065,1.235,engineering_screening_range,confirm mineralogy and stoichiometry
BMG-01930,PHA-TRO,MED-CAR,0.001,1300,0.1,0.13,1.17,engineering_screening_range,confirm mineralogy and stoichiometry
BMG-01931,PHA-TRO,MED-CAR,0.001,1300,0.25,0.325,0.975,engineering_screening_range,confirm mineralogy and stoichiometry
BMG-01932,PHA-TRO,MED-CAR,0.001,1300,0.5,0.65,0.65,engineering_screening_range,confirm mineralogy and stoichiometry
BMG-01933,PHA-TRO,MED-MET,0.001,2300,0.001,0.0023,2.2977,engineering_screening_range,confirm mineralogy and stoichiometry
BMG-01934,PHA-TRO,MED-MET,0.001,2300,0.005,0.0115,2.2885,engineering_screening_range,confirm mineralogy and stoichiometry
BMG-01935,PHA-TRO,MED-MET,0.001,2300,0.01,0.023,2.277,engineering_screening_range,confirm mineralogy and stoichiometry
BMG-01936,PHA-TRO,MED-MET,0.001,2300,0.05,0.115,2.185,engineering_screening_range,confirm mineralogy and stoichiometry
BMG-01937,PHA-TRO,MED-MET,0.001,2300,0.1,0.23,2.07,engineering_screening_range,confirm mineralogy and stoichiometry
BMG-01938,PHA-TRO,MED-MET,0.001,2300,0.25,0.575,1.725,engineering_screening_range,confirm mineralogy and stoichiometry
BMG-01939,PHA-TRO,MED-MET,0.001,2300,0.5,1.15,1.15,engineering_screening_range,confirm mineralogy and stoichiometry
BMG-01940,PHA-TRO,MED-ANT,0.001,1500,0.001,0.0015,1.4985,engineering_screening_range,confirm mineralogy and stoichiometry
BMG-01941,PHA-TRO,MED-ANT,0.001,1500,0.005,0.0075,1.4925,engineering_screening_range,confirm mineralogy and stoichiometry
BMG-01942,PHA-TRO,MED-ANT,0.001,1500,0.01,0.015,1.485,engineering_screening_range,confirm mineralogy and stoichiometry
BMG-01943,PHA-TRO,MED-ANT,0.001,1500,0.05,0.075,1.425,engineering_screening_range,confirm mineralogy and stoichiometry
BMG-01944,PHA-TRO,MED-ANT,0.001,1500,0.1,0.15,1.35,engineering_screening_range,confirm mineralogy and stoichiometry
BMG-01945,PHA-TRO,MED-ANT,0.001,1500,0.25,0.375,1.125,engineering_screening_range,confirm mineralogy and stoichiometry
BMG-01946,PHA-TRO,MED-ANT,0.001,1500,0.5,0.75,0.75,engineering_screening_range,confirm mineralogy and stoichiometry
BMG-01947,PHA-TRO,MED-GLS,0.001,1550,0.001,0.00155,1.54845,engineering_screening_range,confirm mineralogy and stoichiometry
BMG-01948,PHA-TRO,MED-GLS,0.001,1550,0.005,0.00775,1.54225,engineering_screening_range,confirm mineralogy and stoichiometry
BMG-01949,PHA-TRO,MED-GLS,0.001,1550,0.01,0.0155,1.5345,engineering_screening_range,confirm mineralogy and stoichiometry
BMG-01950,PHA-TRO,MED-GLS,0.001,1550,0.05,0.0775,1.4725,engineering_screening_range,confirm mineralogy and stoichiometry
BMG-01951,PHA-TRO,MED-GLS,0.001,1550,0.1,0.155,1.395,engineering_screening_range,confirm mineralogy and stoichiometry
BMG-01952,PHA-TRO,MED-GLS,0.001,1550,0.25,0.3875,1.1625,engineering_screening_range,confirm mineralogy and stoichiometry
BMG-01953,PHA-TRO,MED-GLS,0.001,1550,0.5,0.775,0.775,engineering_screening_range,confirm mineralogy and stoichiometry
BMG-01954,PHA-TRO,MED-ICY,0.001,900,0.001,0.0009,0.8991,engineering_screening_range,confirm mineralogy and stoichiometry
BMG-01955,PHA-TRO,MED-ICY,0.001,900,0.005,0.0045,0.8955,engineering_screening_range,confirm mineralogy and stoichiometry
BMG-01956,PHA-TRO,MED-ICY,0.001,900,0.01,0.009,0.891,engineering_screening_range,confirm mineralogy and stoichiometry
BMG-01957,PHA-TRO,MED-ICY,0.001,900,0.05,0.045,0.855,engineering_screening_range,confirm mineralogy and stoichiometry
BMG-01958,PHA-TRO,MED-ICY,0.001,900,0.1,0.09,0.81,engineering_screening_range,confirm mineralogy and stoichiometry
BMG-01959,PHA-TRO,MED-ICY,0.001,900,0.25,0.225,0.675,engineering_screening_range,confirm mineralogy and stoichiometry
BMG-01960,PHA-TRO,MED-ICY,0.001,900,0.5,0.45,0.45,engineering_screening_range,confirm mineralogy and stoichiometry
BMG-01961,PHA-PYR,MED-GRV,0.001,1600,0.001,0.0016,1.5984,engineering_screening_range,x and magnetic transition state required
BMG-01962,PHA-PYR,MED-GRV,0.001,1600,0.005,0.008,1.592,engineering_screening_range,x and magnetic transition state required
BMG-01963,PHA-PYR,MED-GRV,0.001,1600,0.01,0.016,1.584,engineering_screening_range,x and magnetic transition state required
BMG-01964,PHA-PYR,MED-GRV,0.001,1600,0.05,0.08,1.52,engineering_screening_range,x and magnetic transition state required
BMG-01965,PHA-PYR,MED-GRV,0.001,1600,0.1,0.16,1.44,engineering_screening_range,x and magnetic transition state required
BMG-01966,PHA-PYR,MED-GRV,0.001,1600,0.25,0.4,1.2,engineering_screening_range,x and magnetic transition state required
BMG-01967,PHA-PYR,MED-GRV,0.001,1600,0.5,0.8,0.8,engineering_screening_range,x and magnetic transition state required
BMG-01968,PHA-PYR,MED-SND,0.001,1650,0.001,0.00165,1.64835,engineering_screening_range,x and magnetic transition state required
BMG-01969,PHA-PYR,MED-SND,0.001,1650,0.005,0.00825,1.64175,engineering_screening_range,x and magnetic transition state required
BMG-01970,PHA-PYR,MED-SND,0.001,1650,0.01,0.0165,1.6335,engineering_screening_range,x and magnetic transition state required
BMG-01971,PHA-PYR,MED-SND,0.001,1650,0.05,0.0825,1.5675,engineering_screening_range,x and magnetic transition state required
BMG-01972,PHA-PYR,MED-SND,0.001,1650,0.1,0.165,1.485,engineering_screening_range,x and magnetic transition state required
BMG-01973,PHA-PYR,MED-SND,0.001,1650,0.25,0.4125,1.2375,engineering_screening_range,x and magnetic transition state required
BMG-01974,PHA-PYR,MED-SND,0.001,1650,0.5,0.825,0.825,engineering_screening_range,x and magnetic transition state required
BMG-01975,PHA-PYR,MED-CLY,0.001,1800,0.001,0.0018,1.7982,engineering_screening_range,x and magnetic transition state required
BMG-01976,PHA-PYR,MED-CLY,0.001,1800,0.005,0.009,1.791,engineering_screening_range,x and magnetic transition state required
BMG-01977,PHA-PYR,MED-CLY,0.001,1800,0.01,0.018,1.782,engineering_screening_range,x and magnetic transition state required
BMG-01978,PHA-PYR,MED-CLY,0.001,1800,0.05,0.09,1.71,engineering_screening_range,x and magnetic transition state required
BMG-01979,PHA-PYR,MED-CLY,0.001,1800,0.1,0.18,1.62,engineering_screening_range,x and magnetic transition state required
BMG-01980,PHA-PYR,MED-CLY,0.001,1800,0.25,0.45,1.35,engineering_screening_range,x and magnetic transition state required
BMG-01981,PHA-PYR,MED-CLY,0.001,1800,0.5,0.9,0.9,engineering_screening_range,x and magnetic transition state required
BMG-01982,PHA-PYR,MED-BCL,0.001,1900,0.001,0.0019,1.8981,engineering_screening_range,x and magnetic transition state required
BMG-01983,PHA-PYR,MED-BCL,0.001,1900,0.005,0.0095,1.8905,engineering_screening_range,x and magnetic transition state required
BMG-01984,PHA-PYR,MED-BCL,0.001,1900,0.01,0.019,1.881,engineering_screening_range,x and magnetic transition state required
BMG-01985,PHA-PYR,MED-BCL,0.001,1900,0.05,0.095,1.805,engineering_screening_range,x and magnetic transition state required
BMG-01986,PHA-PYR,MED-BCL,0.001,1900,0.1,0.19,1.71,engineering_screening_range,x and magnetic transition state required
BMG-01987,PHA-PYR,MED-BCL,0.001,1900,0.25,0.475,1.425,engineering_screening_range,x and magnetic transition state required
BMG-01988,PHA-PYR,MED-BCL,0.001,1900,0.5,0.95,0.95,engineering_screening_range,x and magnetic transition state required
BMG-01989,PHA-PYR,MED-BAS,0.001,1700,0.001,0.0017,1.6983,engineering_screening_range,x and magnetic transition state required
BMG-01990,PHA-PYR,MED-BAS,0.001,1700,0.005,0.0085,1.6915,engineering_screening_range,x and magnetic transition state required
BMG-01991,PHA-PYR,MED-BAS,0.001,1700,0.01,0.017,1.683,engineering_screening_range,x and magnetic transition state required
BMG-01992,PHA-PYR,MED-BAS,0.001,1700,0.05,0.085,1.615,engineering_screening_range,x and magnetic transition state required
BMG-01993,PHA-PYR,MED-BAS,0.001,1700,0.1,0.17,1.53,engineering_screening_range,x and magnetic transition state required
BMG-01994,PHA-PYR,MED-BAS,0.001,1700,0.25,0.425,1.275,engineering_screening_range,x and magnetic transition state required
BMG-01995,PHA-PYR,MED-BAS,0.001,1700,0.5,0.85,0.85,engineering_screening_range,x and magnetic transition state required
BMG-01996,PHA-PYR,MED-CAR,0.001,1300,0.001,0.0013,1.2987,engineering_screening_range,x and magnetic transition state required
BMG-01997,PHA-PYR,MED-CAR,0.001,1300,0.005,0.0065,1.2935,engineering_screening_range,x and magnetic transition state required
BMG-01998,PHA-PYR,MED-CAR,0.001,1300,0.01,0.013,1.287,engineering_screening_range,x and magnetic transition state required
BMG-01999,PHA-PYR,MED-CAR,0.001,1300,0.05,0.065,1.235,engineering_screening_range,x and magnetic transition state required
BMG-02000,PHA-PYR,MED-CAR,0.001,1300,0.1,0.13,1.17,engineering_screening_range,x and magnetic transition state required
BMG-02001,PHA-PYR,MED-CAR,0.001,1300,0.25,0.325,0.975,engineering_screening_range,x and magnetic transition state required
BMG-02002,PHA-PYR,MED-CAR,0.001,1300,0.5,0.65,0.65,engineering_screening_range,x and magnetic transition state required
BMG-02003,PHA-PYR,MED-MET,0.001,2300,0.001,0.0023,2.2977,engineering_screening_range,x and magnetic transition state required
BMG-02004,PHA-PYR,MED-MET,0.001,2300,0.005,0.0115,2.2885,engineering_screening_range,x and magnetic transition state required
BMG-02005,PHA-PYR,MED-MET,0.001,2300,0.01,0.023,2.277,engineering_screening_range,x and magnetic transition state required
BMG-02006,PHA-PYR,MED-MET,0.001,2300,0.05,0.115,2.185,engineering_screening_range,x and magnetic transition state required
BMG-02007,PHA-PYR,MED-MET,0.001,2300,0.1,0.23,2.07,engineering_screening_range,x and magnetic transition state required
BMG-02008,PHA-PYR,MED-MET,0.001,2300,0.25,0.575,1.725,engineering_screening_range,x and magnetic transition state required
BMG-02009,PHA-PYR,MED-MET,0.001,2300,0.5,1.15,1.15,engineering_screening_range,x and magnetic transition state required
BMG-02010,PHA-PYR,MED-ANT,0.001,1500,0.001,0.0015,1.4985,engineering_screening_range,x and magnetic transition state required
BMG-02011,PHA-PYR,MED-ANT,0.001,1500,0.005,0.0075,1.4925,engineering_screening_range,x and magnetic transition state required
BMG-02012,PHA-PYR,MED-ANT,0.001,1500,0.01,0.015,1.485,engineering_screening_range,x and magnetic transition state required
BMG-02013,PHA-PYR,MED-ANT,0.001,1500,0.05,0.075,1.425,engineering_screening_range,x and magnetic transition state required
BMG-02014,PHA-PYR,MED-ANT,0.001,1500,0.1,0.15,1.35,engineering_screening_range,x and magnetic transition state required
BMG-02015,PHA-PYR,MED-ANT,0.001,1500,0.25,0.375,1.125,engineering_screening_range,x and magnetic transition state required
BMG-02016,PHA-PYR,MED-ANT,0.001,1500,0.5,0.75,0.75,engineering_screening_range,x and magnetic transition state required
BMG-02017,PHA-PYR,MED-GLS,0.001,1550,0.001,0.00155,1.54845,engineering_screening_range,x and magnetic transition state required
BMG-02018,PHA-PYR,MED-GLS,0.001,1550,0.005,0.00775,1.54225,engineering_screening_range,x and magnetic transition state required
BMG-02019,PHA-PYR,MED-GLS,0.001,1550,0.01,0.0155,1.5345,engineering_screening_range,x and magnetic transition state required
BMG-02020,PHA-PYR,MED-GLS,0.001,1550,0.05,0.0775,1.4725,engineering_screening_range,x and magnetic transition state required
BMG-02021,PHA-PYR,MED-GLS,0.001,1550,0.1,0.155,1.395,engineering_screening_range,x and magnetic transition state required
BMG-02022,PHA-PYR,MED-GLS,0.001,1550,0.25,0.3875,1.1625,engineering_screening_range,x and magnetic transition state required
BMG-02023,PHA-PYR,MED-GLS,0.001,1550,0.5,0.775,0.775,engineering_screening_range,x and magnetic transition state required
BMG-02024,PHA-PYR,MED-ICY,0.001,900,0.001,0.0009,0.8991,engineering_screening_range,x and magnetic transition state required
BMG-02025,PHA-PYR,MED-ICY,0.001,900,0.005,0.0045,0.8955,engineering_screening_range,x and magnetic transition state required
BMG-02026,PHA-PYR,MED-ICY,0.001,900,0.01,0.009,0.891,engineering_screening_range,x and magnetic transition state required
BMG-02027,PHA-PYR,MED-ICY,0.001,900,0.05,0.045,0.855,engineering_screening_range,x and magnetic transition state required
BMG-02028,PHA-PYR,MED-ICY,0.001,900,0.1,0.09,0.81,engineering_screening_range,x and magnetic transition state required
BMG-02029,PHA-PYR,MED-ICY,0.001,900,0.25,0.225,0.675,engineering_screening_range,x and magnetic transition state required
BMG-02030,PHA-PYR,MED-ICY,0.001,900,0.5,0.45,0.45,engineering_screening_range,x and magnetic transition state required
BMG-02031,PHA-OLI,MED-GRV,0.001,1600,0.001,0.0016,1.5984,engineering_screening_range,Fo-Fa composition required
BMG-02032,PHA-OLI,MED-GRV,0.001,1600,0.005,0.008,1.592,engineering_screening_range,Fo-Fa composition required
BMG-02033,PHA-OLI,MED-GRV,0.001,1600,0.01,0.016,1.584,engineering_screening_range,Fo-Fa composition required
BMG-02034,PHA-OLI,MED-GRV,0.001,1600,0.05,0.08,1.52,engineering_screening_range,Fo-Fa composition required
BMG-02035,PHA-OLI,MED-GRV,0.001,1600,0.1,0.16,1.44,engineering_screening_range,Fo-Fa composition required
BMG-02036,PHA-OLI,MED-GRV,0.001,1600,0.25,0.4,1.2,engineering_screening_range,Fo-Fa composition required
BMG-02037,PHA-OLI,MED-GRV,0.001,1600,0.5,0.8,0.8,engineering_screening_range,Fo-Fa composition required
BMG-02038,PHA-OLI,MED-SND,0.001,1650,0.001,0.00165,1.64835,engineering_screening_range,Fo-Fa composition required
BMG-02039,PHA-OLI,MED-SND,0.001,1650,0.005,0.00825,1.64175,engineering_screening_range,Fo-Fa composition required
BMG-02040,PHA-OLI,MED-SND,0.001,1650,0.01,0.0165,1.6335,engineering_screening_range,Fo-Fa composition required
BMG-02041,PHA-OLI,MED-SND,0.001,1650,0.05,0.0825,1.5675,engineering_screening_range,Fo-Fa composition required
BMG-02042,PHA-OLI,MED-SND,0.001,1650,0.1,0.165,1.485,engineering_screening_range,Fo-Fa composition required
BMG-02043,PHA-OLI,MED-SND,0.001,1650,0.25,0.4125,1.2375,engineering_screening_range,Fo-Fa composition required
BMG-02044,PHA-OLI,MED-SND,0.001,1650,0.5,0.825,0.825,engineering_screening_range,Fo-Fa composition required
BMG-02045,PHA-OLI,MED-CLY,0.001,1800,0.001,0.0018,1.7982,engineering_screening_range,Fo-Fa composition required
BMG-02046,PHA-OLI,MED-CLY,0.001,1800,0.005,0.009,1.791,engineering_screening_range,Fo-Fa composition required
BMG-02047,PHA-OLI,MED-CLY,0.001,1800,0.01,0.018,1.782,engineering_screening_range,Fo-Fa composition required
BMG-02048,PHA-OLI,MED-CLY,0.001,1800,0.05,0.09,1.71,engineering_screening_range,Fo-Fa composition required
BMG-02049,PHA-OLI,MED-CLY,0.001,1800,0.1,0.18,1.62,engineering_screening_range,Fo-Fa composition required
BMG-02050,PHA-OLI,MED-CLY,0.001,1800,0.25,0.45,1.35,engineering_screening_range,Fo-Fa composition required
BMG-02051,PHA-OLI,MED-CLY,0.001,1800,0.5,0.9,0.9,engineering_screening_range,Fo-Fa composition required
BMG-02052,PHA-OLI,MED-BCL,0.001,1900,0.001,0.0019,1.8981,engineering_screening_range,Fo-Fa composition required
BMG-02053,PHA-OLI,MED-BCL,0.001,1900,0.005,0.0095,1.8905,engineering_screening_range,Fo-Fa composition required
BMG-02054,PHA-OLI,MED-BCL,0.001,1900,0.01,0.019,1.881,engineering_screening_range,Fo-Fa composition required
BMG-02055,PHA-OLI,MED-BCL,0.001,1900,0.05,0.095,1.805,engineering_screening_range,Fo-Fa composition required
BMG-02056,PHA-OLI,MED-BCL,0.001,1900,0.1,0.19,1.71,engineering_screening_range,Fo-Fa composition required
BMG-02057,PHA-OLI,MED-BCL,0.001,1900,0.25,0.475,1.425,engineering_screening_range,Fo-Fa composition required
BMG-02058,PHA-OLI,MED-BCL,0.001,1900,0.5,0.95,0.95,engineering_screening_range,Fo-Fa composition required
BMG-02059,PHA-OLI,MED-BAS,0.001,1700,0.001,0.0017,1.6983,engineering_screening_range,Fo-Fa composition required
BMG-02060,PHA-OLI,MED-BAS,0.001,1700,0.005,0.0085,1.6915,engineering_screening_range,Fo-Fa composition required
BMG-02061,PHA-OLI,MED-BAS,0.001,1700,0.01,0.017,1.683,engineering_screening_range,Fo-Fa composition required
BMG-02062,PHA-OLI,MED-BAS,0.001,1700,0.05,0.085,1.615,engineering_screening_range,Fo-Fa composition required
BMG-02063,PHA-OLI,MED-BAS,0.001,1700,0.1,0.17,1.53,engineering_screening_range,Fo-Fa composition required
BMG-02064,PHA-OLI,MED-BAS,0.001,1700,0.25,0.425,1.275,engineering_screening_range,Fo-Fa composition required
BMG-02065,PHA-OLI,MED-BAS,0.001,1700,0.5,0.85,0.85,engineering_screening_range,Fo-Fa composition required
BMG-02066,PHA-OLI,MED-CAR,0.001,1300,0.001,0.0013,1.2987,engineering_screening_range,Fo-Fa composition required
BMG-02067,PHA-OLI,MED-CAR,0.001,1300,0.005,0.0065,1.2935,engineering_screening_range,Fo-Fa composition required
BMG-02068,PHA-OLI,MED-CAR,0.001,1300,0.01,0.013,1.287,engineering_screening_range,Fo-Fa composition required
BMG-02069,PHA-OLI,MED-CAR,0.001,1300,0.05,0.065,1.235,engineering_screening_range,Fo-Fa composition required
BMG-02070,PHA-OLI,MED-CAR,0.001,1300,0.1,0.13,1.17,engineering_screening_range,Fo-Fa composition required
BMG-02071,PHA-OLI,MED-CAR,0.001,1300,0.25,0.325,0.975,engineering_screening_range,Fo-Fa composition required
BMG-02072,PHA-OLI,MED-CAR,0.001,1300,0.5,0.65,0.65,engineering_screening_range,Fo-Fa composition required
BMG-02073,PHA-OLI,MED-MET,0.001,2300,0.001,0.0023,2.2977,engineering_screening_range,Fo-Fa composition required
BMG-02074,PHA-OLI,MED-MET,0.001,2300,0.005,0.0115,2.2885,engineering_screening_range,Fo-Fa composition required
BMG-02075,PHA-OLI,MED-MET,0.001,2300,0.01,0.023,2.277,engineering_screening_range,Fo-Fa composition required
BMG-02076,PHA-OLI,MED-MET,0.001,2300,0.05,0.115,2.185,engineering_screening_range,Fo-Fa composition required
BMG-02077,PHA-OLI,MED-MET,0.001,2300,0.1,0.23,2.07,engineering_screening_range,Fo-Fa composition required
BMG-02078,PHA-OLI,MED-MET,0.001,2300,0.25,0.575,1.725,engineering_screening_range,Fo-Fa composition required
BMG-02079,PHA-OLI,MED-MET,0.001,2300,0.5,1.15,1.15,engineering_screening_range,Fo-Fa composition required
BMG-02080,PHA-OLI,MED-ANT,0.001,1500,0.001,0.0015,1.4985,engineering_screening_range,Fo-Fa composition required
BMG-02081,PHA-OLI,MED-ANT,0.001,1500,0.005,0.0075,1.4925,engineering_screening_range,Fo-Fa composition required
BMG-02082,PHA-OLI,MED-ANT,0.001,1500,0.01,0.015,1.485,engineering_screening_range,Fo-Fa composition required
BMG-02083,PHA-OLI,MED-ANT,0.001,1500,0.05,0.075,1.425,engineering_screening_range,Fo-Fa composition required
BMG-02084,PHA-OLI,MED-ANT,0.001,1500,0.1,0.15,1.35,engineering_screening_range,Fo-Fa composition required
BMG-02085,PHA-OLI,MED-ANT,0.001,1500,0.25,0.375,1.125,engineering_screening_range,Fo-Fa composition required
BMG-02086,PHA-OLI,MED-ANT,0.001,1500,0.5,0.75,0.75,engineering_screening_range,Fo-Fa composition required
BMG-02087,PHA-OLI,MED-GLS,0.001,1550,0.001,0.00155,1.54845,engineering_screening_range,Fo-Fa composition required
BMG-02088,PHA-OLI,MED-GLS,0.001,1550,0.005,0.00775,1.54225,engineering_screening_range,Fo-Fa composition required
BMG-02089,PHA-OLI,MED-GLS,0.001,1550,0.01,0.0155,1.5345,engineering_screening_range,Fo-Fa composition required
BMG-02090,PHA-OLI,MED-GLS,0.001,1550,0.05,0.0775,1.4725,engineering_screening_range,Fo-Fa composition required
BMG-02091,PHA-OLI,MED-GLS,0.001,1550,0.1,0.155,1.395,engineering_screening_range,Fo-Fa composition required
BMG-02092,PHA-OLI,MED-GLS,0.001,1550,0.25,0.3875,1.1625,engineering_screening_range,Fo-Fa composition required
BMG-02093,PHA-OLI,MED-GLS,0.001,1550,0.5,0.775,0.775,engineering_screening_range,Fo-Fa composition required
BMG-02094,PHA-OLI,MED-ICY,0.001,900,0.001,0.0009,0.8991,engineering_screening_range,Fo-Fa composition required
BMG-02095,PHA-OLI,MED-ICY,0.001,900,0.005,0.0045,0.8955,engineering_screening_range,Fo-Fa composition required
BMG-02096,PHA-OLI,MED-ICY,0.001,900,0.01,0.009,0.891,engineering_screening_range,Fo-Fa composition required
BMG-02097,PHA-OLI,MED-ICY,0.001,900,0.05,0.045,0.855,engineering_screening_range,Fo-Fa composition required
BMG-02098,PHA-OLI,MED-ICY,0.001,900,0.1,0.09,0.81,engineering_screening_range,Fo-Fa composition required
BMG-02099,PHA-OLI,MED-ICY,0.001,900,0.25,0.225,0.675,engineering_screening_range,Fo-Fa composition required
BMG-02100,PHA-OLI,MED-ICY,0.001,900,0.5,0.45,0.45,engineering_screening_range,Fo-Fa composition required
BMG-02101,PHA-PYX,MED-GRV,0.001,1600,0.001,0.0016,1.5984,engineering_screening_range,composition and phase required
BMG-02102,PHA-PYX,MED-GRV,0.001,1600,0.005,0.008,1.592,engineering_screening_range,composition and phase required
BMG-02103,PHA-PYX,MED-GRV,0.001,1600,0.01,0.016,1.584,engineering_screening_range,composition and phase required
BMG-02104,PHA-PYX,MED-GRV,0.001,1600,0.05,0.08,1.52,engineering_screening_range,composition and phase required
BMG-02105,PHA-PYX,MED-GRV,0.001,1600,0.1,0.16,1.44,engineering_screening_range,composition and phase required
BMG-02106,PHA-PYX,MED-GRV,0.001,1600,0.25,0.4,1.2,engineering_screening_range,composition and phase required
BMG-02107,PHA-PYX,MED-GRV,0.001,1600,0.5,0.8,0.8,engineering_screening_range,composition and phase required
BMG-02108,PHA-PYX,MED-SND,0.001,1650,0.001,0.00165,1.64835,engineering_screening_range,composition and phase required
BMG-02109,PHA-PYX,MED-SND,0.001,1650,0.005,0.00825,1.64175,engineering_screening_range,composition and phase required
BMG-02110,PHA-PYX,MED-SND,0.001,1650,0.01,0.0165,1.6335,engineering_screening_range,composition and phase required
BMG-02111,PHA-PYX,MED-SND,0.001,1650,0.05,0.0825,1.5675,engineering_screening_range,composition and phase required
BMG-02112,PHA-PYX,MED-SND,0.001,1650,0.1,0.165,1.485,engineering_screening_range,composition and phase required
BMG-02113,PHA-PYX,MED-SND,0.001,1650,0.25,0.4125,1.2375,engineering_screening_range,composition and phase required
BMG-02114,PHA-PYX,MED-SND,0.001,1650,0.5,0.825,0.825,engineering_screening_range,composition and phase required
BMG-02115,PHA-PYX,MED-CLY,0.001,1800,0.001,0.0018,1.7982,engineering_screening_range,composition and phase required
BMG-02116,PHA-PYX,MED-CLY,0.001,1800,0.005,0.009,1.791,engineering_screening_range,composition and phase required
BMG-02117,PHA-PYX,MED-CLY,0.001,1800,0.01,0.018,1.782,engineering_screening_range,composition and phase required
BMG-02118,PHA-PYX,MED-CLY,0.001,1800,0.05,0.09,1.71,engineering_screening_range,composition and phase required
BMG-02119,PHA-PYX,MED-CLY,0.001,1800,0.1,0.18,1.62,engineering_screening_range,composition and phase required
BMG-02120,PHA-PYX,MED-CLY,0.001,1800,0.25,0.45,1.35,engineering_screening_range,composition and phase required
BMG-02121,PHA-PYX,MED-CLY,0.001,1800,0.5,0.9,0.9,engineering_screening_range,composition and phase required
BMG-02122,PHA-PYX,MED-BCL,0.001,1900,0.001,0.0019,1.8981,engineering_screening_range,composition and phase required
BMG-02123,PHA-PYX,MED-BCL,0.001,1900,0.005,0.0095,1.8905,engineering_screening_range,composition and phase required
BMG-02124,PHA-PYX,MED-BCL,0.001,1900,0.01,0.019,1.881,engineering_screening_range,composition and phase required
BMG-02125,PHA-PYX,MED-BCL,0.001,1900,0.05,0.095,1.805,engineering_screening_range,composition and phase required
BMG-02126,PHA-PYX,MED-BCL,0.001,1900,0.1,0.19,1.71,engineering_screening_range,composition and phase required
BMG-02127,PHA-PYX,MED-BCL,0.001,1900,0.25,0.475,1.425,engineering_screening_range,composition and phase required
BMG-02128,PHA-PYX,MED-BCL,0.001,1900,0.5,0.95,0.95,engineering_screening_range,composition and phase required
BMG-02129,PHA-PYX,MED-BAS,0.001,1700,0.001,0.0017,1.6983,engineering_screening_range,composition and phase required
BMG-02130,PHA-PYX,MED-BAS,0.001,1700,0.005,0.0085,1.6915,engineering_screening_range,composition and phase required
BMG-02131,PHA-PYX,MED-BAS,0.001,1700,0.01,0.017,1.683,engineering_screening_range,composition and phase required
BMG-02132,PHA-PYX,MED-BAS,0.001,1700,0.05,0.085,1.615,engineering_screening_range,composition and phase required
BMG-02133,PHA-PYX,MED-BAS,0.001,1700,0.1,0.17,1.53,engineering_screening_range,composition and phase required
BMG-02134,PHA-PYX,MED-BAS,0.001,1700,0.25,0.425,1.275,engineering_screening_range,composition and phase required
BMG-02135,PHA-PYX,MED-BAS,0.001,1700,0.5,0.85,0.85,engineering_screening_range,composition and phase required
BMG-02136,PHA-PYX,MED-CAR,0.001,1300,0.001,0.0013,1.2987,engineering_screening_range,composition and phase required
BMG-02137,PHA-PYX,MED-CAR,0.001,1300,0.005,0.0065,1.2935,engineering_screening_range,composition and phase required
BMG-02138,PHA-PYX,MED-CAR,0.001,1300,0.01,0.013,1.287,engineering_screening_range,composition and phase required
BMG-02139,PHA-PYX,MED-CAR,0.001,1300,0.05,0.065,1.235,engineering_screening_range,composition and phase required
BMG-02140,PHA-PYX,MED-CAR,0.001,1300,0.1,0.13,1.17,engineering_screening_range,composition and phase required
BMG-02141,PHA-PYX,MED-CAR,0.001,1300,0.25,0.325,0.975,engineering_screening_range,composition and phase required
BMG-02142,PHA-PYX,MED-CAR,0.001,1300,0.5,0.65,0.65,engineering_screening_range,composition and phase required
BMG-02143,PHA-PYX,MED-MET,0.001,2300,0.001,0.0023,2.2977,engineering_screening_range,composition and phase required
BMG-02144,PHA-PYX,MED-MET,0.001,2300,0.005,0.0115,2.2885,engineering_screening_range,composition and phase required
BMG-02145,PHA-PYX,MED-MET,0.001,2300,0.01,0.023,2.277,engineering_screening_range,composition and phase required
BMG-02146,PHA-PYX,MED-MET,0.001,2300,0.05,0.115,2.185,engineering_screening_range,composition and phase required
BMG-02147,PHA-PYX,MED-MET,0.001,2300,0.1,0.23,2.07,engineering_screening_range,composition and phase required
BMG-02148,PHA-PYX,MED-MET,0.001,2300,0.25,0.575,1.725,engineering_screening_range,composition and phase required
BMG-02149,PHA-PYX,MED-MET,0.001,2300,0.5,1.15,1.15,engineering_screening_range,composition and phase required
BMG-02150,PHA-PYX,MED-ANT,0.001,1500,0.001,0.0015,1.4985,engineering_screening_range,composition and phase required
BMG-02151,PHA-PYX,MED-ANT,0.001,1500,0.005,0.0075,1.4925,engineering_screening_range,composition and phase required
BMG-02152,PHA-PYX,MED-ANT,0.001,1500,0.01,0.015,1.485,engineering_screening_range,composition and phase required
BMG-02153,PHA-PYX,MED-ANT,0.001,1500,0.05,0.075,1.425,engineering_screening_range,composition and phase required
BMG-02154,PHA-PYX,MED-ANT,0.001,1500,0.1,0.15,1.35,engineering_screening_range,composition and phase required
BMG-02155,PHA-PYX,MED-ANT,0.001,1500,0.25,0.375,1.125,engineering_screening_range,composition and phase required
BMG-02156,PHA-PYX,MED-ANT,0.001,1500,0.5,0.75,0.75,engineering_screening_range,composition and phase required
BMG-02157,PHA-PYX,MED-GLS,0.001,1550,0.001,0.00155,1.54845,engineering_screening_range,composition and phase required
BMG-02158,PHA-PYX,MED-GLS,0.001,1550,0.005,0.00775,1.54225,engineering_screening_range,composition and phase required
BMG-02159,PHA-PYX,MED-GLS,0.001,1550,0.01,0.0155,1.5345,engineering_screening_range,composition and phase required
BMG-02160,PHA-PYX,MED-GLS,0.001,1550,0.05,0.0775,1.4725,engineering_screening_range,composition and phase required
BMG-02161,PHA-PYX,MED-GLS,0.001,1550,0.1,0.155,1.395,engineering_screening_range,composition and phase required
BMG-02162,PHA-PYX,MED-GLS,0.001,1550,0.25,0.3875,1.1625,engineering_screening_range,composition and phase required
BMG-02163,PHA-PYX,MED-GLS,0.001,1550,0.5,0.775,0.775,engineering_screening_range,composition and phase required
BMG-02164,PHA-PYX,MED-ICY,0.001,900,0.001,0.0009,0.8991,engineering_screening_range,composition and phase required
BMG-02165,PHA-PYX,MED-ICY,0.001,900,0.005,0.0045,0.8955,engineering_screening_range,composition and phase required
BMG-02166,PHA-PYX,MED-ICY,0.001,900,0.01,0.009,0.891,engineering_screening_range,composition and phase required
BMG-02167,PHA-PYX,MED-ICY,0.001,900,0.05,0.045,0.855,engineering_screening_range,composition and phase required
BMG-02168,PHA-PYX,MED-ICY,0.001,900,0.1,0.09,0.81,engineering_screening_range,composition and phase required
BMG-02169,PHA-PYX,MED-ICY,0.001,900,0.25,0.225,0.675,engineering_screening_range,composition and phase required
BMG-02170,PHA-PYX,MED-ICY,0.001,900,0.5,0.45,0.45,engineering_screening_range,composition and phase required
BMG-02171,PHA-PLG,MED-GRV,0.001,1600,0.001,0.0016,1.5984,engineering_screening_range,An-Ab composition required
BMG-02172,PHA-PLG,MED-GRV,0.001,1600,0.005,0.008,1.592,engineering_screening_range,An-Ab composition required
BMG-02173,PHA-PLG,MED-GRV,0.001,1600,0.01,0.016,1.584,engineering_screening_range,An-Ab composition required
BMG-02174,PHA-PLG,MED-GRV,0.001,1600,0.05,0.08,1.52,engineering_screening_range,An-Ab composition required
BMG-02175,PHA-PLG,MED-GRV,0.001,1600,0.1,0.16,1.44,engineering_screening_range,An-Ab composition required
BMG-02176,PHA-PLG,MED-GRV,0.001,1600,0.25,0.4,1.2,engineering_screening_range,An-Ab composition required
BMG-02177,PHA-PLG,MED-GRV,0.001,1600,0.5,0.8,0.8,engineering_screening_range,An-Ab composition required
BMG-02178,PHA-PLG,MED-SND,0.001,1650,0.001,0.00165,1.64835,engineering_screening_range,An-Ab composition required
BMG-02179,PHA-PLG,MED-SND,0.001,1650,0.005,0.00825,1.64175,engineering_screening_range,An-Ab composition required
BMG-02180,PHA-PLG,MED-SND,0.001,1650,0.01,0.0165,1.6335,engineering_screening_range,An-Ab composition required
BMG-02181,PHA-PLG,MED-SND,0.001,1650,0.05,0.0825,1.5675,engineering_screening_range,An-Ab composition required
BMG-02182,PHA-PLG,MED-SND,0.001,1650,0.1,0.165,1.485,engineering_screening_range,An-Ab composition required
BMG-02183,PHA-PLG,MED-SND,0.001,1650,0.25,0.4125,1.2375,engineering_screening_range,An-Ab composition required
BMG-02184,PHA-PLG,MED-SND,0.001,1650,0.5,0.825,0.825,engineering_screening_range,An-Ab composition required
BMG-02185,PHA-PLG,MED-CLY,0.001,1800,0.001,0.0018,1.7982,engineering_screening_range,An-Ab composition required
BMG-02186,PHA-PLG,MED-CLY,0.001,1800,0.005,0.009,1.791,engineering_screening_range,An-Ab composition required
BMG-02187,PHA-PLG,MED-CLY,0.001,1800,0.01,0.018,1.782,engineering_screening_range,An-Ab composition required
BMG-02188,PHA-PLG,MED-CLY,0.001,1800,0.05,0.09,1.71,engineering_screening_range,An-Ab composition required
BMG-02189,PHA-PLG,MED-CLY,0.001,1800,0.1,0.18,1.62,engineering_screening_range,An-Ab composition required
BMG-02190,PHA-PLG,MED-CLY,0.001,1800,0.25,0.45,1.35,engineering_screening_range,An-Ab composition required
BMG-02191,PHA-PLG,MED-CLY,0.001,1800,0.5,0.9,0.9,engineering_screening_range,An-Ab composition required
BMG-02192,PHA-PLG,MED-BCL,0.001,1900,0.001,0.0019,1.8981,engineering_screening_range,An-Ab composition required
BMG-02193,PHA-PLG,MED-BCL,0.001,1900,0.005,0.0095,1.8905,engineering_screening_range,An-Ab composition required
BMG-02194,PHA-PLG,MED-BCL,0.001,1900,0.01,0.019,1.881,engineering_screening_range,An-Ab composition required
BMG-02195,PHA-PLG,MED-BCL,0.001,1900,0.05,0.095,1.805,engineering_screening_range,An-Ab composition required
BMG-02196,PHA-PLG,MED-BCL,0.001,1900,0.1,0.19,1.71,engineering_screening_range,An-Ab composition required
BMG-02197,PHA-PLG,MED-BCL,0.001,1900,0.25,0.475,1.425,engineering_screening_range,An-Ab composition required
BMG-02198,PHA-PLG,MED-BCL,0.001,1900,0.5,0.95,0.95,engineering_screening_range,An-Ab composition required
BMG-02199,PHA-PLG,MED-BAS,0.001,1700,0.001,0.0017,1.6983,engineering_screening_range,An-Ab composition required
BMG-02200,PHA-PLG,MED-BAS,0.001,1700,0.005,0.0085,1.6915,engineering_screening_range,An-Ab composition required
BMG-02201,PHA-PLG,MED-BAS,0.001,1700,0.01,0.017,1.683,engineering_screening_range,An-Ab composition required
BMG-02202,PHA-PLG,MED-BAS,0.001,1700,0.05,0.085,1.615,engineering_screening_range,An-Ab composition required
BMG-02203,PHA-PLG,MED-BAS,0.001,1700,0.1,0.17,1.53,engineering_screening_range,An-Ab composition required
BMG-02204,PHA-PLG,MED-BAS,0.001,1700,0.25,0.425,1.275,engineering_screening_range,An-Ab composition required
BMG-02205,PHA-PLG,MED-BAS,0.001,1700,0.5,0.85,0.85,engineering_screening_range,An-Ab composition required
BMG-02206,PHA-PLG,MED-CAR,0.001,1300,0.001,0.0013,1.2987,engineering_screening_range,An-Ab composition required
BMG-02207,PHA-PLG,MED-CAR,0.001,1300,0.005,0.0065,1.2935,engineering_screening_range,An-Ab composition required
BMG-02208,PHA-PLG,MED-CAR,0.001,1300,0.01,0.013,1.287,engineering_screening_range,An-Ab composition required
BMG-02209,PHA-PLG,MED-CAR,0.001,1300,0.05,0.065,1.235,engineering_screening_range,An-Ab composition required
BMG-02210,PHA-PLG,MED-CAR,0.001,1300,0.1,0.13,1.17,engineering_screening_range,An-Ab composition required
BMG-02211,PHA-PLG,MED-CAR,0.001,1300,0.25,0.325,0.975,engineering_screening_range,An-Ab composition required
BMG-02212,PHA-PLG,MED-CAR,0.001,1300,0.5,0.65,0.65,engineering_screening_range,An-Ab composition required
BMG-02213,PHA-PLG,MED-MET,0.001,2300,0.001,0.0023,2.2977,engineering_screening_range,An-Ab composition required
BMG-02214,PHA-PLG,MED-MET,0.001,2300,0.005,0.0115,2.2885,engineering_screening_range,An-Ab composition required
BMG-02215,PHA-PLG,MED-MET,0.001,2300,0.01,0.023,2.277,engineering_screening_range,An-Ab composition required
BMG-02216,PHA-PLG,MED-MET,0.001,2300,0.05,0.115,2.185,engineering_screening_range,An-Ab composition required
BMG-02217,PHA-PLG,MED-MET,0.001,2300,0.1,0.23,2.07,engineering_screening_range,An-Ab composition required
BMG-02218,PHA-PLG,MED-MET,0.001,2300,0.25,0.575,1.725,engineering_screening_range,An-Ab composition required
BMG-02219,PHA-PLG,MED-MET,0.001,2300,0.5,1.15,1.15,engineering_screening_range,An-Ab composition required
BMG-02220,PHA-PLG,MED-ANT,0.001,1500,0.001,0.0015,1.4985,engineering_screening_range,An-Ab composition required
BMG-02221,PHA-PLG,MED-ANT,0.001,1500,0.005,0.0075,1.4925,engineering_screening_range,An-Ab composition required
BMG-02222,PHA-PLG,MED-ANT,0.001,1500,0.01,0.015,1.485,engineering_screening_range,An-Ab composition required
BMG-02223,PHA-PLG,MED-ANT,0.001,1500,0.05,0.075,1.425,engineering_screening_range,An-Ab composition required
BMG-02224,PHA-PLG,MED-ANT,0.001,1500,0.1,0.15,1.35,engineering_screening_range,An-Ab composition required
BMG-02225,PHA-PLG,MED-ANT,0.001,1500,0.25,0.375,1.125,engineering_screening_range,An-Ab composition required
BMG-02226,PHA-PLG,MED-ANT,0.001,1500,0.5,0.75,0.75,engineering_screening_range,An-Ab composition required
BMG-02227,PHA-PLG,MED-GLS,0.001,1550,0.001,0.00155,1.54845,engineering_screening_range,An-Ab composition required
BMG-02228,PHA-PLG,MED-GLS,0.001,1550,0.005,0.00775,1.54225,engineering_screening_range,An-Ab composition required
BMG-02229,PHA-PLG,MED-GLS,0.001,1550,0.01,0.0155,1.5345,engineering_screening_range,An-Ab composition required
BMG-02230,PHA-PLG,MED-GLS,0.001,1550,0.05,0.0775,1.4725,engineering_screening_range,An-Ab composition required
BMG-02231,PHA-PLG,MED-GLS,0.001,1550,0.1,0.155,1.395,engineering_screening_range,An-Ab composition required
BMG-02232,PHA-PLG,MED-GLS,0.001,1550,0.25,0.3875,1.1625,engineering_screening_range,An-Ab composition required
BMG-02233,PHA-PLG,MED-GLS,0.001,1550,0.5,0.775,0.775,engineering_screening_range,An-Ab composition required
BMG-02234,PHA-PLG,MED-ICY,0.001,900,0.001,0.0009,0.8991,engineering_screening_range,An-Ab composition required
BMG-02235,PHA-PLG,MED-ICY,0.001,900,0.005,0.0045,0.8955,engineering_screening_range,An-Ab composition required
BMG-02236,PHA-PLG,MED-ICY,0.001,900,0.01,0.009,0.891,engineering_screening_range,An-Ab composition required
BMG-02237,PHA-PLG,MED-ICY,0.001,900,0.05,0.045,0.855,engineering_screening_range,An-Ab composition required
BMG-02238,PHA-PLG,MED-ICY,0.001,900,0.1,0.09,0.81,engineering_screening_range,An-Ab composition required
BMG-02239,PHA-PLG,MED-ICY,0.001,900,0.25,0.225,0.675,engineering_screening_range,An-Ab composition required
BMG-02240,PHA-PLG,MED-ICY,0.001,900,0.5,0.45,0.45,engineering_screening_range,An-Ab composition required
BMG-02241,PHA-QTZ,MED-GRV,0.001,1600,0.001,0.0016,1.5984,engineering_screening_range,grain moisture and polymorph required
BMG-02242,PHA-QTZ,MED-GRV,0.001,1600,0.005,0.008,1.592,engineering_screening_range,grain moisture and polymorph required
BMG-02243,PHA-QTZ,MED-GRV,0.001,1600,0.01,0.016,1.584,engineering_screening_range,grain moisture and polymorph required
BMG-02244,PHA-QTZ,MED-GRV,0.001,1600,0.05,0.08,1.52,engineering_screening_range,grain moisture and polymorph required
BMG-02245,PHA-QTZ,MED-GRV,0.001,1600,0.1,0.16,1.44,engineering_screening_range,grain moisture and polymorph required
BMG-02246,PHA-QTZ,MED-GRV,0.001,1600,0.25,0.4,1.2,engineering_screening_range,grain moisture and polymorph required
BMG-02247,PHA-QTZ,MED-GRV,0.001,1600,0.5,0.8,0.8,engineering_screening_range,grain moisture and polymorph required
BMG-02248,PHA-QTZ,MED-SND,0.001,1650,0.001,0.00165,1.64835,engineering_screening_range,grain moisture and polymorph required
BMG-02249,PHA-QTZ,MED-SND,0.001,1650,0.005,0.00825,1.64175,engineering_screening_range,grain moisture and polymorph required
BMG-02250,PHA-QTZ,MED-SND,0.001,1650,0.01,0.0165,1.6335,engineering_screening_range,grain moisture and polymorph required
BMG-02251,PHA-QTZ,MED-SND,0.001,1650,0.05,0.0825,1.5675,engineering_screening_range,grain moisture and polymorph required
BMG-02252,PHA-QTZ,MED-SND,0.001,1650,0.1,0.165,1.485,engineering_screening_range,grain moisture and polymorph required
BMG-02253,PHA-QTZ,MED-SND,0.001,1650,0.25,0.4125,1.2375,engineering_screening_range,grain moisture and polymorph required
BMG-02254,PHA-QTZ,MED-SND,0.001,1650,0.5,0.825,0.825,engineering_screening_range,grain moisture and polymorph required
BMG-02255,PHA-QTZ,MED-CLY,0.001,1800,0.001,0.0018,1.7982,engineering_screening_range,grain moisture and polymorph required
BMG-02256,PHA-QTZ,MED-CLY,0.001,1800,0.005,0.009,1.791,engineering_screening_range,grain moisture and polymorph required
BMG-02257,PHA-QTZ,MED-CLY,0.001,1800,0.01,0.018,1.782,engineering_screening_range,grain moisture and polymorph required
BMG-02258,PHA-QTZ,MED-CLY,0.001,1800,0.05,0.09,1.71,engineering_screening_range,grain moisture and polymorph required
BMG-02259,PHA-QTZ,MED-CLY,0.001,1800,0.1,0.18,1.62,engineering_screening_range,grain moisture and polymorph required
BMG-02260,PHA-QTZ,MED-CLY,0.001,1800,0.25,0.45,1.35,engineering_screening_range,grain moisture and polymorph required
BMG-02261,PHA-QTZ,MED-CLY,0.001,1800,0.5,0.9,0.9,engineering_screening_range,grain moisture and polymorph required
BMG-02262,PHA-QTZ,MED-BCL,0.001,1900,0.001,0.0019,1.8981,engineering_screening_range,grain moisture and polymorph required
BMG-02263,PHA-QTZ,MED-BCL,0.001,1900,0.005,0.0095,1.8905,engineering_screening_range,grain moisture and polymorph required
BMG-02264,PHA-QTZ,MED-BCL,0.001,1900,0.01,0.019,1.881,engineering_screening_range,grain moisture and polymorph required
BMG-02265,PHA-QTZ,MED-BCL,0.001,1900,0.05,0.095,1.805,engineering_screening_range,grain moisture and polymorph required
BMG-02266,PHA-QTZ,MED-BCL,0.001,1900,0.1,0.19,1.71,engineering_screening_range,grain moisture and polymorph required
BMG-02267,PHA-QTZ,MED-BCL,0.001,1900,0.25,0.475,1.425,engineering_screening_range,grain moisture and polymorph required
BMG-02268,PHA-QTZ,MED-BCL,0.001,1900,0.5,0.95,0.95,engineering_screening_range,grain moisture and polymorph required
BMG-02269,PHA-QTZ,MED-BAS,0.001,1700,0.001,0.0017,1.6983,engineering_screening_range,grain moisture and polymorph required
BMG-02270,PHA-QTZ,MED-BAS,0.001,1700,0.005,0.0085,1.6915,engineering_screening_range,grain moisture and polymorph required
BMG-02271,PHA-QTZ,MED-BAS,0.001,1700,0.01,0.017,1.683,engineering_screening_range,grain moisture and polymorph required
BMG-02272,PHA-QTZ,MED-BAS,0.001,1700,0.05,0.085,1.615,engineering_screening_range,grain moisture and polymorph required
BMG-02273,PHA-QTZ,MED-BAS,0.001,1700,0.1,0.17,1.53,engineering_screening_range,grain moisture and polymorph required
BMG-02274,PHA-QTZ,MED-BAS,0.001,1700,0.25,0.425,1.275,engineering_screening_range,grain moisture and polymorph required
BMG-02275,PHA-QTZ,MED-BAS,0.001,1700,0.5,0.85,0.85,engineering_screening_range,grain moisture and polymorph required
BMG-02276,PHA-QTZ,MED-CAR,0.001,1300,0.001,0.0013,1.2987,engineering_screening_range,grain moisture and polymorph required
BMG-02277,PHA-QTZ,MED-CAR,0.001,1300,0.005,0.0065,1.2935,engineering_screening_range,grain moisture and polymorph required
BMG-02278,PHA-QTZ,MED-CAR,0.001,1300,0.01,0.013,1.287,engineering_screening_range,grain moisture and polymorph required
BMG-02279,PHA-QTZ,MED-CAR,0.001,1300,0.05,0.065,1.235,engineering_screening_range,grain moisture and polymorph required
BMG-02280,PHA-QTZ,MED-CAR,0.001,1300,0.1,0.13,1.17,engineering_screening_range,grain moisture and polymorph required
BMG-02281,PHA-QTZ,MED-CAR,0.001,1300,0.25,0.325,0.975,engineering_screening_range,grain moisture and polymorph required
BMG-02282,PHA-QTZ,MED-CAR,0.001,1300,0.5,0.65,0.65,engineering_screening_range,grain moisture and polymorph required
BMG-02283,PHA-QTZ,MED-MET,0.001,2300,0.001,0.0023,2.2977,engineering_screening_range,grain moisture and polymorph required
BMG-02284,PHA-QTZ,MED-MET,0.001,2300,0.005,0.0115,2.2885,engineering_screening_range,grain moisture and polymorph required
BMG-02285,PHA-QTZ,MED-MET,0.001,2300,0.01,0.023,2.277,engineering_screening_range,grain moisture and polymorph required
BMG-02286,PHA-QTZ,MED-MET,0.001,2300,0.05,0.115,2.185,engineering_screening_range,grain moisture and polymorph required
BMG-02287,PHA-QTZ,MED-MET,0.001,2300,0.1,0.23,2.07,engineering_screening_range,grain moisture and polymorph required
BMG-02288,PHA-QTZ,MED-MET,0.001,2300,0.25,0.575,1.725,engineering_screening_range,grain moisture and polymorph required
BMG-02289,PHA-QTZ,MED-MET,0.001,2300,0.5,1.15,1.15,engineering_screening_range,grain moisture and polymorph required
BMG-02290,PHA-QTZ,MED-ANT,0.001,1500,0.001,0.0015,1.4985,engineering_screening_range,grain moisture and polymorph required
BMG-02291,PHA-QTZ,MED-ANT,0.001,1500,0.005,0.0075,1.4925,engineering_screening_range,grain moisture and polymorph required
BMG-02292,PHA-QTZ,MED-ANT,0.001,1500,0.01,0.015,1.485,engineering_screening_range,grain moisture and polymorph required
BMG-02293,PHA-QTZ,MED-ANT,0.001,1500,0.05,0.075,1.425,engineering_screening_range,grain moisture and polymorph required
BMG-02294,PHA-QTZ,MED-ANT,0.001,1500,0.1,0.15,1.35,engineering_screening_range,grain moisture and polymorph required
BMG-02295,PHA-QTZ,MED-ANT,0.001,1500,0.25,0.375,1.125,engineering_screening_range,grain moisture and polymorph required
BMG-02296,PHA-QTZ,MED-ANT,0.001,1500,0.5,0.75,0.75,engineering_screening_range,grain moisture and polymorph required
BMG-02297,PHA-QTZ,MED-GLS,0.001,1550,0.001,0.00155,1.54845,engineering_screening_range,grain moisture and polymorph required
BMG-02298,PHA-QTZ,MED-GLS,0.001,1550,0.005,0.00775,1.54225,engineering_screening_range,grain moisture and polymorph required
BMG-02299,PHA-QTZ,MED-GLS,0.001,1550,0.01,0.0155,1.5345,engineering_screening_range,grain moisture and polymorph required
BMG-02300,PHA-QTZ,MED-GLS,0.001,1550,0.05,0.0775,1.4725,engineering_screening_range,grain moisture and polymorph required
BMG-02301,PHA-QTZ,MED-GLS,0.001,1550,0.1,0.155,1.395,engineering_screening_range,grain moisture and polymorph required
BMG-02302,PHA-QTZ,MED-GLS,0.001,1550,0.25,0.3875,1.1625,engineering_screening_range,grain moisture and polymorph required
BMG-02303,PHA-QTZ,MED-GLS,0.001,1550,0.5,0.775,0.775,engineering_screening_range,grain moisture and polymorph required
BMG-02304,PHA-QTZ,MED-ICY,0.001,900,0.001,0.0009,0.8991,engineering_screening_range,grain moisture and polymorph required
BMG-02305,PHA-QTZ,MED-ICY,0.001,900,0.005,0.0045,0.8955,engineering_screening_range,grain moisture and polymorph required
BMG-02306,PHA-QTZ,MED-ICY,0.001,900,0.01,0.009,0.891,engineering_screening_range,grain moisture and polymorph required
BMG-02307,PHA-QTZ,MED-ICY,0.001,900,0.05,0.045,0.855,engineering_screening_range,grain moisture and polymorph required
BMG-02308,PHA-QTZ,MED-ICY,0.001,900,0.1,0.09,0.81,engineering_screening_range,grain moisture and polymorph required
BMG-02309,PHA-QTZ,MED-ICY,0.001,900,0.25,0.225,0.675,engineering_screening_range,grain moisture and polymorph required
BMG-02310,PHA-QTZ,MED-ICY,0.001,900,0.5,0.45,0.45,engineering_screening_range,grain moisture and polymorph required
BMG-02311,PHA-PHY,MED-GRV,0.001,1600,0.001,0.0016,1.5984,sample_return_phase_supported,bound water is not free water ice
BMG-02312,PHA-PHY,MED-GRV,0.001,1600,0.005,0.008,1.592,sample_return_phase_supported,bound water is not free water ice
BMG-02313,PHA-PHY,MED-GRV,0.001,1600,0.01,0.016,1.584,sample_return_phase_supported,bound water is not free water ice
BMG-02314,PHA-PHY,MED-GRV,0.001,1600,0.05,0.08,1.52,sample_return_phase_supported,bound water is not free water ice
BMG-02315,PHA-PHY,MED-GRV,0.001,1600,0.1,0.16,1.44,sample_return_phase_supported,bound water is not free water ice
BMG-02316,PHA-PHY,MED-GRV,0.001,1600,0.25,0.4,1.2,sample_return_phase_supported,bound water is not free water ice
BMG-02317,PHA-PHY,MED-GRV,0.001,1600,0.5,0.8,0.8,sample_return_phase_supported,bound water is not free water ice
BMG-02318,PHA-PHY,MED-SND,0.001,1650,0.001,0.00165,1.64835,sample_return_phase_supported,bound water is not free water ice
BMG-02319,PHA-PHY,MED-SND,0.001,1650,0.005,0.00825,1.64175,sample_return_phase_supported,bound water is not free water ice
BMG-02320,PHA-PHY,MED-SND,0.001,1650,0.01,0.0165,1.6335,sample_return_phase_supported,bound water is not free water ice
BMG-02321,PHA-PHY,MED-SND,0.001,1650,0.05,0.0825,1.5675,sample_return_phase_supported,bound water is not free water ice
BMG-02322,PHA-PHY,MED-SND,0.001,1650,0.1,0.165,1.485,sample_return_phase_supported,bound water is not free water ice
BMG-02323,PHA-PHY,MED-SND,0.001,1650,0.25,0.4125,1.2375,sample_return_phase_supported,bound water is not free water ice
BMG-02324,PHA-PHY,MED-SND,0.001,1650,0.5,0.825,0.825,sample_return_phase_supported,bound water is not free water ice
BMG-02325,PHA-PHY,MED-CLY,0.001,1800,0.001,0.0018,1.7982,sample_return_phase_supported,bound water is not free water ice
BMG-02326,PHA-PHY,MED-CLY,0.001,1800,0.005,0.009,1.791,sample_return_phase_supported,bound water is not free water ice
BMG-02327,PHA-PHY,MED-CLY,0.001,1800,0.01,0.018,1.782,sample_return_phase_supported,bound water is not free water ice
BMG-02328,PHA-PHY,MED-CLY,0.001,1800,0.05,0.09,1.71,sample_return_phase_supported,bound water is not free water ice
BMG-02329,PHA-PHY,MED-CLY,0.001,1800,0.1,0.18,1.62,sample_return_phase_supported,bound water is not free water ice
BMG-02330,PHA-PHY,MED-CLY,0.001,1800,0.25,0.45,1.35,sample_return_phase_supported,bound water is not free water ice
BMG-02331,PHA-PHY,MED-CLY,0.001,1800,0.5,0.9,0.9,sample_return_phase_supported,bound water is not free water ice
BMG-02332,PHA-PHY,MED-BCL,0.001,1900,0.001,0.0019,1.8981,sample_return_phase_supported,bound water is not free water ice
BMG-02333,PHA-PHY,MED-BCL,0.001,1900,0.005,0.0095,1.8905,sample_return_phase_supported,bound water is not free water ice
BMG-02334,PHA-PHY,MED-BCL,0.001,1900,0.01,0.019,1.881,sample_return_phase_supported,bound water is not free water ice
BMG-02335,PHA-PHY,MED-BCL,0.001,1900,0.05,0.095,1.805,sample_return_phase_supported,bound water is not free water ice
BMG-02336,PHA-PHY,MED-BCL,0.001,1900,0.1,0.19,1.71,sample_return_phase_supported,bound water is not free water ice
BMG-02337,PHA-PHY,MED-BCL,0.001,1900,0.25,0.475,1.425,sample_return_phase_supported,bound water is not free water ice
BMG-02338,PHA-PHY,MED-BCL,0.001,1900,0.5,0.95,0.95,sample_return_phase_supported,bound water is not free water ice
BMG-02339,PHA-PHY,MED-BAS,0.001,1700,0.001,0.0017,1.6983,sample_return_phase_supported,bound water is not free water ice
BMG-02340,PHA-PHY,MED-BAS,0.001,1700,0.005,0.0085,1.6915,sample_return_phase_supported,bound water is not free water ice
BMG-02341,PHA-PHY,MED-BAS,0.001,1700,0.01,0.017,1.683,sample_return_phase_supported,bound water is not free water ice
BMG-02342,PHA-PHY,MED-BAS,0.001,1700,0.05,0.085,1.615,sample_return_phase_supported,bound water is not free water ice
BMG-02343,PHA-PHY,MED-BAS,0.001,1700,0.1,0.17,1.53,sample_return_phase_supported,bound water is not free water ice
BMG-02344,PHA-PHY,MED-BAS,0.001,1700,0.25,0.425,1.275,sample_return_phase_supported,bound water is not free water ice
BMG-02345,PHA-PHY,MED-BAS,0.001,1700,0.5,0.85,0.85,sample_return_phase_supported,bound water is not free water ice
BMG-02346,PHA-PHY,MED-CAR,0.001,1300,0.001,0.0013,1.2987,sample_return_phase_supported,bound water is not free water ice
BMG-02347,PHA-PHY,MED-CAR,0.001,1300,0.005,0.0065,1.2935,sample_return_phase_supported,bound water is not free water ice
BMG-02348,PHA-PHY,MED-CAR,0.001,1300,0.01,0.013,1.287,sample_return_phase_supported,bound water is not free water ice
BMG-02349,PHA-PHY,MED-CAR,0.001,1300,0.05,0.065,1.235,sample_return_phase_supported,bound water is not free water ice
BMG-02350,PHA-PHY,MED-CAR,0.001,1300,0.1,0.13,1.17,sample_return_phase_supported,bound water is not free water ice
BMG-02351,PHA-PHY,MED-CAR,0.001,1300,0.25,0.325,0.975,sample_return_phase_supported,bound water is not free water ice
BMG-02352,PHA-PHY,MED-CAR,0.001,1300,0.5,0.65,0.65,sample_return_phase_supported,bound water is not free water ice
BMG-02353,PHA-PHY,MED-MET,0.001,2300,0.001,0.0023,2.2977,sample_return_phase_supported,bound water is not free water ice
BMG-02354,PHA-PHY,MED-MET,0.001,2300,0.005,0.0115,2.2885,sample_return_phase_supported,bound water is not free water ice
BMG-02355,PHA-PHY,MED-MET,0.001,2300,0.01,0.023,2.277,sample_return_phase_supported,bound water is not free water ice
BMG-02356,PHA-PHY,MED-MET,0.001,2300,0.05,0.115,2.185,sample_return_phase_supported,bound water is not free water ice
BMG-02357,PHA-PHY,MED-MET,0.001,2300,0.1,0.23,2.07,sample_return_phase_supported,bound water is not free water ice
BMG-02358,PHA-PHY,MED-MET,0.001,2300,0.25,0.575,1.725,sample_return_phase_supported,bound water is not free water ice
BMG-02359,PHA-PHY,MED-MET,0.001,2300,0.5,1.15,1.15,sample_return_phase_supported,bound water is not free water ice
BMG-02360,PHA-PHY,MED-ANT,0.001,1500,0.001,0.0015,1.4985,sample_return_phase_supported,bound water is not free water ice
BMG-02361,PHA-PHY,MED-ANT,0.001,1500,0.005,0.0075,1.4925,sample_return_phase_supported,bound water is not free water ice
BMG-02362,PHA-PHY,MED-ANT,0.001,1500,0.01,0.015,1.485,sample_return_phase_supported,bound water is not free water ice
BMG-02363,PHA-PHY,MED-ANT,0.001,1500,0.05,0.075,1.425,sample_return_phase_supported,bound water is not free water ice
BMG-02364,PHA-PHY,MED-ANT,0.001,1500,0.1,0.15,1.35,sample_return_phase_supported,bound water is not free water ice
BMG-02365,PHA-PHY,MED-ANT,0.001,1500,0.25,0.375,1.125,sample_return_phase_supported,bound water is not free water ice
BMG-02366,PHA-PHY,MED-ANT,0.001,1500,0.5,0.75,0.75,sample_return_phase_supported,bound water is not free water ice
BMG-02367,PHA-PHY,MED-GLS,0.001,1550,0.001,0.00155,1.54845,sample_return_phase_supported,bound water is not free water ice
BMG-02368,PHA-PHY,MED-GLS,0.001,1550,0.005,0.00775,1.54225,sample_return_phase_supported,bound water is not free water ice
BMG-02369,PHA-PHY,MED-GLS,0.001,1550,0.01,0.0155,1.5345,sample_return_phase_supported,bound water is not free water ice
BMG-02370,PHA-PHY,MED-GLS,0.001,1550,0.05,0.0775,1.4725,sample_return_phase_supported,bound water is not free water ice
BMG-02371,PHA-PHY,MED-GLS,0.001,1550,0.1,0.155,1.395,sample_return_phase_supported,bound water is not free water ice
BMG-02372,PHA-PHY,MED-GLS,0.001,1550,0.25,0.3875,1.1625,sample_return_phase_supported,bound water is not free water ice
BMG-02373,PHA-PHY,MED-GLS,0.001,1550,0.5,0.775,0.775,sample_return_phase_supported,bound water is not free water ice
BMG-02374,PHA-PHY,MED-ICY,0.001,900,0.001,0.0009,0.8991,sample_return_phase_supported,bound water is not free water ice
BMG-02375,PHA-PHY,MED-ICY,0.001,900,0.005,0.0045,0.8955,sample_return_phase_supported,bound water is not free water ice
BMG-02376,PHA-PHY,MED-ICY,0.001,900,0.01,0.009,0.891,sample_return_phase_supported,bound water is not free water ice
BMG-02377,PHA-PHY,MED-ICY,0.001,900,0.05,0.045,0.855,sample_return_phase_supported,bound water is not free water ice
BMG-02378,PHA-PHY,MED-ICY,0.001,900,0.1,0.09,0.81,sample_return_phase_supported,bound water is not free water ice
BMG-02379,PHA-PHY,MED-ICY,0.001,900,0.25,0.225,0.675,sample_return_phase_supported,bound water is not free water ice
BMG-02380,PHA-PHY,MED-ICY,0.001,900,0.5,0.45,0.45,sample_return_phase_supported,bound water is not free water ice
BMG-02381,PHA-CAR,MED-GRV,0.001,1600,0.001,0.0016,1.5984,sample_return_phase_supported,specific carbonate phase required
BMG-02382,PHA-CAR,MED-GRV,0.001,1600,0.005,0.008,1.592,sample_return_phase_supported,specific carbonate phase required
BMG-02383,PHA-CAR,MED-GRV,0.001,1600,0.01,0.016,1.584,sample_return_phase_supported,specific carbonate phase required
BMG-02384,PHA-CAR,MED-GRV,0.001,1600,0.05,0.08,1.52,sample_return_phase_supported,specific carbonate phase required
BMG-02385,PHA-CAR,MED-GRV,0.001,1600,0.1,0.16,1.44,sample_return_phase_supported,specific carbonate phase required
BMG-02386,PHA-CAR,MED-GRV,0.001,1600,0.25,0.4,1.2,sample_return_phase_supported,specific carbonate phase required
BMG-02387,PHA-CAR,MED-GRV,0.001,1600,0.5,0.8,0.8,sample_return_phase_supported,specific carbonate phase required
BMG-02388,PHA-CAR,MED-SND,0.001,1650,0.001,0.00165,1.64835,sample_return_phase_supported,specific carbonate phase required
BMG-02389,PHA-CAR,MED-SND,0.001,1650,0.005,0.00825,1.64175,sample_return_phase_supported,specific carbonate phase required
BMG-02390,PHA-CAR,MED-SND,0.001,1650,0.01,0.0165,1.6335,sample_return_phase_supported,specific carbonate phase required
BMG-02391,PHA-CAR,MED-SND,0.001,1650,0.05,0.0825,1.5675,sample_return_phase_supported,specific carbonate phase required
BMG-02392,PHA-CAR,MED-SND,0.001,1650,0.1,0.165,1.485,sample_return_phase_supported,specific carbonate phase required
BMG-02393,PHA-CAR,MED-SND,0.001,1650,0.25,0.4125,1.2375,sample_return_phase_supported,specific carbonate phase required
BMG-02394,PHA-CAR,MED-SND,0.001,1650,0.5,0.825,0.825,sample_return_phase_supported,specific carbonate phase required
BMG-02395,PHA-CAR,MED-CLY,0.001,1800,0.001,0.0018,1.7982,sample_return_phase_supported,specific carbonate phase required
BMG-02396,PHA-CAR,MED-CLY,0.001,1800,0.005,0.009,1.791,sample_return_phase_supported,specific carbonate phase required
BMG-02397,PHA-CAR,MED-CLY,0.001,1800,0.01,0.018,1.782,sample_return_phase_supported,specific carbonate phase required
BMG-02398,PHA-CAR,MED-CLY,0.001,1800,0.05,0.09,1.71,sample_return_phase_supported,specific carbonate phase required
BMG-02399,PHA-CAR,MED-CLY,0.001,1800,0.1,0.18,1.62,sample_return_phase_supported,specific carbonate phase required
BMG-02400,PHA-CAR,MED-CLY,0.001,1800,0.25,0.45,1.35,sample_return_phase_supported,specific carbonate phase required
BMG-02401,PHA-CAR,MED-CLY,0.001,1800,0.5,0.9,0.9,sample_return_phase_supported,specific carbonate phase required
BMG-02402,PHA-CAR,MED-BCL,0.001,1900,0.001,0.0019,1.8981,sample_return_phase_supported,specific carbonate phase required
BMG-02403,PHA-CAR,MED-BCL,0.001,1900,0.005,0.0095,1.8905,sample_return_phase_supported,specific carbonate phase required
BMG-02404,PHA-CAR,MED-BCL,0.001,1900,0.01,0.019,1.881,sample_return_phase_supported,specific carbonate phase required
BMG-02405,PHA-CAR,MED-BCL,0.001,1900,0.05,0.095,1.805,sample_return_phase_supported,specific carbonate phase required
BMG-02406,PHA-CAR,MED-BCL,0.001,1900,0.1,0.19,1.71,sample_return_phase_supported,specific carbonate phase required
BMG-02407,PHA-CAR,MED-BCL,0.001,1900,0.25,0.475,1.425,sample_return_phase_supported,specific carbonate phase required
BMG-02408,PHA-CAR,MED-BCL,0.001,1900,0.5,0.95,0.95,sample_return_phase_supported,specific carbonate phase required
BMG-02409,PHA-CAR,MED-BAS,0.001,1700,0.001,0.0017,1.6983,sample_return_phase_supported,specific carbonate phase required
BMG-02410,PHA-CAR,MED-BAS,0.001,1700,0.005,0.0085,1.6915,sample_return_phase_supported,specific carbonate phase required
BMG-02411,PHA-CAR,MED-BAS,0.001,1700,0.01,0.017,1.683,sample_return_phase_supported,specific carbonate phase required
BMG-02412,PHA-CAR,MED-BAS,0.001,1700,0.05,0.085,1.615,sample_return_phase_supported,specific carbonate phase required
BMG-02413,PHA-CAR,MED-BAS,0.001,1700,0.1,0.17,1.53,sample_return_phase_supported,specific carbonate phase required
BMG-02414,PHA-CAR,MED-BAS,0.001,1700,0.25,0.425,1.275,sample_return_phase_supported,specific carbonate phase required
BMG-02415,PHA-CAR,MED-BAS,0.001,1700,0.5,0.85,0.85,sample_return_phase_supported,specific carbonate phase required
BMG-02416,PHA-CAR,MED-CAR,0.001,1300,0.001,0.0013,1.2987,sample_return_phase_supported,specific carbonate phase required
BMG-02417,PHA-CAR,MED-CAR,0.001,1300,0.005,0.0065,1.2935,sample_return_phase_supported,specific carbonate phase required
BMG-02418,PHA-CAR,MED-CAR,0.001,1300,0.01,0.013,1.287,sample_return_phase_supported,specific carbonate phase required
BMG-02419,PHA-CAR,MED-CAR,0.001,1300,0.05,0.065,1.235,sample_return_phase_supported,specific carbonate phase required
BMG-02420,PHA-CAR,MED-CAR,0.001,1300,0.1,0.13,1.17,sample_return_phase_supported,specific carbonate phase required
BMG-02421,PHA-CAR,MED-CAR,0.001,1300,0.25,0.325,0.975,sample_return_phase_supported,specific carbonate phase required
BMG-02422,PHA-CAR,MED-CAR,0.001,1300,0.5,0.65,0.65,sample_return_phase_supported,specific carbonate phase required
BMG-02423,PHA-CAR,MED-MET,0.001,2300,0.001,0.0023,2.2977,sample_return_phase_supported,specific carbonate phase required
BMG-02424,PHA-CAR,MED-MET,0.001,2300,0.005,0.0115,2.2885,sample_return_phase_supported,specific carbonate phase required
BMG-02425,PHA-CAR,MED-MET,0.001,2300,0.01,0.023,2.277,sample_return_phase_supported,specific carbonate phase required
BMG-02426,PHA-CAR,MED-MET,0.001,2300,0.05,0.115,2.185,sample_return_phase_supported,specific carbonate phase required
BMG-02427,PHA-CAR,MED-MET,0.001,2300,0.1,0.23,2.07,sample_return_phase_supported,specific carbonate phase required
BMG-02428,PHA-CAR,MED-MET,0.001,2300,0.25,0.575,1.725,sample_return_phase_supported,specific carbonate phase required
BMG-02429,PHA-CAR,MED-MET,0.001,2300,0.5,1.15,1.15,sample_return_phase_supported,specific carbonate phase required
BMG-02430,PHA-CAR,MED-ANT,0.001,1500,0.001,0.0015,1.4985,sample_return_phase_supported,specific carbonate phase required
BMG-02431,PHA-CAR,MED-ANT,0.001,1500,0.005,0.0075,1.4925,sample_return_phase_supported,specific carbonate phase required
BMG-02432,PHA-CAR,MED-ANT,0.001,1500,0.01,0.015,1.485,sample_return_phase_supported,specific carbonate phase required
BMG-02433,PHA-CAR,MED-ANT,0.001,1500,0.05,0.075,1.425,sample_return_phase_supported,specific carbonate phase required
BMG-02434,PHA-CAR,MED-ANT,0.001,1500,0.1,0.15,1.35,sample_return_phase_supported,specific carbonate phase required
BMG-02435,PHA-CAR,MED-ANT,0.001,1500,0.25,0.375,1.125,sample_return_phase_supported,specific carbonate phase required
BMG-02436,PHA-CAR,MED-ANT,0.001,1500,0.5,0.75,0.75,sample_return_phase_supported,specific carbonate phase required
BMG-02437,PHA-CAR,MED-GLS,0.001,1550,0.001,0.00155,1.54845,sample_return_phase_supported,specific carbonate phase required
BMG-02438,PHA-CAR,MED-GLS,0.001,1550,0.005,0.00775,1.54225,sample_return_phase_supported,specific carbonate phase required
BMG-02439,PHA-CAR,MED-GLS,0.001,1550,0.01,0.0155,1.5345,sample_return_phase_supported,specific carbonate phase required
BMG-02440,PHA-CAR,MED-GLS,0.001,1550,0.05,0.0775,1.4725,sample_return_phase_supported,specific carbonate phase required
BMG-02441,PHA-CAR,MED-GLS,0.001,1550,0.1,0.155,1.395,sample_return_phase_supported,specific carbonate phase required
BMG-02442,PHA-CAR,MED-GLS,0.001,1550,0.25,0.3875,1.1625,sample_return_phase_supported,specific carbonate phase required
BMG-02443,PHA-CAR,MED-GLS,0.001,1550,0.5,0.775,0.775,sample_return_phase_supported,specific carbonate phase required
BMG-02444,PHA-CAR,MED-ICY,0.001,900,0.001,0.0009,0.8991,sample_return_phase_supported,specific carbonate phase required
BMG-02445,PHA-CAR,MED-ICY,0.001,900,0.005,0.0045,0.8955,sample_return_phase_supported,specific carbonate phase required
BMG-02446,PHA-CAR,MED-ICY,0.001,900,0.01,0.009,0.891,sample_return_phase_supported,specific carbonate phase required
BMG-02447,PHA-CAR,MED-ICY,0.001,900,0.05,0.045,0.855,sample_return_phase_supported,specific carbonate phase required
BMG-02448,PHA-CAR,MED-ICY,0.001,900,0.1,0.09,0.81,sample_return_phase_supported,specific carbonate phase required
BMG-02449,PHA-CAR,MED-ICY,0.001,900,0.25,0.225,0.675,sample_return_phase_supported,specific carbonate phase required
BMG-02450,PHA-CAR,MED-ICY,0.001,900,0.5,0.45,0.45,sample_return_phase_supported,specific carbonate phase required
BMG-02451,PHA-ICE,MED-GRV,0.001,1600,0.001,0.0016,1.5984,screening_reference,"temperature, porosity and phase required"
BMG-02452,PHA-ICE,MED-GRV,0.001,1600,0.005,0.008,1.592,screening_reference,"temperature, porosity and phase required"
BMG-02453,PHA-ICE,MED-GRV,0.001,1600,0.01,0.016,1.584,screening_reference,"temperature, porosity and phase required"
BMG-02454,PHA-ICE,MED-GRV,0.001,1600,0.05,0.08,1.52,screening_reference,"temperature, porosity and phase required"
BMG-02455,PHA-ICE,MED-GRV,0.001,1600,0.1,0.16,1.44,screening_reference,"temperature, porosity and phase required"
BMG-02456,PHA-ICE,MED-GRV,0.001,1600,0.25,0.4,1.2,screening_reference,"temperature, porosity and phase required"
BMG-02457,PHA-ICE,MED-GRV,0.001,1600,0.5,0.8,0.8,screening_reference,"temperature, porosity and phase required"
BMG-02458,PHA-ICE,MED-SND,0.001,1650,0.001,0.00165,1.64835,screening_reference,"temperature, porosity and phase required"
BMG-02459,PHA-ICE,MED-SND,0.001,1650,0.005,0.00825,1.64175,screening_reference,"temperature, porosity and phase required"
BMG-02460,PHA-ICE,MED-SND,0.001,1650,0.01,0.0165,1.6335,screening_reference,"temperature, porosity and phase required"
BMG-02461,PHA-ICE,MED-SND,0.001,1650,0.05,0.0825,1.5675,screening_reference,"temperature, porosity and phase required"
BMG-02462,PHA-ICE,MED-SND,0.001,1650,0.1,0.165,1.485,screening_reference,"temperature, porosity and phase required"
BMG-02463,PHA-ICE,MED-SND,0.001,1650,0.25,0.4125,1.2375,screening_reference,"temperature, porosity and phase required"
BMG-02464,PHA-ICE,MED-SND,0.001,1650,0.5,0.825,0.825,screening_reference,"temperature, porosity and phase required"
BMG-02465,PHA-ICE,MED-CLY,0.001,1800,0.001,0.0018,1.7982,screening_reference,"temperature, porosity and phase required"
BMG-02466,PHA-ICE,MED-CLY,0.001,1800,0.005,0.009,1.791,screening_reference,"temperature, porosity and phase required"
BMG-02467,PHA-ICE,MED-CLY,0.001,1800,0.01,0.018,1.782,screening_reference,"temperature, porosity and phase required"
BMG-02468,PHA-ICE,MED-CLY,0.001,1800,0.05,0.09,1.71,screening_reference,"temperature, porosity and phase required"
BMG-02469,PHA-ICE,MED-CLY,0.001,1800,0.1,0.18,1.62,screening_reference,"temperature, porosity and phase required"
BMG-02470,PHA-ICE,MED-CLY,0.001,1800,0.25,0.45,1.35,screening_reference,"temperature, porosity and phase required"
BMG-02471,PHA-ICE,MED-CLY,0.001,1800,0.5,0.9,0.9,screening_reference,"temperature, porosity and phase required"
BMG-02472,PHA-ICE,MED-BCL,0.001,1900,0.001,0.0019,1.8981,screening_reference,"temperature, porosity and phase required"
BMG-02473,PHA-ICE,MED-BCL,0.001,1900,0.005,0.0095,1.8905,screening_reference,"temperature, porosity and phase required"
BMG-02474,PHA-ICE,MED-BCL,0.001,1900,0.01,0.019,1.881,screening_reference,"temperature, porosity and phase required"
BMG-02475,PHA-ICE,MED-BCL,0.001,1900,0.05,0.095,1.805,screening_reference,"temperature, porosity and phase required"
BMG-02476,PHA-ICE,MED-BCL,0.001,1900,0.1,0.19,1.71,screening_reference,"temperature, porosity and phase required"
BMG-02477,PHA-ICE,MED-BCL,0.001,1900,0.25,0.475,1.425,screening_reference,"temperature, porosity and phase required"
BMG-02478,PHA-ICE,MED-BCL,0.001,1900,0.5,0.95,0.95,screening_reference,"temperature, porosity and phase required"
BMG-02479,PHA-ICE,MED-BAS,0.001,1700,0.001,0.0017,1.6983,screening_reference,"temperature, porosity and phase required"
BMG-02480,PHA-ICE,MED-BAS,0.001,1700,0.005,0.0085,1.6915,screening_reference,"temperature, porosity and phase required"
BMG-02481,PHA-ICE,MED-BAS,0.001,1700,0.01,0.017,1.683,screening_reference,"temperature, porosity and phase required"
BMG-02482,PHA-ICE,MED-BAS,0.001,1700,0.05,0.085,1.615,screening_reference,"temperature, porosity and phase required"
BMG-02483,PHA-ICE,MED-BAS,0.001,1700,0.1,0.17,1.53,screening_reference,"temperature, porosity and phase required"
BMG-02484,PHA-ICE,MED-BAS,0.001,1700,0.25,0.425,1.275,screening_reference,"temperature, porosity and phase required"
BMG-02485,PHA-ICE,MED-BAS,0.001,1700,0.5,0.85,0.85,screening_reference,"temperature, porosity and phase required"
BMG-02486,PHA-ICE,MED-CAR,0.001,1300,0.001,0.0013,1.2987,screening_reference,"temperature, porosity and phase required"
BMG-02487,PHA-ICE,MED-CAR,0.001,1300,0.005,0.0065,1.2935,screening_reference,"temperature, porosity and phase required"
BMG-02488,PHA-ICE,MED-CAR,0.001,1300,0.01,0.013,1.287,screening_reference,"temperature, porosity and phase required"
BMG-02489,PHA-ICE,MED-CAR,0.001,1300,0.05,0.065,1.235,screening_reference,"temperature, porosity and phase required"
BMG-02490,PHA-ICE,MED-CAR,0.001,1300,0.1,0.13,1.17,screening_reference,"temperature, porosity and phase required"
BMG-02491,PHA-ICE,MED-CAR,0.001,1300,0.25,0.325,0.975,screening_reference,"temperature, porosity and phase required"
BMG-02492,PHA-ICE,MED-CAR,0.001,1300,0.5,0.65,0.65,screening_reference,"temperature, porosity and phase required"
BMG-02493,PHA-ICE,MED-MET,0.001,2300,0.001,0.0023,2.2977,screening_reference,"temperature, porosity and phase required"
BMG-02494,PHA-ICE,MED-MET,0.001,2300,0.005,0.0115,2.2885,screening_reference,"temperature, porosity and phase required"
BMG-02495,PHA-ICE,MED-MET,0.001,2300,0.01,0.023,2.277,screening_reference,"temperature, porosity and phase required"
BMG-02496,PHA-ICE,MED-MET,0.001,2300,0.05,0.115,2.185,screening_reference,"temperature, porosity and phase required"
BMG-02497,PHA-ICE,MED-MET,0.001,2300,0.1,0.23,2.07,screening_reference,"temperature, porosity and phase required"
BMG-02498,PHA-ICE,MED-MET,0.001,2300,0.25,0.575,1.725,screening_reference,"temperature, porosity and phase required"
BMG-02499,PHA-ICE,MED-MET,0.001,2300,0.5,1.15,1.15,screening_reference,"temperature, porosity and phase required"
BMG-02500,PHA-ICE,MED-ANT,0.001,1500,0.001,0.0015,1.4985,screening_reference,"temperature, porosity and phase required"
BMG-02501,PHA-ICE,MED-ANT,0.001,1500,0.005,0.0075,1.4925,screening_reference,"temperature, porosity and phase required"
BMG-02502,PHA-ICE,MED-ANT,0.001,1500,0.01,0.015,1.485,screening_reference,"temperature, porosity and phase required"
BMG-02503,PHA-ICE,MED-ANT,0.001,1500,0.05,0.075,1.425,screening_reference,"temperature, porosity and phase required"
BMG-02504,PHA-ICE,MED-ANT,0.001,1500,0.1,0.15,1.35,screening_reference,"temperature, porosity and phase required"
BMG-02505,PHA-ICE,MED-ANT,0.001,1500,0.25,0.375,1.125,screening_reference,"temperature, porosity and phase required"
BMG-02506,PHA-ICE,MED-ANT,0.001,1500,0.5,0.75,0.75,screening_reference,"temperature, porosity and phase required"
BMG-02507,PHA-ICE,MED-GLS,0.001,1550,0.001,0.00155,1.54845,screening_reference,"temperature, porosity and phase required"
BMG-02508,PHA-ICE,MED-GLS,0.001,1550,0.005,0.00775,1.54225,screening_reference,"temperature, porosity and phase required"
BMG-02509,PHA-ICE,MED-GLS,0.001,1550,0.01,0.0155,1.5345,screening_reference,"temperature, porosity and phase required"
BMG-02510,PHA-ICE,MED-GLS,0.001,1550,0.05,0.0775,1.4725,screening_reference,"temperature, porosity and phase required"
BMG-02511,PHA-ICE,MED-GLS,0.001,1550,0.1,0.155,1.395,screening_reference,"temperature, porosity and phase required"
BMG-02512,PHA-ICE,MED-GLS,0.001,1550,0.25,0.3875,1.1625,screening_reference,"temperature, porosity and phase required"
BMG-02513,PHA-ICE,MED-GLS,0.001,1550,0.5,0.775,0.775,screening_reference,"temperature, porosity and phase required"
BMG-02514,PHA-ICE,MED-ICY,0.001,900,0.001,0.0009,0.8991,screening_reference,"temperature, porosity and phase required"
BMG-02515,PHA-ICE,MED-ICY,0.001,900,0.005,0.0045,0.8955,screening_reference,"temperature, porosity and phase required"
BMG-02516,PHA-ICE,MED-ICY,0.001,900,0.01,0.009,0.891,screening_reference,"temperature, porosity and phase required"
BMG-02517,PHA-ICE,MED-ICY,0.001,900,0.05,0.045,0.855,screening_reference,"temperature, porosity and phase required"
BMG-02518,PHA-ICE,MED-ICY,0.001,900,0.1,0.09,0.81,screening_reference,"temperature, porosity and phase required"
BMG-02519,PHA-ICE,MED-ICY,0.001,900,0.25,0.225,0.675,screening_reference,"temperature, porosity and phase required"
BMG-02520,PHA-ICE,MED-ICY,0.001,900,0.5,0.45,0.45,screening_reference,"temperature, porosity and phase required"
BMG-02521,PHA-ORG,MED-GRV,0.001,1600,0.001,0.0016,1.5984,sample_return_phase_supported,not a biological or fuel-grade claim
BMG-02522,PHA-ORG,MED-GRV,0.001,1600,0.005,0.008,1.592,sample_return_phase_supported,not a biological or fuel-grade claim
BMG-02523,PHA-ORG,MED-GRV,0.001,1600,0.01,0.016,1.584,sample_return_phase_supported,not a biological or fuel-grade claim
BMG-02524,PHA-ORG,MED-GRV,0.001,1600,0.05,0.08,1.52,sample_return_phase_supported,not a biological or fuel-grade claim
BMG-02525,PHA-ORG,MED-GRV,0.001,1600,0.1,0.16,1.44,sample_return_phase_supported,not a biological or fuel-grade claim
BMG-02526,PHA-ORG,MED-GRV,0.001,1600,0.25,0.4,1.2,sample_return_phase_supported,not a biological or fuel-grade claim
BMG-02527,PHA-ORG,MED-GRV,0.001,1600,0.5,0.8,0.8,sample_return_phase_supported,not a biological or fuel-grade claim
BMG-02528,PHA-ORG,MED-SND,0.001,1650,0.001,0.00165,1.64835,sample_return_phase_supported,not a biological or fuel-grade claim
BMG-02529,PHA-ORG,MED-SND,0.001,1650,0.005,0.00825,1.64175,sample_return_phase_supported,not a biological or fuel-grade claim
BMG-02530,PHA-ORG,MED-SND,0.001,1650,0.01,0.0165,1.6335,sample_return_phase_supported,not a biological or fuel-grade claim
BMG-02531,PHA-ORG,MED-SND,0.001,1650,0.05,0.0825,1.5675,sample_return_phase_supported,not a biological or fuel-grade claim
BMG-02532,PHA-ORG,MED-SND,0.001,1650,0.1,0.165,1.485,sample_return_phase_supported,not a biological or fuel-grade claim
BMG-02533,PHA-ORG,MED-SND,0.001,1650,0.25,0.4125,1.2375,sample_return_phase_supported,not a biological or fuel-grade claim
BMG-02534,PHA-ORG,MED-SND,0.001,1650,0.5,0.825,0.825,sample_return_phase_supported,not a biological or fuel-grade claim
BMG-02535,PHA-ORG,MED-CLY,0.001,1800,0.001,0.0018,1.7982,sample_return_phase_supported,not a biological or fuel-grade claim
BMG-02536,PHA-ORG,MED-CLY,0.001,1800,0.005,0.009,1.791,sample_return_phase_supported,not a biological or fuel-grade claim
BMG-02537,PHA-ORG,MED-CLY,0.001,1800,0.01,0.018,1.782,sample_return_phase_supported,not a biological or fuel-grade claim
BMG-02538,PHA-ORG,MED-CLY,0.001,1800,0.05,0.09,1.71,sample_return_phase_supported,not a biological or fuel-grade claim
BMG-02539,PHA-ORG,MED-CLY,0.001,1800,0.1,0.18,1.62,sample_return_phase_supported,not a biological or fuel-grade claim
BMG-02540,PHA-ORG,MED-CLY,0.001,1800,0.25,0.45,1.35,sample_return_phase_supported,not a biological or fuel-grade claim
BMG-02541,PHA-ORG,MED-CLY,0.001,1800,0.5,0.9,0.9,sample_return_phase_supported,not a biological or fuel-grade claim
BMG-02542,PHA-ORG,MED-BCL,0.001,1900,0.001,0.0019,1.8981,sample_return_phase_supported,not a biological or fuel-grade claim
BMG-02543,PHA-ORG,MED-BCL,0.001,1900,0.005,0.0095,1.8905,sample_return_phase_supported,not a biological or fuel-grade claim
BMG-02544,PHA-ORG,MED-BCL,0.001,1900,0.01,0.019,1.881,sample_return_phase_supported,not a biological or fuel-grade claim
BMG-02545,PHA-ORG,MED-BCL,0.001,1900,0.05,0.095,1.805,sample_return_phase_supported,not a biological or fuel-grade claim
BMG-02546,PHA-ORG,MED-BCL,0.001,1900,0.1,0.19,1.71,sample_return_phase_supported,not a biological or fuel-grade claim
BMG-02547,PHA-ORG,MED-BCL,0.001,1900,0.25,0.475,1.425,sample_return_phase_supported,not a biological or fuel-grade claim
BMG-02548,PHA-ORG,MED-BCL,0.001,1900,0.5,0.95,0.95,sample_return_phase_supported,not a biological or fuel-grade claim
BMG-02549,PHA-ORG,MED-BAS,0.001,1700,0.001,0.0017,1.6983,sample_return_phase_supported,not a biological or fuel-grade claim
BMG-02550,PHA-ORG,MED-BAS,0.001,1700,0.005,0.0085,1.6915,sample_return_phase_supported,not a biological or fuel-grade claim
BMG-02551,PHA-ORG,MED-BAS,0.001,1700,0.01,0.017,1.683,sample_return_phase_supported,not a biological or fuel-grade claim
BMG-02552,PHA-ORG,MED-BAS,0.001,1700,0.05,0.085,1.615,sample_return_phase_supported,not a biological or fuel-grade claim
BMG-02553,PHA-ORG,MED-BAS,0.001,1700,0.1,0.17,1.53,sample_return_phase_supported,not a biological or fuel-grade claim
BMG-02554,PHA-ORG,MED-BAS,0.001,1700,0.25,0.425,1.275,sample_return_phase_supported,not a biological or fuel-grade claim
BMG-02555,PHA-ORG,MED-BAS,0.001,1700,0.5,0.85,0.85,sample_return_phase_supported,not a biological or fuel-grade claim
BMG-02556,PHA-ORG,MED-CAR,0.001,1300,0.001,0.0013,1.2987,sample_return_phase_supported,not a biological or fuel-grade claim
BMG-02557,PHA-ORG,MED-CAR,0.001,1300,0.005,0.0065,1.2935,sample_return_phase_supported,not a biological or fuel-grade claim
BMG-02558,PHA-ORG,MED-CAR,0.001,1300,0.01,0.013,1.287,sample_return_phase_supported,not a biological or fuel-grade claim
BMG-02559,PHA-ORG,MED-CAR,0.001,1300,0.05,0.065,1.235,sample_return_phase_supported,not a biological or fuel-grade claim
BMG-02560,PHA-ORG,MED-CAR,0.001,1300,0.1,0.13,1.17,sample_return_phase_supported,not a biological or fuel-grade claim
BMG-02561,PHA-ORG,MED-CAR,0.001,1300,0.25,0.325,0.975,sample_return_phase_supported,not a biological or fuel-grade claim
BMG-02562,PHA-ORG,MED-CAR,0.001,1300,0.5,0.65,0.65,sample_return_phase_supported,not a biological or fuel-grade claim
BMG-02563,PHA-ORG,MED-MET,0.001,2300,0.001,0.0023,2.2977,sample_return_phase_supported,not a biological or fuel-grade claim
BMG-02564,PHA-ORG,MED-MET,0.001,2300,0.005,0.0115,2.2885,sample_return_phase_supported,not a biological or fuel-grade claim
BMG-02565,PHA-ORG,MED-MET,0.001,2300,0.01,0.023,2.277,sample_return_phase_supported,not a biological or fuel-grade claim
BMG-02566,PHA-ORG,MED-MET,0.001,2300,0.05,0.115,2.185,sample_return_phase_supported,not a biological or fuel-grade claim
BMG-02567,PHA-ORG,MED-MET,0.001,2300,0.1,0.23,2.07,sample_return_phase_supported,not a biological or fuel-grade claim
BMG-02568,PHA-ORG,MED-MET,0.001,2300,0.25,0.575,1.725,sample_return_phase_supported,not a biological or fuel-grade claim
BMG-02569,PHA-ORG,MED-MET,0.001,2300,0.5,1.15,1.15,sample_return_phase_supported,not a biological or fuel-grade claim
BMG-02570,PHA-ORG,MED-ANT,0.001,1500,0.001,0.0015,1.4985,sample_return_phase_supported,not a biological or fuel-grade claim
BMG-02571,PHA-ORG,MED-ANT,0.001,1500,0.005,0.0075,1.4925,sample_return_phase_supported,not a biological or fuel-grade claim
BMG-02572,PHA-ORG,MED-ANT,0.001,1500,0.01,0.015,1.485,sample_return_phase_supported,not a biological or fuel-grade claim
BMG-02573,PHA-ORG,MED-ANT,0.001,1500,0.05,0.075,1.425,sample_return_phase_supported,not a biological or fuel-grade claim
BMG-02574,PHA-ORG,MED-ANT,0.001,1500,0.1,0.15,1.35,sample_return_phase_supported,not a biological or fuel-grade claim
BMG-02575,PHA-ORG,MED-ANT,0.001,1500,0.25,0.375,1.125,sample_return_phase_supported,not a biological or fuel-grade claim
BMG-02576,PHA-ORG,MED-ANT,0.001,1500,0.5,0.75,0.75,sample_return_phase_supported,not a biological or fuel-grade claim
BMG-02577,PHA-ORG,MED-GLS,0.001,1550,0.001,0.00155,1.54845,sample_return_phase_supported,not a biological or fuel-grade claim
BMG-02578,PHA-ORG,MED-GLS,0.001,1550,0.005,0.00775,1.54225,sample_return_phase_supported,not a biological or fuel-grade claim
BMG-02579,PHA-ORG,MED-GLS,0.001,1550,0.01,0.0155,1.5345,sample_return_phase_supported,not a biological or fuel-grade claim
BMG-02580,PHA-ORG,MED-GLS,0.001,1550,0.05,0.0775,1.4725,sample_return_phase_supported,not a biological or fuel-grade claim
BMG-02581,PHA-ORG,MED-GLS,0.001,1550,0.1,0.155,1.395,sample_return_phase_supported,not a biological or fuel-grade claim
BMG-02582,PHA-ORG,MED-GLS,0.001,1550,0.25,0.3875,1.1625,sample_return_phase_supported,not a biological or fuel-grade claim
BMG-02583,PHA-ORG,MED-GLS,0.001,1550,0.5,0.775,0.775,sample_return_phase_supported,not a biological or fuel-grade claim
BMG-02584,PHA-ORG,MED-ICY,0.001,900,0.001,0.0009,0.8991,sample_return_phase_supported,not a biological or fuel-grade claim
BMG-02585,PHA-ORG,MED-ICY,0.001,900,0.005,0.0045,0.8955,sample_return_phase_supported,not a biological or fuel-grade claim
BMG-02586,PHA-ORG,MED-ICY,0.001,900,0.01,0.009,0.891,sample_return_phase_supported,not a biological or fuel-grade claim
BMG-02587,PHA-ORG,MED-ICY,0.001,900,0.05,0.045,0.855,sample_return_phase_supported,not a biological or fuel-grade claim
BMG-02588,PHA-ORG,MED-ICY,0.001,900,0.1,0.09,0.81,sample_return_phase_supported,not a biological or fuel-grade claim
BMG-02589,PHA-ORG,MED-ICY,0.001,900,0.25,0.225,0.675,sample_return_phase_supported,not a biological or fuel-grade claim
BMG-02590,PHA-ORG,MED-ICY,0.001,900,0.5,0.45,0.45,sample_return_phase_supported,not a biological or fuel-grade claim
BMG-02591,PHA-PHO,MED-GRV,0.001,1600,0.001,0.0016,1.5984,sample_return_phase_supported,specific mineral and abundance required
BMG-02592,PHA-PHO,MED-GRV,0.001,1600,0.005,0.008,1.592,sample_return_phase_supported,specific mineral and abundance required
BMG-02593,PHA-PHO,MED-GRV,0.001,1600,0.01,0.016,1.584,sample_return_phase_supported,specific mineral and abundance required
BMG-02594,PHA-PHO,MED-GRV,0.001,1600,0.05,0.08,1.52,sample_return_phase_supported,specific mineral and abundance required
BMG-02595,PHA-PHO,MED-GRV,0.001,1600,0.1,0.16,1.44,sample_return_phase_supported,specific mineral and abundance required
BMG-02596,PHA-PHO,MED-GRV,0.001,1600,0.25,0.4,1.2,sample_return_phase_supported,specific mineral and abundance required
BMG-02597,PHA-PHO,MED-GRV,0.001,1600,0.5,0.8,0.8,sample_return_phase_supported,specific mineral and abundance required
BMG-02598,PHA-PHO,MED-SND,0.001,1650,0.001,0.00165,1.64835,sample_return_phase_supported,specific mineral and abundance required
BMG-02599,PHA-PHO,MED-SND,0.001,1650,0.005,0.00825,1.64175,sample_return_phase_supported,specific mineral and abundance required
BMG-02600,PHA-PHO,MED-SND,0.001,1650,0.01,0.0165,1.6335,sample_return_phase_supported,specific mineral and abundance required
BMG-02601,PHA-PHO,MED-SND,0.001,1650,0.05,0.0825,1.5675,sample_return_phase_supported,specific mineral and abundance required
BMG-02602,PHA-PHO,MED-SND,0.001,1650,0.1,0.165,1.485,sample_return_phase_supported,specific mineral and abundance required
BMG-02603,PHA-PHO,MED-SND,0.001,1650,0.25,0.4125,1.2375,sample_return_phase_supported,specific mineral and abundance required
BMG-02604,PHA-PHO,MED-SND,0.001,1650,0.5,0.825,0.825,sample_return_phase_supported,specific mineral and abundance required
BMG-02605,PHA-PHO,MED-CLY,0.001,1800,0.001,0.0018,1.7982,sample_return_phase_supported,specific mineral and abundance required
BMG-02606,PHA-PHO,MED-CLY,0.001,1800,0.005,0.009,1.791,sample_return_phase_supported,specific mineral and abundance required
BMG-02607,PHA-PHO,MED-CLY,0.001,1800,0.01,0.018,1.782,sample_return_phase_supported,specific mineral and abundance required
BMG-02608,PHA-PHO,MED-CLY,0.001,1800,0.05,0.09,1.71,sample_return_phase_supported,specific mineral and abundance required
BMG-02609,PHA-PHO,MED-CLY,0.001,1800,0.1,0.18,1.62,sample_return_phase_supported,specific mineral and abundance required
BMG-02610,PHA-PHO,MED-CLY,0.001,1800,0.25,0.45,1.35,sample_return_phase_supported,specific mineral and abundance required
BMG-02611,PHA-PHO,MED-CLY,0.001,1800,0.5,0.9,0.9,sample_return_phase_supported,specific mineral and abundance required
BMG-02612,PHA-PHO,MED-BCL,0.001,1900,0.001,0.0019,1.8981,sample_return_phase_supported,specific mineral and abundance required
BMG-02613,PHA-PHO,MED-BCL,0.001,1900,0.005,0.0095,1.8905,sample_return_phase_supported,specific mineral and abundance required
BMG-02614,PHA-PHO,MED-BCL,0.001,1900,0.01,0.019,1.881,sample_return_phase_supported,specific mineral and abundance required
BMG-02615,PHA-PHO,MED-BCL,0.001,1900,0.05,0.095,1.805,sample_return_phase_supported,specific mineral and abundance required
BMG-02616,PHA-PHO,MED-BCL,0.001,1900,0.1,0.19,1.71,sample_return_phase_supported,specific mineral and abundance required
BMG-02617,PHA-PHO,MED-BCL,0.001,1900,0.25,0.475,1.425,sample_return_phase_supported,specific mineral and abundance required
BMG-02618,PHA-PHO,MED-BCL,0.001,1900,0.5,0.95,0.95,sample_return_phase_supported,specific mineral and abundance required
BMG-02619,PHA-PHO,MED-BAS,0.001,1700,0.001,0.0017,1.6983,sample_return_phase_supported,specific mineral and abundance required
BMG-02620,PHA-PHO,MED-BAS,0.001,1700,0.005,0.0085,1.6915,sample_return_phase_supported,specific mineral and abundance required
BMG-02621,PHA-PHO,MED-BAS,0.001,1700,0.01,0.017,1.683,sample_return_phase_supported,specific mineral and abundance required
BMG-02622,PHA-PHO,MED-BAS,0.001,1700,0.05,0.085,1.615,sample_return_phase_supported,specific mineral and abundance required
BMG-02623,PHA-PHO,MED-BAS,0.001,1700,0.1,0.17,1.53,sample_return_phase_supported,specific mineral and abundance required
BMG-02624,PHA-PHO,MED-BAS,0.001,1700,0.25,0.425,1.275,sample_return_phase_supported,specific mineral and abundance required
BMG-02625,PHA-PHO,MED-BAS,0.001,1700,0.5,0.85,0.85,sample_return_phase_supported,specific mineral and abundance required
BMG-02626,PHA-PHO,MED-CAR,0.001,1300,0.001,0.0013,1.2987,sample_return_phase_supported,specific mineral and abundance required
BMG-02627,PHA-PHO,MED-CAR,0.001,1300,0.005,0.0065,1.2935,sample_return_phase_supported,specific mineral and abundance required
BMG-02628,PHA-PHO,MED-CAR,0.001,1300,0.01,0.013,1.287,sample_return_phase_supported,specific mineral and abundance required
BMG-02629,PHA-PHO,MED-CAR,0.001,1300,0.05,0.065,1.235,sample_return_phase_supported,specific mineral and abundance required
BMG-02630,PHA-PHO,MED-CAR,0.001,1300,0.1,0.13,1.17,sample_return_phase_supported,specific mineral and abundance required
BMG-02631,PHA-PHO,MED-CAR,0.001,1300,0.25,0.325,0.975,sample_return_phase_supported,specific mineral and abundance required
BMG-02632,PHA-PHO,MED-CAR,0.001,1300,0.5,0.65,0.65,sample_return_phase_supported,specific mineral and abundance required
BMG-02633,PHA-PHO,MED-MET,0.001,2300,0.001,0.0023,2.2977,sample_return_phase_supported,specific mineral and abundance required
BMG-02634,PHA-PHO,MED-MET,0.001,2300,0.005,0.0115,2.2885,sample_return_phase_supported,specific mineral and abundance required
BMG-02635,PHA-PHO,MED-MET,0.001,2300,0.01,0.023,2.277,sample_return_phase_supported,specific mineral and abundance required
BMG-02636,PHA-PHO,MED-MET,0.001,2300,0.05,0.115,2.185,sample_return_phase_supported,specific mineral and abundance required
BMG-02637,PHA-PHO,MED-MET,0.001,2300,0.1,0.23,2.07,sample_return_phase_supported,specific mineral and abundance required
BMG-02638,PHA-PHO,MED-MET,0.001,2300,0.25,0.575,1.725,sample_return_phase_supported,specific mineral and abundance required
BMG-02639,PHA-PHO,MED-MET,0.001,2300,0.5,1.15,1.15,sample_return_phase_supported,specific mineral and abundance required
BMG-02640,PHA-PHO,MED-ANT,0.001,1500,0.001,0.0015,1.4985,sample_return_phase_supported,specific mineral and abundance required
BMG-02641,PHA-PHO,MED-ANT,0.001,1500,0.005,0.0075,1.4925,sample_return_phase_supported,specific mineral and abundance required
BMG-02642,PHA-PHO,MED-ANT,0.001,1500,0.01,0.015,1.485,sample_return_phase_supported,specific mineral and abundance required
BMG-02643,PHA-PHO,MED-ANT,0.001,1500,0.05,0.075,1.425,sample_return_phase_supported,specific mineral and abundance required
BMG-02644,PHA-PHO,MED-ANT,0.001,1500,0.1,0.15,1.35,sample_return_phase_supported,specific mineral and abundance required
BMG-02645,PHA-PHO,MED-ANT,0.001,1500,0.25,0.375,1.125,sample_return_phase_supported,specific mineral and abundance required
BMG-02646,PHA-PHO,MED-ANT,0.001,1500,0.5,0.75,0.75,sample_return_phase_supported,specific mineral and abundance required
BMG-02647,PHA-PHO,MED-GLS,0.001,1550,0.001,0.00155,1.54845,sample_return_phase_supported,specific mineral and abundance required
BMG-02648,PHA-PHO,MED-GLS,0.001,1550,0.005,0.00775,1.54225,sample_return_phase_supported,specific mineral and abundance required
BMG-02649,PHA-PHO,MED-GLS,0.001,1550,0.01,0.0155,1.5345,sample_return_phase_supported,specific mineral and abundance required
BMG-02650,PHA-PHO,MED-GLS,0.001,1550,0.05,0.0775,1.4725,sample_return_phase_supported,specific mineral and abundance required
BMG-02651,PHA-PHO,MED-GLS,0.001,1550,0.1,0.155,1.395,sample_return_phase_supported,specific mineral and abundance required
BMG-02652,PHA-PHO,MED-GLS,0.001,1550,0.25,0.3875,1.1625,sample_return_phase_supported,specific mineral and abundance required
BMG-02653,PHA-PHO,MED-GLS,0.001,1550,0.5,0.775,0.775,sample_return_phase_supported,specific mineral and abundance required
BMG-02654,PHA-PHO,MED-ICY,0.001,900,0.001,0.0009,0.8991,sample_return_phase_supported,specific mineral and abundance required
BMG-02655,PHA-PHO,MED-ICY,0.001,900,0.005,0.0045,0.8955,sample_return_phase_supported,specific mineral and abundance required
BMG-02656,PHA-PHO,MED-ICY,0.001,900,0.01,0.009,0.891,sample_return_phase_supported,specific mineral and abundance required
BMG-02657,PHA-PHO,MED-ICY,0.001,900,0.05,0.045,0.855,sample_return_phase_supported,specific mineral and abundance required
BMG-02658,PHA-PHO,MED-ICY,0.001,900,0.1,0.09,0.81,sample_return_phase_supported,specific mineral and abundance required
BMG-02659,PHA-PHO,MED-ICY,0.001,900,0.25,0.225,0.675,sample_return_phase_supported,specific mineral and abundance required
BMG-02660,PHA-PHO,MED-ICY,0.001,900,0.5,0.45,0.45,sample_return_phase_supported,specific mineral and abundance required
BMG-02661,PHA-HAL,MED-GRV,0.001,1600,0.001,0.0016,1.5984,sample_return_phase_supported,trace presence is not recoverable resource
BMG-02662,PHA-HAL,MED-GRV,0.001,1600,0.005,0.008,1.592,sample_return_phase_supported,trace presence is not recoverable resource
BMG-02663,PHA-HAL,MED-GRV,0.001,1600,0.01,0.016,1.584,sample_return_phase_supported,trace presence is not recoverable resource
BMG-02664,PHA-HAL,MED-GRV,0.001,1600,0.05,0.08,1.52,sample_return_phase_supported,trace presence is not recoverable resource
BMG-02665,PHA-HAL,MED-GRV,0.001,1600,0.1,0.16,1.44,sample_return_phase_supported,trace presence is not recoverable resource
BMG-02666,PHA-HAL,MED-GRV,0.001,1600,0.25,0.4,1.2,sample_return_phase_supported,trace presence is not recoverable resource
BMG-02667,PHA-HAL,MED-GRV,0.001,1600,0.5,0.8,0.8,sample_return_phase_supported,trace presence is not recoverable resource
BMG-02668,PHA-HAL,MED-SND,0.001,1650,0.001,0.00165,1.64835,sample_return_phase_supported,trace presence is not recoverable resource
BMG-02669,PHA-HAL,MED-SND,0.001,1650,0.005,0.00825,1.64175,sample_return_phase_supported,trace presence is not recoverable resource
BMG-02670,PHA-HAL,MED-SND,0.001,1650,0.01,0.0165,1.6335,sample_return_phase_supported,trace presence is not recoverable resource
BMG-02671,PHA-HAL,MED-SND,0.001,1650,0.05,0.0825,1.5675,sample_return_phase_supported,trace presence is not recoverable resource
BMG-02672,PHA-HAL,MED-SND,0.001,1650,0.1,0.165,1.485,sample_return_phase_supported,trace presence is not recoverable resource
BMG-02673,PHA-HAL,MED-SND,0.001,1650,0.25,0.4125,1.2375,sample_return_phase_supported,trace presence is not recoverable resource
BMG-02674,PHA-HAL,MED-SND,0.001,1650,0.5,0.825,0.825,sample_return_phase_supported,trace presence is not recoverable resource
BMG-02675,PHA-HAL,MED-CLY,0.001,1800,0.001,0.0018,1.7982,sample_return_phase_supported,trace presence is not recoverable resource
BMG-02676,PHA-HAL,MED-CLY,0.001,1800,0.005,0.009,1.791,sample_return_phase_supported,trace presence is not recoverable resource
BMG-02677,PHA-HAL,MED-CLY,0.001,1800,0.01,0.018,1.782,sample_return_phase_supported,trace presence is not recoverable resource
BMG-02678,PHA-HAL,MED-CLY,0.001,1800,0.05,0.09,1.71,sample_return_phase_supported,trace presence is not recoverable resource
BMG-02679,PHA-HAL,MED-CLY,0.001,1800,0.1,0.18,1.62,sample_return_phase_supported,trace presence is not recoverable resource
BMG-02680,PHA-HAL,MED-CLY,0.001,1800,0.25,0.45,1.35,sample_return_phase_supported,trace presence is not recoverable resource
BMG-02681,PHA-HAL,MED-CLY,0.001,1800,0.5,0.9,0.9,sample_return_phase_supported,trace presence is not recoverable resource
BMG-02682,PHA-HAL,MED-BCL,0.001,1900,0.001,0.0019,1.8981,sample_return_phase_supported,trace presence is not recoverable resource
BMG-02683,PHA-HAL,MED-BCL,0.001,1900,0.005,0.0095,1.8905,sample_return_phase_supported,trace presence is not recoverable resource
BMG-02684,PHA-HAL,MED-BCL,0.001,1900,0.01,0.019,1.881,sample_return_phase_supported,trace presence is not recoverable resource
BMG-02685,PHA-HAL,MED-BCL,0.001,1900,0.05,0.095,1.805,sample_return_phase_supported,trace presence is not recoverable resource
BMG-02686,PHA-HAL,MED-BCL,0.001,1900,0.1,0.19,1.71,sample_return_phase_supported,trace presence is not recoverable resource
BMG-02687,PHA-HAL,MED-BCL,0.001,1900,0.25,0.475,1.425,sample_return_phase_supported,trace presence is not recoverable resource
BMG-02688,PHA-HAL,MED-BCL,0.001,1900,0.5,0.95,0.95,sample_return_phase_supported,trace presence is not recoverable resource
BMG-02689,PHA-HAL,MED-BAS,0.001,1700,0.001,0.0017,1.6983,sample_return_phase_supported,trace presence is not recoverable resource
BMG-02690,PHA-HAL,MED-BAS,0.001,1700,0.005,0.0085,1.6915,sample_return_phase_supported,trace presence is not recoverable resource
BMG-02691,PHA-HAL,MED-BAS,0.001,1700,0.01,0.017,1.683,sample_return_phase_supported,trace presence is not recoverable resource
BMG-02692,PHA-HAL,MED-BAS,0.001,1700,0.05,0.085,1.615,sample_return_phase_supported,trace presence is not recoverable resource
BMG-02693,PHA-HAL,MED-BAS,0.001,1700,0.1,0.17,1.53,sample_return_phase_supported,trace presence is not recoverable resource
BMG-02694,PHA-HAL,MED-BAS,0.001,1700,0.25,0.425,1.275,sample_return_phase_supported,trace presence is not recoverable resource
BMG-02695,PHA-HAL,MED-BAS,0.001,1700,0.5,0.85,0.85,sample_return_phase_supported,trace presence is not recoverable resource
BMG-02696,PHA-HAL,MED-CAR,0.001,1300,0.001,0.0013,1.2987,sample_return_phase_supported,trace presence is not recoverable resource
BMG-02697,PHA-HAL,MED-CAR,0.001,1300,0.005,0.0065,1.2935,sample_return_phase_supported,trace presence is not recoverable resource
BMG-02698,PHA-HAL,MED-CAR,0.001,1300,0.01,0.013,1.287,sample_return_phase_supported,trace presence is not recoverable resource
BMG-02699,PHA-HAL,MED-CAR,0.001,1300,0.05,0.065,1.235,sample_return_phase_supported,trace presence is not recoverable resource
BMG-02700,PHA-HAL,MED-CAR,0.001,1300,0.1,0.13,1.17,sample_return_phase_supported,trace presence is not recoverable resource
BMG-02701,PHA-HAL,MED-CAR,0.001,1300,0.25,0.325,0.975,sample_return_phase_supported,trace presence is not recoverable resource
BMG-02702,PHA-HAL,MED-CAR,0.001,1300,0.5,0.65,0.65,sample_return_phase_supported,trace presence is not recoverable resource
BMG-02703,PHA-HAL,MED-MET,0.001,2300,0.001,0.0023,2.2977,sample_return_phase_supported,trace presence is not recoverable resource
BMG-02704,PHA-HAL,MED-MET,0.001,2300,0.005,0.0115,2.2885,sample_return_phase_supported,trace presence is not recoverable resource
BMG-02705,PHA-HAL,MED-MET,0.001,2300,0.01,0.023,2.277,sample_return_phase_supported,trace presence is not recoverable resource
BMG-02706,PHA-HAL,MED-MET,0.001,2300,0.05,0.115,2.185,sample_return_phase_supported,trace presence is not recoverable resource
BMG-02707,PHA-HAL,MED-MET,0.001,2300,0.1,0.23,2.07,sample_return_phase_supported,trace presence is not recoverable resource
BMG-02708,PHA-HAL,MED-MET,0.001,2300,0.25,0.575,1.725,sample_return_phase_supported,trace presence is not recoverable resource
BMG-02709,PHA-HAL,MED-MET,0.001,2300,0.5,1.15,1.15,sample_return_phase_supported,trace presence is not recoverable resource
BMG-02710,PHA-HAL,MED-ANT,0.001,1500,0.001,0.0015,1.4985,sample_return_phase_supported,trace presence is not recoverable resource
BMG-02711,PHA-HAL,MED-ANT,0.001,1500,0.005,0.0075,1.4925,sample_return_phase_supported,trace presence is not recoverable resource
BMG-02712,PHA-HAL,MED-ANT,0.001,1500,0.01,0.015,1.485,sample_return_phase_supported,trace presence is not recoverable resource
BMG-02713,PHA-HAL,MED-ANT,0.001,1500,0.05,0.075,1.425,sample_return_phase_supported,trace presence is not recoverable resource
BMG-02714,PHA-HAL,MED-ANT,0.001,1500,0.1,0.15,1.35,sample_return_phase_supported,trace presence is not recoverable resource
BMG-02715,PHA-HAL,MED-ANT,0.001,1500,0.25,0.375,1.125,sample_return_phase_supported,trace presence is not recoverable resource
BMG-02716,PHA-HAL,MED-ANT,0.001,1500,0.5,0.75,0.75,sample_return_phase_supported,trace presence is not recoverable resource
BMG-02717,PHA-HAL,MED-GLS,0.001,1550,0.001,0.00155,1.54845,sample_return_phase_supported,trace presence is not recoverable resource
BMG-02718,PHA-HAL,MED-GLS,0.001,1550,0.005,0.00775,1.54225,sample_return_phase_supported,trace presence is not recoverable resource
BMG-02719,PHA-HAL,MED-GLS,0.001,1550,0.01,0.0155,1.5345,sample_return_phase_supported,trace presence is not recoverable resource
BMG-02720,PHA-HAL,MED-GLS,0.001,1550,0.05,0.0775,1.4725,sample_return_phase_supported,trace presence is not recoverable resource
BMG-02721,PHA-HAL,MED-GLS,0.001,1550,0.1,0.155,1.395,sample_return_phase_supported,trace presence is not recoverable resource
BMG-02722,PHA-HAL,MED-GLS,0.001,1550,0.25,0.3875,1.1625,sample_return_phase_supported,trace presence is not recoverable resource
BMG-02723,PHA-HAL,MED-GLS,0.001,1550,0.5,0.775,0.775,sample_return_phase_supported,trace presence is not recoverable resource
BMG-02724,PHA-HAL,MED-ICY,0.001,900,0.001,0.0009,0.8991,sample_return_phase_supported,trace presence is not recoverable resource
BMG-02725,PHA-HAL,MED-ICY,0.001,900,0.005,0.0045,0.8955,sample_return_phase_supported,trace presence is not recoverable resource
BMG-02726,PHA-HAL,MED-ICY,0.001,900,0.01,0.009,0.891,sample_return_phase_supported,trace presence is not recoverable resource
BMG-02727,PHA-HAL,MED-ICY,0.001,900,0.05,0.045,0.855,sample_return_phase_supported,trace presence is not recoverable resource
BMG-02728,PHA-HAL,MED-ICY,0.001,900,0.1,0.09,0.81,sample_return_phase_supported,trace presence is not recoverable resource
BMG-02729,PHA-HAL,MED-ICY,0.001,900,0.25,0.225,0.675,sample_return_phase_supported,trace presence is not recoverable resource
BMG-02730,PHA-HAL,MED-ICY,0.001,900,0.5,0.45,0.45,sample_return_phase_supported,trace presence is not recoverable resource
BMG-02731,PHA-SYL,MED-GRV,0.001,1600,0.001,0.0016,1.5984,sample_return_phase_supported,trace presence is not recoverable resource
BMG-02732,PHA-SYL,MED-GRV,0.001,1600,0.005,0.008,1.592,sample_return_phase_supported,trace presence is not recoverable resource
BMG-02733,PHA-SYL,MED-GRV,0.001,1600,0.01,0.016,1.584,sample_return_phase_supported,trace presence is not recoverable resource
BMG-02734,PHA-SYL,MED-GRV,0.001,1600,0.05,0.08,1.52,sample_return_phase_supported,trace presence is not recoverable resource
BMG-02735,PHA-SYL,MED-GRV,0.001,1600,0.1,0.16,1.44,sample_return_phase_supported,trace presence is not recoverable resource
BMG-02736,PHA-SYL,MED-GRV,0.001,1600,0.25,0.4,1.2,sample_return_phase_supported,trace presence is not recoverable resource
BMG-02737,PHA-SYL,MED-GRV,0.001,1600,0.5,0.8,0.8,sample_return_phase_supported,trace presence is not recoverable resource
BMG-02738,PHA-SYL,MED-SND,0.001,1650,0.001,0.00165,1.64835,sample_return_phase_supported,trace presence is not recoverable resource
BMG-02739,PHA-SYL,MED-SND,0.001,1650,0.005,0.00825,1.64175,sample_return_phase_supported,trace presence is not recoverable resource
BMG-02740,PHA-SYL,MED-SND,0.001,1650,0.01,0.0165,1.6335,sample_return_phase_supported,trace presence is not recoverable resource
BMG-02741,PHA-SYL,MED-SND,0.001,1650,0.05,0.0825,1.5675,sample_return_phase_supported,trace presence is not recoverable resource
BMG-02742,PHA-SYL,MED-SND,0.001,1650,0.1,0.165,1.485,sample_return_phase_supported,trace presence is not recoverable resource
BMG-02743,PHA-SYL,MED-SND,0.001,1650,0.25,0.4125,1.2375,sample_return_phase_supported,trace presence is not recoverable resource
BMG-02744,PHA-SYL,MED-SND,0.001,1650,0.5,0.825,0.825,sample_return_phase_supported,trace presence is not recoverable resource
BMG-02745,PHA-SYL,MED-CLY,0.001,1800,0.001,0.0018,1.7982,sample_return_phase_supported,trace presence is not recoverable resource
BMG-02746,PHA-SYL,MED-CLY,0.001,1800,0.005,0.009,1.791,sample_return_phase_supported,trace presence is not recoverable resource
BMG-02747,PHA-SYL,MED-CLY,0.001,1800,0.01,0.018,1.782,sample_return_phase_supported,trace presence is not recoverable resource
BMG-02748,PHA-SYL,MED-CLY,0.001,1800,0.05,0.09,1.71,sample_return_phase_supported,trace presence is not recoverable resource
BMG-02749,PHA-SYL,MED-CLY,0.001,1800,0.1,0.18,1.62,sample_return_phase_supported,trace presence is not recoverable resource
BMG-02750,PHA-SYL,MED-CLY,0.001,1800,0.25,0.45,1.35,sample_return_phase_supported,trace presence is not recoverable resource
BMG-02751,PHA-SYL,MED-CLY,0.001,1800,0.5,0.9,0.9,sample_return_phase_supported,trace presence is not recoverable resource
BMG-02752,PHA-SYL,MED-BCL,0.001,1900,0.001,0.0019,1.8981,sample_return_phase_supported,trace presence is not recoverable resource
BMG-02753,PHA-SYL,MED-BCL,0.001,1900,0.005,0.0095,1.8905,sample_return_phase_supported,trace presence is not recoverable resource
BMG-02754,PHA-SYL,MED-BCL,0.001,1900,0.01,0.019,1.881,sample_return_phase_supported,trace presence is not recoverable resource
BMG-02755,PHA-SYL,MED-BCL,0.001,1900,0.05,0.095,1.805,sample_return_phase_supported,trace presence is not recoverable resource
BMG-02756,PHA-SYL,MED-BCL,0.001,1900,0.1,0.19,1.71,sample_return_phase_supported,trace presence is not recoverable resource
BMG-02757,PHA-SYL,MED-BCL,0.001,1900,0.25,0.475,1.425,sample_return_phase_supported,trace presence is not recoverable resource
BMG-02758,PHA-SYL,MED-BCL,0.001,1900,0.5,0.95,0.95,sample_return_phase_supported,trace presence is not recoverable resource
BMG-02759,PHA-SYL,MED-BAS,0.001,1700,0.001,0.0017,1.6983,sample_return_phase_supported,trace presence is not recoverable resource
BMG-02760,PHA-SYL,MED-BAS,0.001,1700,0.005,0.0085,1.6915,sample_return_phase_supported,trace presence is not recoverable resource
BMG-02761,PHA-SYL,MED-BAS,0.001,1700,0.01,0.017,1.683,sample_return_phase_supported,trace presence is not recoverable resource
BMG-02762,PHA-SYL,MED-BAS,0.001,1700,0.05,0.085,1.615,sample_return_phase_supported,trace presence is not recoverable resource
BMG-02763,PHA-SYL,MED-BAS,0.001,1700,0.1,0.17,1.53,sample_return_phase_supported,trace presence is not recoverable resource
BMG-02764,PHA-SYL,MED-BAS,0.001,1700,0.25,0.425,1.275,sample_return_phase_supported,trace presence is not recoverable resource
BMG-02765,PHA-SYL,MED-BAS,0.001,1700,0.5,0.85,0.85,sample_return_phase_supported,trace presence is not recoverable resource
BMG-02766,PHA-SYL,MED-CAR,0.001,1300,0.001,0.0013,1.2987,sample_return_phase_supported,trace presence is not recoverable resource
BMG-02767,PHA-SYL,MED-CAR,0.001,1300,0.005,0.0065,1.2935,sample_return_phase_supported,trace presence is not recoverable resource
BMG-02768,PHA-SYL,MED-CAR,0.001,1300,0.01,0.013,1.287,sample_return_phase_supported,trace presence is not recoverable resource
BMG-02769,PHA-SYL,MED-CAR,0.001,1300,0.05,0.065,1.235,sample_return_phase_supported,trace presence is not recoverable resource
BMG-02770,PHA-SYL,MED-CAR,0.001,1300,0.1,0.13,1.17,sample_return_phase_supported,trace presence is not recoverable resource
BMG-02771,PHA-SYL,MED-CAR,0.001,1300,0.25,0.325,0.975,sample_return_phase_supported,trace presence is not recoverable resource
BMG-02772,PHA-SYL,MED-CAR,0.001,1300,0.5,0.65,0.65,sample_return_phase_supported,trace presence is not recoverable resource
BMG-02773,PHA-SYL,MED-MET,0.001,2300,0.001,0.0023,2.2977,sample_return_phase_supported,trace presence is not recoverable resource
BMG-02774,PHA-SYL,MED-MET,0.001,2300,0.005,0.0115,2.2885,sample_return_phase_supported,trace presence is not recoverable resource
BMG-02775,PHA-SYL,MED-MET,0.001,2300,0.01,0.023,2.277,sample_return_phase_supported,trace presence is not recoverable resource
BMG-02776,PHA-SYL,MED-MET,0.001,2300,0.05,0.115,2.185,sample_return_phase_supported,trace presence is not recoverable resource
BMG-02777,PHA-SYL,MED-MET,0.001,2300,0.1,0.23,2.07,sample_return_phase_supported,trace presence is not recoverable resource
BMG-02778,PHA-SYL,MED-MET,0.001,2300,0.25,0.575,1.725,sample_return_phase_supported,trace presence is not recoverable resource
BMG-02779,PHA-SYL,MED-MET,0.001,2300,0.5,1.15,1.15,sample_return_phase_supported,trace presence is not recoverable resource
BMG-02780,PHA-SYL,MED-ANT,0.001,1500,0.001,0.0015,1.4985,sample_return_phase_supported,trace presence is not recoverable resource
BMG-02781,PHA-SYL,MED-ANT,0.001,1500,0.005,0.0075,1.4925,sample_return_phase_supported,trace presence is not recoverable resource
BMG-02782,PHA-SYL,MED-ANT,0.001,1500,0.01,0.015,1.485,sample_return_phase_supported,trace presence is not recoverable resource
BMG-02783,PHA-SYL,MED-ANT,0.001,1500,0.05,0.075,1.425,sample_return_phase_supported,trace presence is not recoverable resource
BMG-02784,PHA-SYL,MED-ANT,0.001,1500,0.1,0.15,1.35,sample_return_phase_supported,trace presence is not recoverable resource
BMG-02785,PHA-SYL,MED-ANT,0.001,1500,0.25,0.375,1.125,sample_return_phase_supported,trace presence is not recoverable resource
BMG-02786,PHA-SYL,MED-ANT,0.001,1500,0.5,0.75,0.75,sample_return_phase_supported,trace presence is not recoverable resource
BMG-02787,PHA-SYL,MED-GLS,0.001,1550,0.001,0.00155,1.54845,sample_return_phase_supported,trace presence is not recoverable resource
BMG-02788,PHA-SYL,MED-GLS,0.001,1550,0.005,0.00775,1.54225,sample_return_phase_supported,trace presence is not recoverable resource
BMG-02789,PHA-SYL,MED-GLS,0.001,1550,0.01,0.0155,1.5345,sample_return_phase_supported,trace presence is not recoverable resource
BMG-02790,PHA-SYL,MED-GLS,0.001,1550,0.05,0.0775,1.4725,sample_return_phase_supported,trace presence is not recoverable resource
BMG-02791,PHA-SYL,MED-GLS,0.001,1550,0.1,0.155,1.395,sample_return_phase_supported,trace presence is not recoverable resource
BMG-02792,PHA-SYL,MED-GLS,0.001,1550,0.25,0.3875,1.1625,sample_return_phase_supported,trace presence is not recoverable resource
BMG-02793,PHA-SYL,MED-GLS,0.001,1550,0.5,0.775,0.775,sample_return_phase_supported,trace presence is not recoverable resource
BMG-02794,PHA-SYL,MED-ICY,0.001,900,0.001,0.0009,0.8991,sample_return_phase_supported,trace presence is not recoverable resource
BMG-02795,PHA-SYL,MED-ICY,0.001,900,0.005,0.0045,0.8955,sample_return_phase_supported,trace presence is not recoverable resource
BMG-02796,PHA-SYL,MED-ICY,0.001,900,0.01,0.009,0.891,sample_return_phase_supported,trace presence is not recoverable resource
BMG-02797,PHA-SYL,MED-ICY,0.001,900,0.05,0.045,0.855,sample_return_phase_supported,trace presence is not recoverable resource
BMG-02798,PHA-SYL,MED-ICY,0.001,900,0.1,0.09,0.81,sample_return_phase_supported,trace presence is not recoverable resource
BMG-02799,PHA-SYL,MED-ICY,0.001,900,0.25,0.225,0.675,sample_return_phase_supported,trace presence is not recoverable resource
BMG-02800,PHA-SYL,MED-ICY,0.001,900,0.5,0.45,0.45,sample_return_phase_supported,trace presence is not recoverable resource
BMG-02801,MIX-BAS,MED-GRV,0.001,1600,0.001,0.0016,1.5984,mixture_screening_assumption,assay mix before use
BMG-02802,MIX-BAS,MED-GRV,0.001,1600,0.005,0.008,1.592,mixture_screening_assumption,assay mix before use
BMG-02803,MIX-BAS,MED-GRV,0.001,1600,0.01,0.016,1.584,mixture_screening_assumption,assay mix before use
BMG-02804,MIX-BAS,MED-GRV,0.001,1600,0.05,0.08,1.52,mixture_screening_assumption,assay mix before use
BMG-02805,MIX-BAS,MED-GRV,0.001,1600,0.1,0.16,1.44,mixture_screening_assumption,assay mix before use
BMG-02806,MIX-BAS,MED-GRV,0.001,1600,0.25,0.4,1.2,mixture_screening_assumption,assay mix before use
BMG-02807,MIX-BAS,MED-GRV,0.001,1600,0.5,0.8,0.8,mixture_screening_assumption,assay mix before use
BMG-02808,MIX-BAS,MED-SND,0.001,1650,0.001,0.00165,1.64835,mixture_screening_assumption,assay mix before use
BMG-02809,MIX-BAS,MED-SND,0.001,1650,0.005,0.00825,1.64175,mixture_screening_assumption,assay mix before use
BMG-02810,MIX-BAS,MED-SND,0.001,1650,0.01,0.0165,1.6335,mixture_screening_assumption,assay mix before use
BMG-02811,MIX-BAS,MED-SND,0.001,1650,0.05,0.0825,1.5675,mixture_screening_assumption,assay mix before use
BMG-02812,MIX-BAS,MED-SND,0.001,1650,0.1,0.165,1.485,mixture_screening_assumption,assay mix before use
BMG-02813,MIX-BAS,MED-SND,0.001,1650,0.25,0.4125,1.2375,mixture_screening_assumption,assay mix before use
BMG-02814,MIX-BAS,MED-SND,0.001,1650,0.5,0.825,0.825,mixture_screening_assumption,assay mix before use
BMG-02815,MIX-BAS,MED-CLY,0.001,1800,0.001,0.0018,1.7982,mixture_screening_assumption,assay mix before use
BMG-02816,MIX-BAS,MED-CLY,0.001,1800,0.005,0.009,1.791,mixture_screening_assumption,assay mix before use
BMG-02817,MIX-BAS,MED-CLY,0.001,1800,0.01,0.018,1.782,mixture_screening_assumption,assay mix before use
BMG-02818,MIX-BAS,MED-CLY,0.001,1800,0.05,0.09,1.71,mixture_screening_assumption,assay mix before use
BMG-02819,MIX-BAS,MED-CLY,0.001,1800,0.1,0.18,1.62,mixture_screening_assumption,assay mix before use
BMG-02820,MIX-BAS,MED-CLY,0.001,1800,0.25,0.45,1.35,mixture_screening_assumption,assay mix before use
BMG-02821,MIX-BAS,MED-CLY,0.001,1800,0.5,0.9,0.9,mixture_screening_assumption,assay mix before use
BMG-02822,MIX-BAS,MED-BCL,0.001,1900,0.001,0.0019,1.8981,mixture_screening_assumption,assay mix before use
BMG-02823,MIX-BAS,MED-BCL,0.001,1900,0.005,0.0095,1.8905,mixture_screening_assumption,assay mix before use
BMG-02824,MIX-BAS,MED-BCL,0.001,1900,0.01,0.019,1.881,mixture_screening_assumption,assay mix before use
BMG-02825,MIX-BAS,MED-BCL,0.001,1900,0.05,0.095,1.805,mixture_screening_assumption,assay mix before use
BMG-02826,MIX-BAS,MED-BCL,0.001,1900,0.1,0.19,1.71,mixture_screening_assumption,assay mix before use
BMG-02827,MIX-BAS,MED-BCL,0.001,1900,0.25,0.475,1.425,mixture_screening_assumption,assay mix before use
BMG-02828,MIX-BAS,MED-BCL,0.001,1900,0.5,0.95,0.95,mixture_screening_assumption,assay mix before use
BMG-02829,MIX-BAS,MED-BAS,0.001,1700,0.001,0.0017,1.6983,mixture_screening_assumption,assay mix before use
BMG-02830,MIX-BAS,MED-BAS,0.001,1700,0.005,0.0085,1.6915,mixture_screening_assumption,assay mix before use
BMG-02831,MIX-BAS,MED-BAS,0.001,1700,0.01,0.017,1.683,mixture_screening_assumption,assay mix before use
BMG-02832,MIX-BAS,MED-BAS,0.001,1700,0.05,0.085,1.615,mixture_screening_assumption,assay mix before use
BMG-02833,MIX-BAS,MED-BAS,0.001,1700,0.1,0.17,1.53,mixture_screening_assumption,assay mix before use
BMG-02834,MIX-BAS,MED-BAS,0.001,1700,0.25,0.425,1.275,mixture_screening_assumption,assay mix before use
BMG-02835,MIX-BAS,MED-BAS,0.001,1700,0.5,0.85,0.85,mixture_screening_assumption,assay mix before use
BMG-02836,MIX-BAS,MED-CAR,0.001,1300,0.001,0.0013,1.2987,mixture_screening_assumption,assay mix before use
BMG-02837,MIX-BAS,MED-CAR,0.001,1300,0.005,0.0065,1.2935,mixture_screening_assumption,assay mix before use
BMG-02838,MIX-BAS,MED-CAR,0.001,1300,0.01,0.013,1.287,mixture_screening_assumption,assay mix before use
BMG-02839,MIX-BAS,MED-CAR,0.001,1300,0.05,0.065,1.235,mixture_screening_assumption,assay mix before use
BMG-02840,MIX-BAS,MED-CAR,0.001,1300,0.1,0.13,1.17,mixture_screening_assumption,assay mix before use
BMG-02841,MIX-BAS,MED-CAR,0.001,1300,0.25,0.325,0.975,mixture_screening_assumption,assay mix before use
BMG-02842,MIX-BAS,MED-CAR,0.001,1300,0.5,0.65,0.65,mixture_screening_assumption,assay mix before use
BMG-02843,MIX-BAS,MED-MET,0.001,2300,0.001,0.0023,2.2977,mixture_screening_assumption,assay mix before use
BMG-02844,MIX-BAS,MED-MET,0.001,2300,0.005,0.0115,2.2885,mixture_screening_assumption,assay mix before use
BMG-02845,MIX-BAS,MED-MET,0.001,2300,0.01,0.023,2.277,mixture_screening_assumption,assay mix before use
BMG-02846,MIX-BAS,MED-MET,0.001,2300,0.05,0.115,2.185,mixture_screening_assumption,assay mix before use
BMG-02847,MIX-BAS,MED-MET,0.001,2300,0.1,0.23,2.07,mixture_screening_assumption,assay mix before use
BMG-02848,MIX-BAS,MED-MET,0.001,2300,0.25,0.575,1.725,mixture_screening_assumption,assay mix before use
BMG-02849,MIX-BAS,MED-MET,0.001,2300,0.5,1.15,1.15,mixture_screening_assumption,assay mix before use
BMG-02850,MIX-BAS,MED-ANT,0.001,1500,0.001,0.0015,1.4985,mixture_screening_assumption,assay mix before use
BMG-02851,MIX-BAS,MED-ANT,0.001,1500,0.005,0.0075,1.4925,mixture_screening_assumption,assay mix before use
BMG-02852,MIX-BAS,MED-ANT,0.001,1500,0.01,0.015,1.485,mixture_screening_assumption,assay mix before use
BMG-02853,MIX-BAS,MED-ANT,0.001,1500,0.05,0.075,1.425,mixture_screening_assumption,assay mix before use
BMG-02854,MIX-BAS,MED-ANT,0.001,1500,0.1,0.15,1.35,mixture_screening_assumption,assay mix before use
BMG-02855,MIX-BAS,MED-ANT,0.001,1500,0.25,0.375,1.125,mixture_screening_assumption,assay mix before use
BMG-02856,MIX-BAS,MED-ANT,0.001,1500,0.5,0.75,0.75,mixture_screening_assumption,assay mix before use
BMG-02857,MIX-BAS,MED-GLS,0.001,1550,0.001,0.00155,1.54845,mixture_screening_assumption,assay mix before use
BMG-02858,MIX-BAS,MED-GLS,0.001,1550,0.005,0.00775,1.54225,mixture_screening_assumption,assay mix before use
BMG-02859,MIX-BAS,MED-GLS,0.001,1550,0.01,0.0155,1.5345,mixture_screening_assumption,assay mix before use
BMG-02860,MIX-BAS,MED-GLS,0.001,1550,0.05,0.0775,1.4725,mixture_screening_assumption,assay mix before use
BMG-02861,MIX-BAS,MED-GLS,0.001,1550,0.1,0.155,1.395,mixture_screening_assumption,assay mix before use
BMG-02862,MIX-BAS,MED-GLS,0.001,1550,0.25,0.3875,1.1625,mixture_screening_assumption,assay mix before use
BMG-02863,MIX-BAS,MED-GLS,0.001,1550,0.5,0.775,0.775,mixture_screening_assumption,assay mix before use
BMG-02864,MIX-BAS,MED-ICY,0.001,900,0.001,0.0009,0.8991,mixture_screening_assumption,assay mix before use
BMG-02865,MIX-BAS,MED-ICY,0.001,900,0.005,0.0045,0.8955,mixture_screening_assumption,assay mix before use
BMG-02866,MIX-BAS,MED-ICY,0.001,900,0.01,0.009,0.891,mixture_screening_assumption,assay mix before use
BMG-02867,MIX-BAS,MED-ICY,0.001,900,0.05,0.045,0.855,mixture_screening_assumption,assay mix before use
BMG-02868,MIX-BAS,MED-ICY,0.001,900,0.1,0.09,0.81,mixture_screening_assumption,assay mix before use
BMG-02869,MIX-BAS,MED-ICY,0.001,900,0.25,0.225,0.675,mixture_screening_assumption,assay mix before use
BMG-02870,MIX-BAS,MED-ICY,0.001,900,0.5,0.45,0.45,mixture_screening_assumption,assay mix before use
BMG-02871,CTL-GLS,MED-GRV,0.001,1600,0.001,0.0016,1.5984,lab_control,calibration certificate required
BMG-02872,CTL-GLS,MED-GRV,0.001,1600,0.005,0.008,1.592,lab_control,calibration certificate required
BMG-02873,CTL-GLS,MED-GRV,0.001,1600,0.01,0.016,1.584,lab_control,calibration certificate required
BMG-02874,CTL-GLS,MED-GRV,0.001,1600,0.05,0.08,1.52,lab_control,calibration certificate required
BMG-02875,CTL-GLS,MED-GRV,0.001,1600,0.1,0.16,1.44,lab_control,calibration certificate required
BMG-02876,CTL-GLS,MED-GRV,0.001,1600,0.25,0.4,1.2,lab_control,calibration certificate required
BMG-02877,CTL-GLS,MED-GRV,0.001,1600,0.5,0.8,0.8,lab_control,calibration certificate required
BMG-02878,CTL-GLS,MED-SND,0.001,1650,0.001,0.00165,1.64835,lab_control,calibration certificate required
BMG-02879,CTL-GLS,MED-SND,0.001,1650,0.005,0.00825,1.64175,lab_control,calibration certificate required
BMG-02880,CTL-GLS,MED-SND,0.001,1650,0.01,0.0165,1.6335,lab_control,calibration certificate required
BMG-02881,CTL-GLS,MED-SND,0.001,1650,0.05,0.0825,1.5675,lab_control,calibration certificate required
BMG-02882,CTL-GLS,MED-SND,0.001,1650,0.1,0.165,1.485,lab_control,calibration certificate required
BMG-02883,CTL-GLS,MED-SND,0.001,1650,0.25,0.4125,1.2375,lab_control,calibration certificate required
BMG-02884,CTL-GLS,MED-SND,0.001,1650,0.5,0.825,0.825,lab_control,calibration certificate required
BMG-02885,CTL-GLS,MED-CLY,0.001,1800,0.001,0.0018,1.7982,lab_control,calibration certificate required
BMG-02886,CTL-GLS,MED-CLY,0.001,1800,0.005,0.009,1.791,lab_control,calibration certificate required
BMG-02887,CTL-GLS,MED-CLY,0.001,1800,0.01,0.018,1.782,lab_control,calibration certificate required
BMG-02888,CTL-GLS,MED-CLY,0.001,1800,0.05,0.09,1.71,lab_control,calibration certificate required
BMG-02889,CTL-GLS,MED-CLY,0.001,1800,0.1,0.18,1.62,lab_control,calibration certificate required
BMG-02890,CTL-GLS,MED-CLY,0.001,1800,0.25,0.45,1.35,lab_control,calibration certificate required
BMG-02891,CTL-GLS,MED-CLY,0.001,1800,0.5,0.9,0.9,lab_control,calibration certificate required
BMG-02892,CTL-GLS,MED-BCL,0.001,1900,0.001,0.0019,1.8981,lab_control,calibration certificate required
BMG-02893,CTL-GLS,MED-BCL,0.001,1900,0.005,0.0095,1.8905,lab_control,calibration certificate required
BMG-02894,CTL-GLS,MED-BCL,0.001,1900,0.01,0.019,1.881,lab_control,calibration certificate required
BMG-02895,CTL-GLS,MED-BCL,0.001,1900,0.05,0.095,1.805,lab_control,calibration certificate required
BMG-02896,CTL-GLS,MED-BCL,0.001,1900,0.1,0.19,1.71,lab_control,calibration certificate required
BMG-02897,CTL-GLS,MED-BCL,0.001,1900,0.25,0.475,1.425,lab_control,calibration certificate required
BMG-02898,CTL-GLS,MED-BCL,0.001,1900,0.5,0.95,0.95,lab_control,calibration certificate required
BMG-02899,CTL-GLS,MED-BAS,0.001,1700,0.001,0.0017,1.6983,lab_control,calibration certificate required
BMG-02900,CTL-GLS,MED-BAS,0.001,1700,0.005,0.0085,1.6915,lab_control,calibration certificate required
BMG-02901,CTL-GLS,MED-BAS,0.001,1700,0.01,0.017,1.683,lab_control,calibration certificate required
BMG-02902,CTL-GLS,MED-BAS,0.001,1700,0.05,0.085,1.615,lab_control,calibration certificate required
BMG-02903,CTL-GLS,MED-BAS,0.001,1700,0.1,0.17,1.53,lab_control,calibration certificate required
BMG-02904,CTL-GLS,MED-BAS,0.001,1700,0.25,0.425,1.275,lab_control,calibration certificate required
BMG-02905,CTL-GLS,MED-BAS,0.001,1700,0.5,0.85,0.85,lab_control,calibration certificate required
BMG-02906,CTL-GLS,MED-CAR,0.001,1300,0.001,0.0013,1.2987,lab_control,calibration certificate required
BMG-02907,CTL-GLS,MED-CAR,0.001,1300,0.005,0.0065,1.2935,lab_control,calibration certificate required
BMG-02908,CTL-GLS,MED-CAR,0.001,1300,0.01,0.013,1.287,lab_control,calibration certificate required
BMG-02909,CTL-GLS,MED-CAR,0.001,1300,0.05,0.065,1.235,lab_control,calibration certificate required
BMG-02910,CTL-GLS,MED-CAR,0.001,1300,0.1,0.13,1.17,lab_control,calibration certificate required
BMG-02911,CTL-GLS,MED-CAR,0.001,1300,0.25,0.325,0.975,lab_control,calibration certificate required
BMG-02912,CTL-GLS,MED-CAR,0.001,1300,0.5,0.65,0.65,lab_control,calibration certificate required
BMG-02913,CTL-GLS,MED-MET,0.001,2300,0.001,0.0023,2.2977,lab_control,calibration certificate required
BMG-02914,CTL-GLS,MED-MET,0.001,2300,0.005,0.0115,2.2885,lab_control,calibration certificate required
BMG-02915,CTL-GLS,MED-MET,0.001,2300,0.01,0.023,2.277,lab_control,calibration certificate required
BMG-02916,CTL-GLS,MED-MET,0.001,2300,0.05,0.115,2.185,lab_control,calibration certificate required
BMG-02917,CTL-GLS,MED-MET,0.001,2300,0.1,0.23,2.07,lab_control,calibration certificate required
BMG-02918,CTL-GLS,MED-MET,0.001,2300,0.25,0.575,1.725,lab_control,calibration certificate required
BMG-02919,CTL-GLS,MED-MET,0.001,2300,0.5,1.15,1.15,lab_control,calibration certificate required
BMG-02920,CTL-GLS,MED-ANT,0.001,1500,0.001,0.0015,1.4985,lab_control,calibration certificate required
BMG-02921,CTL-GLS,MED-ANT,0.001,1500,0.005,0.0075,1.4925,lab_control,calibration certificate required
BMG-02922,CTL-GLS,MED-ANT,0.001,1500,0.01,0.015,1.485,lab_control,calibration certificate required
BMG-02923,CTL-GLS,MED-ANT,0.001,1500,0.05,0.075,1.425,lab_control,calibration certificate required
BMG-02924,CTL-GLS,MED-ANT,0.001,1500,0.1,0.15,1.35,lab_control,calibration certificate required
BMG-02925,CTL-GLS,MED-ANT,0.001,1500,0.25,0.375,1.125,lab_control,calibration certificate required
BMG-02926,CTL-GLS,MED-ANT,0.001,1500,0.5,0.75,0.75,lab_control,calibration certificate required
BMG-02927,CTL-GLS,MED-GLS,0.001,1550,0.001,0.00155,1.54845,lab_control,calibration certificate required
BMG-02928,CTL-GLS,MED-GLS,0.001,1550,0.005,0.00775,1.54225,lab_control,calibration certificate required
BMG-02929,CTL-GLS,MED-GLS,0.001,1550,0.01,0.0155,1.5345,lab_control,calibration certificate required
BMG-02930,CTL-GLS,MED-GLS,0.001,1550,0.05,0.0775,1.4725,lab_control,calibration certificate required
BMG-02931,CTL-GLS,MED-GLS,0.001,1550,0.1,0.155,1.395,lab_control,calibration certificate required
BMG-02932,CTL-GLS,MED-GLS,0.001,1550,0.25,0.3875,1.1625,lab_control,calibration certificate required
BMG-02933,CTL-GLS,MED-GLS,0.001,1550,0.5,0.775,0.775,lab_control,calibration certificate required
BMG-02934,CTL-GLS,MED-ICY,0.001,900,0.001,0.0009,0.8991,lab_control,calibration certificate required
BMG-02935,CTL-GLS,MED-ICY,0.001,900,0.005,0.0045,0.8955,lab_control,calibration certificate required
BMG-02936,CTL-GLS,MED-ICY,0.001,900,0.01,0.009,0.891,lab_control,calibration certificate required
BMG-02937,CTL-GLS,MED-ICY,0.001,900,0.05,0.045,0.855,lab_control,calibration certificate required
BMG-02938,CTL-GLS,MED-ICY,0.001,900,0.1,0.09,0.81,lab_control,calibration certificate required
BMG-02939,CTL-GLS,MED-ICY,0.001,900,0.25,0.225,0.675,lab_control,calibration certificate required
BMG-02940,CTL-GLS,MED-ICY,0.001,900,0.5,0.45,0.45,lab_control,calibration certificate required
BMG-02941,CTL-ALU,MED-GRV,0.001,1600,0.001,0.0016,1.5984,lab_control,grade certificate required
BMG-02942,CTL-ALU,MED-GRV,0.001,1600,0.005,0.008,1.592,lab_control,grade certificate required
BMG-02943,CTL-ALU,MED-GRV,0.001,1600,0.01,0.016,1.584,lab_control,grade certificate required
BMG-02944,CTL-ALU,MED-GRV,0.001,1600,0.05,0.08,1.52,lab_control,grade certificate required
BMG-02945,CTL-ALU,MED-GRV,0.001,1600,0.1,0.16,1.44,lab_control,grade certificate required
BMG-02946,CTL-ALU,MED-GRV,0.001,1600,0.25,0.4,1.2,lab_control,grade certificate required
BMG-02947,CTL-ALU,MED-GRV,0.001,1600,0.5,0.8,0.8,lab_control,grade certificate required
BMG-02948,CTL-ALU,MED-SND,0.001,1650,0.001,0.00165,1.64835,lab_control,grade certificate required
BMG-02949,CTL-ALU,MED-SND,0.001,1650,0.005,0.00825,1.64175,lab_control,grade certificate required
BMG-02950,CTL-ALU,MED-SND,0.001,1650,0.01,0.0165,1.6335,lab_control,grade certificate required
BMG-02951,CTL-ALU,MED-SND,0.001,1650,0.05,0.0825,1.5675,lab_control,grade certificate required
BMG-02952,CTL-ALU,MED-SND,0.001,1650,0.1,0.165,1.485,lab_control,grade certificate required
BMG-02953,CTL-ALU,MED-SND,0.001,1650,0.25,0.4125,1.2375,lab_control,grade certificate required
BMG-02954,CTL-ALU,MED-SND,0.001,1650,0.5,0.825,0.825,lab_control,grade certificate required
BMG-02955,CTL-ALU,MED-CLY,0.001,1800,0.001,0.0018,1.7982,lab_control,grade certificate required
BMG-02956,CTL-ALU,MED-CLY,0.001,1800,0.005,0.009,1.791,lab_control,grade certificate required
BMG-02957,CTL-ALU,MED-CLY,0.001,1800,0.01,0.018,1.782,lab_control,grade certificate required
BMG-02958,CTL-ALU,MED-CLY,0.001,1800,0.05,0.09,1.71,lab_control,grade certificate required
BMG-02959,CTL-ALU,MED-CLY,0.001,1800,0.1,0.18,1.62,lab_control,grade certificate required
BMG-02960,CTL-ALU,MED-CLY,0.001,1800,0.25,0.45,1.35,lab_control,grade certificate required
BMG-02961,CTL-ALU,MED-CLY,0.001,1800,0.5,0.9,0.9,lab_control,grade certificate required
BMG-02962,CTL-ALU,MED-BCL,0.001,1900,0.001,0.0019,1.8981,lab_control,grade certificate required
BMG-02963,CTL-ALU,MED-BCL,0.001,1900,0.005,0.0095,1.8905,lab_control,grade certificate required
BMG-02964,CTL-ALU,MED-BCL,0.001,1900,0.01,0.019,1.881,lab_control,grade certificate required
BMG-02965,CTL-ALU,MED-BCL,0.001,1900,0.05,0.095,1.805,lab_control,grade certificate required
BMG-02966,CTL-ALU,MED-BCL,0.001,1900,0.1,0.19,1.71,lab_control,grade certificate required
BMG-02967,CTL-ALU,MED-BCL,0.001,1900,0.25,0.475,1.425,lab_control,grade certificate required
BMG-02968,CTL-ALU,MED-BCL,0.001,1900,0.5,0.95,0.95,lab_control,grade certificate required
BMG-02969,CTL-ALU,MED-BAS,0.001,1700,0.001,0.0017,1.6983,lab_control,grade certificate required
BMG-02970,CTL-ALU,MED-BAS,0.001,1700,0.005,0.0085,1.6915,lab_control,grade certificate required
BMG-02971,CTL-ALU,MED-BAS,0.001,1700,0.01,0.017,1.683,lab_control,grade certificate required
BMG-02972,CTL-ALU,MED-BAS,0.001,1700,0.05,0.085,1.615,lab_control,grade certificate required
BMG-02973,CTL-ALU,MED-BAS,0.001,1700,0.1,0.17,1.53,lab_control,grade certificate required
BMG-02974,CTL-ALU,MED-BAS,0.001,1700,0.25,0.425,1.275,lab_control,grade certificate required
BMG-02975,CTL-ALU,MED-BAS,0.001,1700,0.5,0.85,0.85,lab_control,grade certificate required
BMG-02976,CTL-ALU,MED-CAR,0.001,1300,0.001,0.0013,1.2987,lab_control,grade certificate required
BMG-02977,CTL-ALU,MED-CAR,0.001,1300,0.005,0.0065,1.2935,lab_control,grade certificate required
BMG-02978,CTL-ALU,MED-CAR,0.001,1300,0.01,0.013,1.287,lab_control,grade certificate required
BMG-02979,CTL-ALU,MED-CAR,0.001,1300,0.05,0.065,1.235,lab_control,grade certificate required
BMG-02980,CTL-ALU,MED-CAR,0.001,1300,0.1,0.13,1.17,lab_control,grade certificate required
BMG-02981,CTL-ALU,MED-CAR,0.001,1300,0.25,0.325,0.975,lab_control,grade certificate required
BMG-02982,CTL-ALU,MED-CAR,0.001,1300,0.5,0.65,0.65,lab_control,grade certificate required
BMG-02983,CTL-ALU,MED-MET,0.001,2300,0.001,0.0023,2.2977,lab_control,grade certificate required
BMG-02984,CTL-ALU,MED-MET,0.001,2300,0.005,0.0115,2.2885,lab_control,grade certificate required
BMG-02985,CTL-ALU,MED-MET,0.001,2300,0.01,0.023,2.277,lab_control,grade certificate required
BMG-02986,CTL-ALU,MED-MET,0.001,2300,0.05,0.115,2.185,lab_control,grade certificate required
BMG-02987,CTL-ALU,MED-MET,0.001,2300,0.1,0.23,2.07,lab_control,grade certificate required
BMG-02988,CTL-ALU,MED-MET,0.001,2300,0.25,0.575,1.725,lab_control,grade certificate required
BMG-02989,CTL-ALU,MED-MET,0.001,2300,0.5,1.15,1.15,lab_control,grade certificate required
BMG-02990,CTL-ALU,MED-ANT,0.001,1500,0.001,0.0015,1.4985,lab_control,grade certificate required
BMG-02991,CTL-ALU,MED-ANT,0.001,1500,0.005,0.0075,1.4925,lab_control,grade certificate required
BMG-02992,CTL-ALU,MED-ANT,0.001,1500,0.01,0.015,1.485,lab_control,grade certificate required
BMG-02993,CTL-ALU,MED-ANT,0.001,1500,0.05,0.075,1.425,lab_control,grade certificate required
BMG-02994,CTL-ALU,MED-ANT,0.001,1500,0.1,0.15,1.35,lab_control,grade certificate required
BMG-02995,CTL-ALU,MED-ANT,0.001,1500,0.25,0.375,1.125,lab_control,grade certificate required
BMG-02996,CTL-ALU,MED-ANT,0.001,1500,0.5,0.75,0.75,lab_control,grade certificate required
BMG-02997,CTL-ALU,MED-GLS,0.001,1550,0.001,0.00155,1.54845,lab_control,grade certificate required
BMG-02998,CTL-ALU,MED-GLS,0.001,1550,0.005,0.00775,1.54225,lab_control,grade certificate required
BMG-02999,CTL-ALU,MED-GLS,0.001,1550,0.01,0.0155,1.5345,lab_control,grade certificate required
BMG-03000,CTL-ALU,MED-GLS,0.001,1550,0.05,0.0775,1.4725,lab_control,grade certificate required
BMG-03001,CTL-ALU,MED-GLS,0.001,1550,0.1,0.155,1.395,lab_control,grade certificate required
BMG-03002,CTL-ALU,MED-GLS,0.001,1550,0.25,0.3875,1.1625,lab_control,grade certificate required
BMG-03003,CTL-ALU,MED-GLS,0.001,1550,0.5,0.775,0.775,lab_control,grade certificate required
BMG-03004,CTL-ALU,MED-ICY,0.001,900,0.001,0.0009,0.8991,lab_control,grade certificate required
BMG-03005,CTL-ALU,MED-ICY,0.001,900,0.005,0.0045,0.8955,lab_control,grade certificate required
BMG-03006,CTL-ALU,MED-ICY,0.001,900,0.01,0.009,0.891,lab_control,grade certificate required
BMG-03007,CTL-ALU,MED-ICY,0.001,900,0.05,0.045,0.855,lab_control,grade certificate required
BMG-03008,CTL-ALU,MED-ICY,0.001,900,0.1,0.09,0.81,lab_control,grade certificate required
BMG-03009,CTL-ALU,MED-ICY,0.001,900,0.25,0.225,0.675,lab_control,grade certificate required
BMG-03010,CTL-ALU,MED-ICY,0.001,900,0.5,0.45,0.45,lab_control,grade certificate required
BMG-03011,CTL-CLY,MED-GRV,0.001,1600,0.001,0.0016,1.5984,project_matrix_control,clay mineralogy and moisture required
BMG-03012,CTL-CLY,MED-GRV,0.001,1600,0.005,0.008,1.592,project_matrix_control,clay mineralogy and moisture required
BMG-03013,CTL-CLY,MED-GRV,0.001,1600,0.01,0.016,1.584,project_matrix_control,clay mineralogy and moisture required
BMG-03014,CTL-CLY,MED-GRV,0.001,1600,0.05,0.08,1.52,project_matrix_control,clay mineralogy and moisture required
BMG-03015,CTL-CLY,MED-GRV,0.001,1600,0.1,0.16,1.44,project_matrix_control,clay mineralogy and moisture required
BMG-03016,CTL-CLY,MED-GRV,0.001,1600,0.25,0.4,1.2,project_matrix_control,clay mineralogy and moisture required
BMG-03017,CTL-CLY,MED-GRV,0.001,1600,0.5,0.8,0.8,project_matrix_control,clay mineralogy and moisture required
BMG-03018,CTL-CLY,MED-SND,0.001,1650,0.001,0.00165,1.64835,project_matrix_control,clay mineralogy and moisture required
BMG-03019,CTL-CLY,MED-SND,0.001,1650,0.005,0.00825,1.64175,project_matrix_control,clay mineralogy and moisture required
BMG-03020,CTL-CLY,MED-SND,0.001,1650,0.01,0.0165,1.6335,project_matrix_control,clay mineralogy and moisture required
BMG-03021,CTL-CLY,MED-SND,0.001,1650,0.05,0.0825,1.5675,project_matrix_control,clay mineralogy and moisture required
BMG-03022,CTL-CLY,MED-SND,0.001,1650,0.1,0.165,1.485,project_matrix_control,clay mineralogy and moisture required
BMG-03023,CTL-CLY,MED-SND,0.001,1650,0.25,0.4125,1.2375,project_matrix_control,clay mineralogy and moisture required
BMG-03024,CTL-CLY,MED-SND,0.001,1650,0.5,0.825,0.825,project_matrix_control,clay mineralogy and moisture required
BMG-03025,CTL-CLY,MED-CLY,0.001,1800,0.001,0.0018,1.7982,project_matrix_control,clay mineralogy and moisture required
BMG-03026,CTL-CLY,MED-CLY,0.001,1800,0.005,0.009,1.791,project_matrix_control,clay mineralogy and moisture required
BMG-03027,CTL-CLY,MED-CLY,0.001,1800,0.01,0.018,1.782,project_matrix_control,clay mineralogy and moisture required
BMG-03028,CTL-CLY,MED-CLY,0.001,1800,0.05,0.09,1.71,project_matrix_control,clay mineralogy and moisture required
BMG-03029,CTL-CLY,MED-CLY,0.001,1800,0.1,0.18,1.62,project_matrix_control,clay mineralogy and moisture required
BMG-03030,CTL-CLY,MED-CLY,0.001,1800,0.25,0.45,1.35,project_matrix_control,clay mineralogy and moisture required
BMG-03031,CTL-CLY,MED-CLY,0.001,1800,0.5,0.9,0.9,project_matrix_control,clay mineralogy and moisture required
BMG-03032,CTL-CLY,MED-BCL,0.001,1900,0.001,0.0019,1.8981,project_matrix_control,clay mineralogy and moisture required
BMG-03033,CTL-CLY,MED-BCL,0.001,1900,0.005,0.0095,1.8905,project_matrix_control,clay mineralogy and moisture required
BMG-03034,CTL-CLY,MED-BCL,0.001,1900,0.01,0.019,1.881,project_matrix_control,clay mineralogy and moisture required
BMG-03035,CTL-CLY,MED-BCL,0.001,1900,0.05,0.095,1.805,project_matrix_control,clay mineralogy and moisture required
BMG-03036,CTL-CLY,MED-BCL,0.001,1900,0.1,0.19,1.71,project_matrix_control,clay mineralogy and moisture required
BMG-03037,CTL-CLY,MED-BCL,0.001,1900,0.25,0.475,1.425,project_matrix_control,clay mineralogy and moisture required
BMG-03038,CTL-CLY,MED-BCL,0.001,1900,0.5,0.95,0.95,project_matrix_control,clay mineralogy and moisture required
BMG-03039,CTL-CLY,MED-BAS,0.001,1700,0.001,0.0017,1.6983,project_matrix_control,clay mineralogy and moisture required
BMG-03040,CTL-CLY,MED-BAS,0.001,1700,0.005,0.0085,1.6915,project_matrix_control,clay mineralogy and moisture required
BMG-03041,CTL-CLY,MED-BAS,0.001,1700,0.01,0.017,1.683,project_matrix_control,clay mineralogy and moisture required
BMG-03042,CTL-CLY,MED-BAS,0.001,1700,0.05,0.085,1.615,project_matrix_control,clay mineralogy and moisture required
BMG-03043,CTL-CLY,MED-BAS,0.001,1700,0.1,0.17,1.53,project_matrix_control,clay mineralogy and moisture required
BMG-03044,CTL-CLY,MED-BAS,0.001,1700,0.25,0.425,1.275,project_matrix_control,clay mineralogy and moisture required
BMG-03045,CTL-CLY,MED-BAS,0.001,1700,0.5,0.85,0.85,project_matrix_control,clay mineralogy and moisture required
BMG-03046,CTL-CLY,MED-CAR,0.001,1300,0.001,0.0013,1.2987,project_matrix_control,clay mineralogy and moisture required
BMG-03047,CTL-CLY,MED-CAR,0.001,1300,0.005,0.0065,1.2935,project_matrix_control,clay mineralogy and moisture required
BMG-03048,CTL-CLY,MED-CAR,0.001,1300,0.01,0.013,1.287,project_matrix_control,clay mineralogy and moisture required
BMG-03049,CTL-CLY,MED-CAR,0.001,1300,0.05,0.065,1.235,project_matrix_control,clay mineralogy and moisture required
BMG-03050,CTL-CLY,MED-CAR,0.001,1300,0.1,0.13,1.17,project_matrix_control,clay mineralogy and moisture required
BMG-03051,CTL-CLY,MED-CAR,0.001,1300,0.25,0.325,0.975,project_matrix_control,clay mineralogy and moisture required
BMG-03052,CTL-CLY,MED-CAR,0.001,1300,0.5,0.65,0.65,project_matrix_control,clay mineralogy and moisture required
BMG-03053,CTL-CLY,MED-MET,0.001,2300,0.001,0.0023,2.2977,project_matrix_control,clay mineralogy and moisture required
BMG-03054,CTL-CLY,MED-MET,0.001,2300,0.005,0.0115,2.2885,project_matrix_control,clay mineralogy and moisture required
BMG-03055,CTL-CLY,MED-MET,0.001,2300,0.01,0.023,2.277,project_matrix_control,clay mineralogy and moisture required
BMG-03056,CTL-CLY,MED-MET,0.001,2300,0.05,0.115,2.185,project_matrix_control,clay mineralogy and moisture required
BMG-03057,CTL-CLY,MED-MET,0.001,2300,0.1,0.23,2.07,project_matrix_control,clay mineralogy and moisture required
BMG-03058,CTL-CLY,MED-MET,0.001,2300,0.25,0.575,1.725,project_matrix_control,clay mineralogy and moisture required
BMG-03059,CTL-CLY,MED-MET,0.001,2300,0.5,1.15,1.15,project_matrix_control,clay mineralogy and moisture required
BMG-03060,CTL-CLY,MED-ANT,0.001,1500,0.001,0.0015,1.4985,project_matrix_control,clay mineralogy and moisture required
BMG-03061,CTL-CLY,MED-ANT,0.001,1500,0.005,0.0075,1.4925,project_matrix_control,clay mineralogy and moisture required
BMG-03062,CTL-CLY,MED-ANT,0.001,1500,0.01,0.015,1.485,project_matrix_control,clay mineralogy and moisture required
BMG-03063,CTL-CLY,MED-ANT,0.001,1500,0.05,0.075,1.425,project_matrix_control,clay mineralogy and moisture required
BMG-03064,CTL-CLY,MED-ANT,0.001,1500,0.1,0.15,1.35,project_matrix_control,clay mineralogy and moisture required
BMG-03065,CTL-CLY,MED-ANT,0.001,1500,0.25,0.375,1.125,project_matrix_control,clay mineralogy and moisture required
BMG-03066,CTL-CLY,MED-ANT,0.001,1500,0.5,0.75,0.75,project_matrix_control,clay mineralogy and moisture required
BMG-03067,CTL-CLY,MED-GLS,0.001,1550,0.001,0.00155,1.54845,project_matrix_control,clay mineralogy and moisture required
BMG-03068,CTL-CLY,MED-GLS,0.001,1550,0.005,0.00775,1.54225,project_matrix_control,clay mineralogy and moisture required
BMG-03069,CTL-CLY,MED-GLS,0.001,1550,0.01,0.0155,1.5345,project_matrix_control,clay mineralogy and moisture required
BMG-03070,CTL-CLY,MED-GLS,0.001,1550,0.05,0.0775,1.4725,project_matrix_control,clay mineralogy and moisture required
BMG-03071,CTL-CLY,MED-GLS,0.001,1550,0.1,0.155,1.395,project_matrix_control,clay mineralogy and moisture required
BMG-03072,CTL-CLY,MED-GLS,0.001,1550,0.25,0.3875,1.1625,project_matrix_control,clay mineralogy and moisture required
BMG-03073,CTL-CLY,MED-GLS,0.001,1550,0.5,0.775,0.775,project_matrix_control,clay mineralogy and moisture required
BMG-03074,CTL-CLY,MED-ICY,0.001,900,0.001,0.0009,0.8991,project_matrix_control,clay mineralogy and moisture required
BMG-03075,CTL-CLY,MED-ICY,0.001,900,0.005,0.0045,0.8955,project_matrix_control,clay mineralogy and moisture required
BMG-03076,CTL-CLY,MED-ICY,0.001,900,0.01,0.009,0.891,project_matrix_control,clay mineralogy and moisture required
BMG-03077,CTL-CLY,MED-ICY,0.001,900,0.05,0.045,0.855,project_matrix_control,clay mineralogy and moisture required
BMG-03078,CTL-CLY,MED-ICY,0.001,900,0.1,0.09,0.81,project_matrix_control,clay mineralogy and moisture required
BMG-03079,CTL-CLY,MED-ICY,0.001,900,0.25,0.225,0.675,project_matrix_control,clay mineralogy and moisture required
BMG-03080,CTL-CLY,MED-ICY,0.001,900,0.5,0.45,0.45,project_matrix_control,clay mineralogy and moisture required
